id,scimago_match_key,scimago_issn,scimago_eissn,Scimago_Title,SJR Best Quartile,Scimago_Categories,Scimago_Areas
1,1619-4500,1614-2411,1619-4500,4OR,Q1,Computational Theory and Mathematics (Q1); Management Information Systems (Q2); Management Science and Operations Research (Q2); Theoretical Computer Science (Q2),"Business, Management and Accounting; Computer Science; Decision Sciences; Mathematics"
2,,,,,,,
3,0001-3072,0001-3072,1467-6281,Abacus,Q2,Accounting (Q2),"Business, Management and Accounting"
4,1018-161X,1810-4851,1018-161X,Academia Economic Papers,Q4,"Economics, Econometrics and Finance (miscellaneous) (Q4)","Economics, Econometrics and Finance"
5,1941-6520,1941-6520,1941-6067,Academy of Management Annals,Q1,Business and International Management (Q1); Organizational Behavior and Human Resource Management (Q1),"Business, Management and Accounting"
6,2168-1007,2168-1007,,Academy of Management Discoveries,Q1,Business and International Management (Q1); Industrial Relations (Q1); Organizational Behavior and Human Resource Management (Q1); Strategy and Management (Q1),"Business, Management and Accounting"
7,0001-4273,0001-4273,,Academy of Management Journal,Q1,"Business and International Management (Q1); Business, Management and Accounting (miscellaneous) (Q1); Management of Technology and Innovation (Q1); Strategy and Management (Q1)","Business, Management and Accounting"
8,1537-260X,1537-260X,,Academy of Management Learning and Education,Q1,Education (Q1); Organizational Behavior and Human Resource Management (Q1),"Business, Management and Accounting; Social Sciences"
9,1558-9080,1558-9080,,Academy of Management Perspectives,Q1,Business and International Management (Q1); Marketing (Q1); Strategy and Management (Q1),"Business, Management and Accounting"
10,0363-7425,0363-7425,,Academy of Management Review,Q1,"Business, Management and Accounting (miscellaneous) (Q1); Management of Technology and Innovation (Q1); Strategy and Management (Q1)","Business, Management and Accounting"
11,,,,,,,
12,0001-4575,1879-2057,0001-4575,Accident Analysis and Prevention,Q1,"Human Factors and Ergonomics (Q1); Law (Q1); Public Health, Environmental and Occupational Health (Q1); Safety, Risk, Reliability and Quality (Q1); Transportation (Q1)",Engineering; Medicine; Social Sciences
13,,,,,,,
14,1519-7077,1808-057X,1519-7077,Revista Contabilidade e Financas,Q4,Accounting (Q4); Finance (Q4),"Business, Management and Accounting; Economics, Econometrics and Finance"
15,,,,,,,
16,0001-4788,2159-4260,0001-4788,Accounting and Business Research,Q1,Accounting (Q1); Finance (Q1),"Business, Management and Accounting; Economics, Econometrics and Finance"
17,0810-5391,1467-629X,0810-5391,Accounting and Finance,Q1,"Economics, Econometrics and Finance (miscellaneous) (Q1); Accounting (Q2); Finance (Q2)","Business, Management and Accounting; Economics, Econometrics and Finance"
18,,,,,,,
19,1530-9320,1530-9320,,Accounting and the Public Interest,Q4,Accounting (Q4),"Business, Management and Accounting"
20,0951-3574,0951-3574,,"Accounting, Auditing and Accountability Journal",Q1,"Accounting (Q1); Economics, Econometrics and Finance (miscellaneous) (Q1)","Business, Management and Accounting; Economics, Econometrics and Finance"
21,0963-9284,1468-4489,0963-9284,Accounting Education,Q1,Education (Q1); Accounting (Q2),"Business, Management and Accounting; Social Sciences"
22,,,,,,,
23,0155-9982,0155-9982,1467-6303,Accounting Forum,Q1,Accounting (Q1); Finance (Q1),"Business, Management and Accounting; Economics, Econometrics and Finance"
24,0148-4184,0148-4184,2327-4468,Accounting Historians Journal,Q1,History (Q1); Accounting (Q3),"Arts and Humanities; Business, Management and Accounting"
25,1032-3732,1032-3732,1749-3374,Accounting History,Q1,History (Q1); Accounting (Q3),"Arts and Humanities; Business, Management and Accounting"
26,2155-2851,2155-2851,2155-286X,Accounting History Review,Q2,"History (Q2); Accounting (Q4); Business, Management and Accounting (miscellaneous) (Q4)","Arts and Humanities; Business, Management and Accounting"
27,0888-7993,0888-7993,1558-7975,Accounting Horizons,Q1,Accounting (Q1),"Business, Management and Accounting"
28,1744-9480,1744-9499,1744-9480,Accounting in Europe,Q1,Accounting (Q1); Business and International Management (Q1); Finance (Q1),"Business, Management and Accounting; Economics, Econometrics and Finance"
29,1911-382X,1911-3838,1911-382X,Accounting Perspectives,Q2,Finance (Q2); Accounting (Q3),"Business, Management and Accounting; Economics, Econometrics and Finance"
30,1030-9616,1030-9616,,Accounting Research Journal,Q2,Accounting (Q2); Finance (Q2),"Business, Management and Accounting; Economics, Econometrics and Finance"
31,,,,,,,
32,2152-2820,2152-2820,,"Accounting, Economics and Law: A Convivium",Q1,"Law (Q1); Economics, Econometrics and Finance (miscellaneous) (Q2); Accounting (Q3)","Business, Management and Accounting; Economics, Econometrics and Finance; Social Sciences"
33,,,,,,,
34,0361-3682,0361-3682,,"Accounting, Organizations and Society",Q1,Accounting (Q1); Applied Psychology (Q1); Information Systems and Management (Q1); Organizational Behavior and Human Resource Management (Q1); Sociology and Political Science (Q1),"Business, Management and Accounting; Decision Sciences; Psychology; Social Sciences"
35,1046-8188,1046-8188,1558-2868,ACM Transactions on Information Systems,Q1,"Business, Management and Accounting (miscellaneous) (Q1); Computer Science Applications (Q1); Information Systems (Q1)","Business, Management and Accounting; Computer Science"
36,1049-3301,1558-1195,1049-3301,ACM Transactions on Modeling and Computer Simulation,Q2,Modeling and Simulation (Q2); Computer Science Applications (Q3),Computer Science; Mathematics
37,0001-6373,0001-6373,1588-2659,Acta Oeconomica,Q3,"Political Science and International Relations (Q3); Sociology and Political Science (Q3); Economics and Econometrics (Q4); Geography, Planning and Development (Q4)","Economics, Econometrics and Finance; Social Sciences"
38,0001-6918,1873-6297,0001-6918,Acta Psychologica,Q1,Arts and Humanities (miscellaneous) (Q1); Medicine (miscellaneous) (Q1); Developmental and Educational Psychology (Q2); Experimental and Cognitive Psychology (Q2),Arts and Humanities; Medicine; Psychology
39,0353-4316,1848-6061,0353-4316,Acta Turistica,Q3,"Economics, Econometrics and Finance (miscellaneous) (Q3); Geography, Planning and Development (Q4); Tourism, Leisure and Hospitality Management (Q4)","Business, Management and Accounting; Economics, Econometrics and Finance; Social Sciences"
40,,,,,,,
41,,,,,,,
42,1476-7333,1476-7341,1476-7333,Action Learning: Research and Practice,Q3,"Business, Management and Accounting (miscellaneous) (Q3); Education (Q3)","Business, Management and Accounting; Social Sciences"
43,1469-7874,1469-7874,1741-2625,Active Learning in Higher Education,Q1,Education (Q1),Social Sciences
44,,,,,,,
45,0065-1915,0065-1915,,Adelaide Law Review,Q4,Law (Q4),Social Sciences
46,0095-3997,0095-3997,1552-3039,Administration and Society,Q1,Public Administration (Q1); Sociology and Political Science (Q1); Marketing (Q2),"Business, Management and Accounting; Social Sciences"
47,0001-8392,0001-8392,1930-3815,Administrative Science Quarterly,Q1,Arts and Humanities (miscellaneous) (Q1); Public Administration (Q1); Sociology and Political Science (Q1),Arts and Humanities; Social Sciences
48,2076-3387,2076-3387,,Administrative Sciences,Q2,"Business, Management and Accounting (miscellaneous) (Q2)","Business, Management and Accounting"
49,1084-1806,1949-0461,1084-1806,Administrative Theory and Praxis,Q2,Sociology and Political Science (Q2); Business and International Management (Q3); Public Administration (Q3); Strategy and Management (Q3),"Business, Management and Accounting; Social Sciences"
50,,,,,,,
51,0882-6110,1046-5715,0882-6110,Advances in Accounting,Q2,Finance (Q2); Accounting (Q3),"Business, Management and Accounting; Economics, Econometrics and Finance"
52,1475-1488,1475-1488,,Advances in Accounting Behavioral Research,-,Accounting; Management Science and Operations Research,"Business, Management and Accounting; Decision Sciences"
53,1085-4622,1085-4622,,Advances in Accounting Education: Teaching and Curriculum Innovations,Q4,Business and International Management (Q4); Education (Q4),"Business, Management and Accounting; Social Sciences"
54,0001-8678,0001-8678,1475-6064,Advances in Applied Probability,Q2,Applied Mathematics (Q2); Statistics and Probability (Q2),Mathematics
55,0098-9258,0098-9258,,Advances in Consumer Research,Q4,Applied Psychology (Q4); Economics and Econometrics (Q4); Marketing (Q4),"Business, Management and Accounting; Economics, Econometrics and Finance; Psychology"
56,1523-4223,1552-3055,1523-4223,Advances in Developing Human Resources,Q2,Organizational Behavior and Human Resource Management (Q2),"Business, Management and Accounting"
57,1479-3598,1479-3598,,Advances in Environmental Accounting and Management,Q2,"Economics, Econometrics and Finance (miscellaneous) (Q2); Accounting (Q3); Management, Monitoring, Policy and Law (Q3)","Business, Management and Accounting; Economics, Econometrics and Finance; Environmental Science"
58,0065-2601,0065-2601,,Advances in Experimental Social Psychology,-,Social Psychology,Psychology
59,1745-3542,1745-3542,,Advances in Hospitality and Leisure,Q4,"Geography, Planning and Development (Q4); Tourism, Leisure and Hospitality Management (Q4)","Business, Management and Accounting; Social Sciences"
60,1571-5027,1571-5027,,Advances in International Management,-,Business and International Management,"Business, Management and Accounting"
61,1474-7979,1474-7979,,Advances in International Marketing,-,Business and International Management; Marketing,"Business, Management and Accounting"
62,1474-7871,1474-7871,,Advances in Management Accounting,-,"Accounting; Business, Management and Accounting (miscellaneous)","Business, Management and Accounting"
63,1041-7060,1041-7060,,Advances in Public Interest Accounting,-,Accounting; Sociology and Political Science,"Business, Management and Accounting; Social Sciences"
64,0742-3322,0742-3322,,Advances in Strategic Management,-,"Economics, Econometrics and Finance (miscellaneous); Strategy and Management","Business, Management and Accounting; Economics, Econometrics and Finance"
65,1058-7497,1058-7497,,Advances in Taxation,-,"Business, Management and Accounting (miscellaneous); Finance","Business, Management and Accounting; Economics, Econometrics and Finance"
66,,,,,,,
67,,,,,,,
68,0850-3907,0850-3907,,Africa Development/Afrique et Developpement,Q3,Political Science and International Relations (Q3); Sociology and Political Science (Q3); Development (Q4),Social Sciences
69,1017-6772,1467-8268,1017-6772,African Development Review,Q1,Development (Q1),Social Sciences
70,0145-2258,0145-2258,2163-9108,African Economic History,Q2,History (Q2); Economics and Econometrics (Q4),"Arts and Humanities; Economics, Econometrics and Finance"
71,,,,,,,
72,1993-3738,1993-3738,,African Journal of Agricultural and Resource Economics,Q3,Agricultural and Biological Sciences (miscellaneous) (Q3); Economics and Econometrics (Q4),"Agricultural and Biological Sciences; Economics, Econometrics and Finance"
73,1750-4554,1750-4554,1750-4562,African Journal of Business and Economic Research,Q4,Business and International Management (Q4); Economics and Econometrics (Q4),"Business, Management and Accounting; Economics, Econometrics and Finance"
74,2040-0705,2040-0713,2040-0705,African Journal of Economic and Management Studies,Q2,"Business, Management and Accounting (miscellaneous) (Q2); Economics, Econometrics and Finance (miscellaneous) (Q2)","Business, Management and Accounting; Economics, Econometrics and Finance"
75,,,,,,,
76,,,,,,,
77,0002-0397,1868-6869,0002-0397,Africa Spectrum,Q1,Cultural Studies (Q1); Development (Q2); Political Science and International Relations (Q2); Sociology and Political Science (Q2),Social Sciences
78,1751-6447,1751-6455,1751-6447,Afro-Asian Journal of Finance and Accounting,Q4,Accounting (Q4); Finance (Q4),"Business, Management and Accounting; Economics, Econometrics and Finance"
79,1522-936X,1522-936X,,AgBioForum (discontinued),-,Agronomy and Crop Science; Biotechnology; Economics and Econometrics; Food Science,"Agricultural and Biological Sciences; Biochemistry, Genetics and Molecular Biology; Economics, Econometrics and Finance"
80,,,,,,,
81,0742-4477,0742-4477,1520-6297,Agribusiness,Q1,"Animal Science and Zoology (Q1); Agronomy and Crop Science (Q2); Economics and Econometrics (Q2); Food Science (Q2); Geography, Planning and Development (Q2)","Agricultural and Biological Sciences; Economics, Econometrics and Finance; Social Sciences"
82,1068-2805,1068-2805,2372-2614,Agricultural and Resource Economics Review,Q2,Agronomy and Crop Science (Q2); Economics and Econometrics (Q2),"Agricultural and Biological Sciences; Economics, Econometrics and Finance"
83,0169-5150,1574-0862,0169-5150,Agricultural Economics (United Kingdom),Q1,Agronomy and Crop Science (Q1); Economics and Econometrics (Q1),"Agricultural and Biological Sciences; Economics, Econometrics and Finance"
84,,,,,,,
85,,,,,,,
86,1109-2580,1109-2580,,Agricultural Economics Review,Q4,Agronomy and Crop Science (Q4),Agricultural and Biological Sciences
87,0002-1466,0002-1466,2041-6326,Agricultural Finance Review,Q2,"Agricultural and Biological Sciences (miscellaneous) (Q2); Economics and Econometrics (Q2); Economics, Econometrics and Finance (miscellaneous) (Q2); Finance (Q2); Strategy and Management (Q2)","Agricultural and Biological Sciences; Business, Management and Accounting; Economics, Econometrics and Finance"
88,0889-048X,1572-8366,0889-048X,Agriculture and Human Values,Q1,"Agronomy and Crop Science (Q1); Geography, Planning and Development (Q1); Sociology and Political Science (Q1)",Agricultural and Biological Sciences; Social Sciences
89,,,,,,,
90,0927-3379,0927-3379,1875-8339,Air and Space Law,Q2,Law (Q2),Social Sciences
91,,,,,,,
92,1944-3900,1944-3900,,AIS Transactions on Human-Computer Interaction,Q1,Computer Networks and Communications (Q1); Computer Science Applications (Q2); Human-Computer Interaction (Q2),Computer Science
93,,,,,,,
94,,,,,,,
95,2158-5571,2157-6203,2158-5571,Algorithmic Finance,Q4,Computational Mathematics (Q4); Computer Science Applications (Q4); Computer Vision and Pattern Recognition (Q4); Finance (Q4),"Computer Science; Economics, Econometrics and Finance; Mathematics"
96,,,,,,,
97,,,,,,,
98,1037-969X,1037-969X,2398-9084,Alternative Law Journal,Q3,Law (Q3); Sociology and Political Science (Q3),Social Sciences
99,0304-3754,2163-3150,0304-3754,Alternatives,Q2,Political Science and International Relations (Q2); Sociology and Political Science (Q2),Social Sciences
100,,,,,,,
101,,,,,,,
102,0002-7642,1552-3381,0002-7642,American Behavioral Scientist,Q1,Cultural Studies (Q1); Social Sciences (miscellaneous) (Q1); Sociology and Political Science (Q1); Education (Q2); Social Psychology (Q2),Psychology; Social Sciences
103,0002-7766,1744-1714,0002-7766,American Business Law Journal,Q2,Law (Q2); Business and International Management (Q3),"Business, Management and Accounting; Social Sciences"
104,american business review,2689-8810,,American Business Review,Q3,"Business, Management and Accounting (miscellaneous) (Q3); Marketing (Q3); Organizational Behavior and Human Resource Management (Q3); Strategy and Management (Q3)","Business, Management and Accounting"
105,1945-7782,1945-7790,1945-7782,American Economic Journal: Applied Economics,Q1,"Economics, Econometrics and Finance (miscellaneous) (Q1)","Economics, Econometrics and Finance"
106,1945-7731,1945-7731,1945-774X,American Economic Journal: Economic Policy,Q1,"Economics, Econometrics and Finance (miscellaneous) (Q1)","Economics, Econometrics and Finance"
107,1945-7707,1945-7707,1945-7715,American Economic Journal: Macroeconomics,Q1,"Economics, Econometrics and Finance (miscellaneous) (Q1)","Economics, Econometrics and Finance"
108,1945-7669,1945-7669,1945-7685,American Economic Journal: Microeconomics,Q1,"Economics, Econometrics and Finance (miscellaneous) (Q1)","Economics, Econometrics and Finance"
109,,,,,,,
110,0569-4345,2328-1235,0569-4345,American Economist,Q2,"Economics, Econometrics and Finance (miscellaneous) (Q2)","Economics, Econometrics and Finance"
111,,,,,,,
112,0002-9092,1467-8276,0002-9092,American Journal of Agricultural Economics,Q1,Agricultural and Biological Sciences (miscellaneous) (Q1); Economics and Econometrics (Q1),"Agricultural and Biological Sciences; Economics, Econometrics and Finance"
113,,,,,,,
114,0002-919X,0002-919X,2326-9197,American Journal of Comparative Law,Q2,Law (Q2); Social Sciences (miscellaneous) (Q2),Social Sciences
115,0002-9246,0002-9246,1536-7150,American Journal of Economics and Sociology,Q2,Sociology and Political Science (Q2); Economics and Econometrics (Q3),"Economics, Econometrics and Finance; Social Sciences"
116,1098-2140,1098-2140,1557-0878,American Journal of Evaluation,Q1,Sociology and Political Science (Q1); Business and International Management (Q2); Education (Q2); Health (social science) (Q2); Social Psychology (Q2); Strategy and Management (Q2),"Business, Management and Accounting; Psychology; Social Sciences"
117,,,,,,,
118,2332-3493,2332-3493,2332-3507,American Journal of Health Economics,Q1,"Economics, Econometrics and Finance (miscellaneous) (Q1); Health Policy (Q1); Public Health, Environmental and Occupational Health (Q1)","Economics, Econometrics and Finance; Medicine"
119,0092-5853,0092-5853,1540-5907,American Journal of Political Science,Q1,Political Science and International Relations (Q1); Sociology and Political Science (Q1),Social Sciences
120,0090-0036,0090-0036,1541-0048,American Journal of Public Health,Q1,"Public Health, Environmental and Occupational Health (Q1)",Medicine
121,,,,,,,
122,0002-9602,0002-9602,1537-5390,American Journal of Sociology,Q1,Sociology and Political Science (Q1),Social Sciences
123,1465-7252,1465-7260,1465-7252,American Law and Economics Review,Q3,Law (Q3); Finance (Q4),"Economics, Econometrics and Finance; Social Sciences"
124,0003-0554,1537-5943,0003-0554,American Political Science Review,Q1,Political Science and International Relations (Q1); Sociology and Political Science (Q1),Social Sciences
125,0003-066X,0003-066X,1935-990X,American Psychologist,Q1,Medicine (miscellaneous) (Q1); Psychology (miscellaneous) (Q1),Medicine; Psychology
126,,,,,,,
127,0275-0740,1552-3357,0275-0740,American Review of Public Administration,Q1,Public Administration (Q1); Sociology and Political Science (Q1); Marketing (Q2),"Business, Management and Accounting; Social Sciences"
128,0003-1224,0003-1224,1939-8271,American Sociological Review,Q1,Sociology and Political Science (Q1),Social Sciences
129,1869-814X,1869-8182,1869-814X,AMS Review,Q1,Marketing (Q1),"Business, Management and Accounting"
130,,,,,,,
131,2213-6657,2213-6657,,Analytic Methods in Accident Research,Q1,Safety Research (Q1); Transportation (Q1),Social Sciences
132,1303-2917,1303-2917,2156-6909,Anatolia,Q2,"Earth-Surface Processes (Q2); Geography, Planning and Development (Q2)",Earth and Planetary Sciences; Social Sciences
133,,,,,,,
134,1748-4995,1748-4995,1748-5002,Annals of Actuarial Science,Q2,"Economics and Econometrics (Q2); Statistics and Probability (Q3); Statistics, Probability and Uncertainty (Q3)","Decision Sciences; Economics, Econometrics and Finance; Mathematics"
135,1050-5164,1050-5164,,Annals of Applied Probability,Q1,"Statistics and Probability (Q1); Statistics, Probability and Uncertainty (Q1)",Decision Sciences; Mathematics
136,1932-6157,1941-7330,1932-6157,Annals of Applied Statistics,Q1,"Modeling and Simulation (Q1); Statistics and Probability (Q1); Statistics, Probability and Uncertainty (Q1)",Decision Sciences; Mathematics
137,1529-7373,1529-7373,,Annals of Economics and Finance,Q4,Economics and Econometrics (Q4); Finance (Q4),"Economics, Econometrics and Finance"
138,1614-2446,1614-2454,1614-2446,Annals of Finance,Q2,"Economics, Econometrics and Finance (miscellaneous) (Q2); Finance (Q3)","Economics, Econometrics and Finance"
139,1174-5398,1174-5398,2159-6816,Annals of Leisure Research,Q1,"Cultural Studies (Q1); Geography, Planning and Development (Q2); Social Psychology (Q2); Tourism, Leisure and Hospitality Management (Q2)","Business, Management and Accounting; Psychology; Social Sciences"
140,0254-5330,0254-5330,1572-9338,Annals of Operations Research,Q1,Decision Sciences (miscellaneous) (Q1); Management Science and Operations Research (Q1),Decision Sciences
141,0091-1798,2168-894X,0091-1798,Annals of Probability,Q1,"Statistics and Probability (Q1); Statistics, Probability and Uncertainty (Q1)",Decision Sciences; Mathematics
142,1370-4788,1370-4788,1467-8292,Annals of Public and Cooperative Economics,Q1,Sociology and Political Science (Q1); Economics and Econometrics (Q2),"Economics, Econometrics and Finance; Social Sciences"
143,0090-5364,2168-8966,0090-5364,Annals of Statistics,Q1,"Statistics and Probability (Q1); Statistics, Probability and Uncertainty (Q1)",Decision Sciences; Mathematics
144,0002-7162,1552-3349,0002-7162,Annals of the American Academy of Political and Social Science,Q1,Social Sciences (miscellaneous) (Q1); Sociology and Political Science (Q1),Social Sciences
145,0020-3157,0020-3157,1572-9052,Annals of the Institute of Statistical Mathematics,Q2,Statistics and Probability (Q2),Mathematics
146,0160-7383,0160-7383,,Annals of Tourism Research,Q1,"Business and International Management (Q1); Development (Q1); Marketing (Q1); Tourism, Leisure and Hospitality Management (Q1)","Business, Management and Accounting; Social Sciences"
147,2666-9579,2666-9579,,Annals of Tourism Research Empirical Insights,Q1,"Geography, Planning and Development (Q1); Sociology and Political Science (Q1); Marketing (Q2); Tourism, Leisure and Hospitality Management (Q2)","Business, Management and Accounting; Social Sciences"
148,,,,,,,
149,,,,,,,
150,1941-1383,1941-1383,1941-1391,Annual Review of Economics,Q1,Economics and Econometrics (Q1),"Economics, Econometrics and Finance"
151,1941-1367,1941-1367,1941-1375,Annual Review of Financial Economics,Q1,Economics and Econometrics (Q1); Finance (Q1),"Economics, Econometrics and Finance"
152,annual review of organizational psychology and organizational behavior,2327-0608,,Annual Review of Organizational Psychology and Organizational Behavior,Q1,Applied Psychology (Q1); Organizational Behavior and Human Resource Management (Q1); Social Psychology (Q1),"Business, Management and Accounting; Psychology"
153,0066-4308,0066-4308,1545-2085,Annual Review of Psychology,Q1,Psychology (miscellaneous) (Q1),Psychology
154,1941-1340,1941-1359,1941-1340,Annual Review of Resource Economics,Q1,Economics and Econometrics (Q1),"Economics, Econometrics and Finance"
155,0360-0572,0360-0572,1545-2115,Annual Review of Sociology,Q1,Sociology and Political Science (Q1),Social Sciences
156,,,,,,,
157,0003-603X,1930-7969,0003-603X,Antitrust Bulletin,Q1,Law (Q1); Economics and Econometrics (Q2),"Economics, Econometrics and Finance; Social Sciences"
158,0195-6663,0195-6663,1095-8304,Appetite,Q1,Nutrition and Dietetics (Q1); Psychology (miscellaneous) (Q1),Nursing; Psychology
159,0888-4080,1099-0720,0888-4080,Applied Cognitive Psychology,Q1,Arts and Humanities (miscellaneous) (Q1); Developmental and Educational Psychology (Q2); Experimental and Cognitive Psychology (Q2),Arts and Humanities; Psychology
160,1993-7601,1993-7601,2410-6445,Applied Econometrics,Q4,"Economics and Econometrics (Q4); Economics, Econometrics and Finance (miscellaneous) (Q4)","Economics, Econometrics and Finance"
161,1578-4487,1578-4487,,Applied Econometrics and International Development,Q4,Development (Q4); Economics and Econometrics (Q4); Finance (Q4); Political Science and International Relations (Q4),"Economics, Econometrics and Finance; Social Sciences"
162,2632-7627,2632-7627,,Applied Economic Analysis,Q2,"Economics, Econometrics and Finance (miscellaneous) (Q2)","Economics, Econometrics and Finance"
163,2040-5804,2040-5804,2040-5790,Applied Economic Perspectives and Policy,Q1,Development (Q1); Economics and Econometrics (Q1),"Economics, Econometrics and Finance; Social Sciences"
164,0003-6846,0003-6846,1466-4283,Applied Economics,Q2,Economics and Econometrics (Q2),"Economics, Econometrics and Finance"
165,1350-4851,1350-4851,1466-4291,Applied Economics Letters,Q3,Economics and Econometrics (Q3),"Economics, Econometrics and Finance"
166,1611-6607,1865-5122,1611-6607,Applied Economics Quarterly,Q4,"Economics, Econometrics and Finance (miscellaneous) (Q4)","Economics, Econometrics and Finance"
167,0306-2619,1872-9118,0306-2619,Applied Energy,Q1,"Building and Construction (Q1); Energy (miscellaneous) (Q1); Management, Monitoring, Policy and Law (Q1); Mechanical Engineering (Q1); Renewable Energy, Sustainability and the Environment (Q1)",Energy; Engineering; Environmental Science
168,,,,,,,
169,,,,,,,
170,1175-5652,1175-5652,1179-1896,Applied Health Economics and Health Policy,Q1,Economics and Econometrics (Q1); Health Policy (Q1); Medicine (miscellaneous) (Q1),"Economics, Econometrics and Finance; Medicine"
171,1350-486X,1350-486X,1466-4313,Applied Mathematical Finance,Q2,Applied Mathematics (Q2); Finance (Q2),"Economics, Econometrics and Finance; Mathematics"
172,0146-6216,0146-6216,1552-3497,Applied Psychological Measurement,Q1,Psychology (miscellaneous) (Q1); Social Sciences (miscellaneous) (Q1),Psychology; Social Sciences
173,0269-994X,0269-994X,1464-0597,Applied Psychology,Q1,Applied Psychology (Q1); Arts and Humanities (miscellaneous) (Q1); Developmental and Educational Psychology (Q1),Arts and Humanities; Psychology
174,1871-2584,1871-2584,1871-2576,Applied Research in Quality of Life,Q2,Life-span and Life-course Studies (Q2),Social Sciences
175,1524-1904,1526-4025,1524-1904,Applied Stochastic Models in Business and Industry,Q2,"Business, Management and Accounting (miscellaneous) (Q2); Management Science and Operations Research (Q3); Modeling and Simulation (Q3)","Business, Management and Accounting; Decision Sciences; Mathematics"
176,,,,,,,
177,1365-7305,1365-7305,1365-7313,Aquaculture Economics and Management,Q1,"Aquatic Science (Q1); Ecology (Q1); Geography, Planning and Development (Q1)",Agricultural and Biological Sciences; Environmental Science; Social Sciences
178,,,,,,,
179,,,,,,,
180,,,,,,,
181,2056-4945,2056-4953,2056-4945,Arts and the Market,Q2,"Arts and Humanities (miscellaneous) (Q2); Business, Management and Accounting (miscellaneous) (Q3)","Arts and Humanities; Business, Management and Accounting"
182,,,,,,,
183,1610-2932,1610-2932,1612-1031,Asia Europe Journal,Q2,"Business, Management and Accounting (miscellaneous) (Q2); Social Sciences (miscellaneous) (Q2)","Business, Management and Accounting; Social Sciences"
184,1360-2381,1743-792X,1360-2381,Asia Pacific Business Review,Q2,Business and International Management (Q2),"Business, Management and Accounting"
185,,,,,,,
186,,,,,,,
187,asia pacific journal of health management,2204-3136,,Asia Pacific Journal of Health Management,Q4,"Health Information Management (Q4); Health Policy (Q4); Public Health, Environmental and Occupational Health (Q4)",Health Professions; Medicine
188,2288-5404,2288-5404,2288-6818,Asia Pacific Journal of Information Systems,Q3,Information Systems and Management (Q3); Sociology and Political Science (Q3),Decision Sciences; Social Sciences
189,0217-4561,0217-4561,1572-9958,Asia Pacific Journal of Management,Q1,"Business and International Management (Q1); Economics, Econometrics and Finance (miscellaneous) (Q1); Strategy and Management (Q1)","Business, Management and Accounting; Economics, Econometrics and Finance"
190,1355-5855,1355-5855,1758-4248,Asia Pacific Journal of Marketing and Logistics,Q1,Business and International Management (Q1); Strategy and Management (Q1); Marketing (Q2),"Business, Management and Accounting"
191,,,,,,,
192,1094-1665,1094-1665,1741-6507,Asia Pacific Journal of Tourism Research,Q1,"Geography, Planning and Development (Q1); Tourism, Leisure and Hospitality Management (Q2)","Business, Management and Accounting; Social Sciences"
193,1019-2557,1875-8444,1019-2557,Asia Pacific Law Review,Q1,Law (Q1),Social Sciences
194,,,,,,,
195,,,,,,,
196,1387-2834,1387-2834,1573-6946,Asia-Pacific Financial Markets,Q2,Finance (Q2),"Economics, Econometrics and Finance"
197,1608-1625,2164-2257,1608-1625,Asia-Pacific Journal of Accounting and Economics,Q2,Economics and Econometrics (Q2); Finance (Q2); Accounting (Q3),"Business, Management and Accounting; Economics, Econometrics and Finance"
198,1757-4323,1757-4331,1757-4323,Asia-Pacific Journal of Business Administration,Q1,"Business, Management and Accounting (miscellaneous) (Q1); Public Administration (Q1)","Business, Management and Accounting; Social Sciences"
199,2041-9945,2041-9945,2041-6156,Asia-Pacific Journal of Financial Studies,Q2,Finance (Q2),"Economics, Econometrics and Finance"
200,1038-4111,1038-4111,1744-7941,Asia Pacific Journal of Human Resources,Q1,Organizational Behavior and Human Resource Management (Q1),"Business, Management and Accounting"
201,asiapacific journal of innovation in hospitality and tourism,2289-1471,,Asia-Pacific Journal of Innovation in Hospitality and Tourism,Q3,"Geography, Planning and Development (Q3); Management, Monitoring, Policy and Law (Q3); Nature and Landscape Conservation (Q3); Tourism, Leisure and Hospitality Management (Q4)","Business, Management and Accounting; Environmental Science; Social Sciences"
202,,,,,,,
203,,,,,,,
204,1029-3132,1029-3132,,Asia Pacific Management Review,Q1,Business and International Management (Q1); Strategy and Management (Q1),"Business, Management and Accounting"
205,,,,,,,
206,1394-2603,2180-4184,1394-2603,Asian Academy of Management Journal,Q3,"Business, Management and Accounting (miscellaneous) (Q3)","Business, Management and Accounting"
207,1823-4992,2180-4192,1823-4992,Asian Academy of Management Journal of Accounting and Finance,Q4,Accounting (Q4); Finance (Q4),"Business, Management and Accounting; Economics, Econometrics and Finance"
208,,,,,,,
209,0117-1968,0117-1968,,Asian and Pacific Migration Journal,Q2,"Demography (Q2); Geography, Planning and Development (Q2)",Social Sciences
210,1472-4782,1472-4782,1476-9328,Asian Business and Management,Q1,Political Science and International Relations (Q1); Sociology and Political Science (Q1); Business and International Management (Q2); Strategy and Management (Q2),"Business, Management and Accounting; Social Sciences"
211,0116-1105,0116-1105,1996-7241,Asian Development Review,Q2,"Geography, Planning and Development (Q2); Development (Q3); Economics and Econometrics (Q3)","Economics, Econometrics and Finance; Social Sciences"
212,1351-3958,1351-3958,1467-8381,Asian Economic Journal,Q3,"Development (Q3); Economics and Econometrics (Q3); Geography, Planning and Development (Q3)","Economics, Econometrics and Finance; Social Sciences"
213,1535-3516,1536-0083,1535-3516,Asian Economic Papers,Q2,Political Science and International Relations (Q2); Economics and Econometrics (Q3); Finance (Q3),"Economics, Econometrics and Finance; Social Sciences"
214,1832-8105,1832-8105,1748-3131,Asian Economic Policy Review,Q1,"Economics, Econometrics and Finance (miscellaneous) (Q1); Management, Monitoring, Policy and Law (Q1); Political Science and International Relations (Q1)","Economics, Econometrics and Finance; Environmental Science; Social Sciences"
215,,,,,,,
216,,,,,,,
217,,,,,,,
218,2459-9700,2459-9700,2443-4175,Asian Journal of Accounting Research,Q2,Accounting (Q2),"Business, Management and Accounting"
219,,,,,,,
220,1985-4064,2180-3137,1985-4064,Asian Journal of Business and Accounting,Q3,Accounting (Q3); Business and International Management (Q3),"Business, Management and Accounting"
221,2210-6723,2210-6731,2210-6723,Asian Journal of Business Ethics,Q1,"Philosophy (Q1); Business, Management and Accounting (miscellaneous) (Q2); Economics, Econometrics and Finance (miscellaneous) (Q2); Social Sciences (miscellaneous) (Q2)","Arts and Humanities; Business, Management and Accounting; Economics, Econometrics and Finance; Social Sciences"
222,2463-4522,2463-4522,1178-8933,Asian Journal of Business Research,Q2,Political Science and International Relations (Q2); Sociology and Political Science (Q2); Business and International Management (Q3); Marketing (Q3); Strategy and Management (Q3),"Business, Management and Accounting; Social Sciences"
223,2044-2513,2044-2521,2044-2513,Asian Journal of International Law,Q2,Law (Q2),Social Sciences
224,0972-8201,0972-8201,0973-0621,Asian Journal of Management Cases,Q4,"Business, Management and Accounting (miscellaneous) (Q4)","Business, Management and Accounting"
225,,,,,,,
226,0218-5377,0218-5377,1750-7812,Asian Journal of Political Science,Q2,Political Science and International Relations (Q2); Sociology and Political Science (Q3),Social Sciences
227,1568-4849,1568-4849,1568-5314,Asian Journal of Social Science,Q2,Anthropology (Q2); Sociology and Political Science (Q2),Social Sciences
228,1744-1730,1744-1730,1744-1749,Asian Population Studies,Q1,Demography (Q1),Social Sciences
229,1758-8863,1758-8863,1321-7348,Asian Review of Accounting,Q2,Accounting (Q2); Finance (Q2),"Business, Management and Accounting; Economics, Econometrics and Finance"
230,0004-4687,0004-4687,1533-838X,Asian Survey,Q2,"Geography, Planning and Development (Q2); Sociology and Political Science (Q2)",Social Sciences
231,0818-9935,0818-9935,1467-8411,Asian-Pacific Economic Literature,Q3,"Development (Q3); Economics and Econometrics (Q3); Geography, Planning and Development (Q3)","Economics, Econometrics and Finance; Social Sciences"
232,,,,,,,
233,,,,,,,
234,1863-8171,1863-818X,1863-8171,AStA Advances in Statistical Analysis,Q1,Social Sciences (miscellaneous) (Q1); Analysis (Q2); Applied Mathematics (Q2); Economics and Econometrics (Q2); Modeling and Simulation (Q2); Statistics and Probability (Q2),"Economics, Econometrics and Finance; Mathematics; Social Sciences"
235,0515-0361,0515-0361,1783-1350,ASTIN Bulletin,Q1,Accounting (Q1); Economics and Econometrics (Q1); Finance (Q1),"Business, Management and Accounting; Economics, Econometrics and Finance"
236,1543-866X,1543-866X,,ATA Journal of Legal Tax Research,Q4,Accounting (Q4); Finance (Q4); Law (Q4),"Business, Management and Accounting; Economics, Econometrics and Finance; Social Sciences"
237,0197-4254,1573-9678,0197-4254,Atlantic Economic Journal,Q3,"Economics, Econometrics and Finance (miscellaneous) (Q3)","Economics, Econometrics and Finance"
238,,,,,,,
239,,,,,,,
240,0278-0380,1558-7991,0278-0380,Auditing,Q1,Accounting (Q1); Economics and Econometrics (Q1); Finance (Q1),"Business, Management and Accounting; Economics, Econometrics and Finance"
241,1834-2000,1834-2000,1834-2019,"Australasian Accounting, Business and Finance Journal",Q2,"Business, Management and Accounting (miscellaneous) (Q2); Finance (Q3)","Business, Management and Accounting; Economics, Econometrics and Finance"
242,,,,,,,
243,,,,,,,
244,,,,,,,
245,1449-8618,1449-8618,1326-2238,Australasian Journal of Information Systems,Q2,"Business, Management and Accounting (miscellaneous) (Q2); Information Systems (Q2); Information Systems and Management (Q2); Human-Computer Interaction (Q3)","Business, Management and Accounting; Computer Science; Decision Sciences"
246,,,,,,,
247,australasian journal of regional studies,1030-7923,,Australasian Journal of Regional Studies,Q4,"Economics, Econometrics and Finance (miscellaneous) (Q4); Geography, Planning and Development (Q4); Management, Monitoring, Policy and Law (Q4); Urban Studies (Q4)","Economics, Econometrics and Finance; Environmental Science; Social Sciences"
248,1440-6381,1440-6381,1741-6612,Australasian Journal on Ageing,Q1,Community and Home Care (Q1); Medicine (miscellaneous) (Q2); Geriatrics and Gerontology (Q3),Medicine; Nursing
249,1441-3582,1441-3582,1839-3349,Australasian Marketing Journal,Q1,Economics and Econometrics (Q1); Marketing (Q2),"Business, Management and Accounting; Economics, Econometrics and Finance"
250,1035-6908,1035-6908,1835-2561,Australian Accounting Review,Q2,Accounting (Q2),"Business, Management and Accounting"
251,,,,,,,
252,1369-1473,1467-842X,1369-1473,Australian and New Zealand Journal of Statistics,Q3,"Statistics and Probability (Q3); Statistics, Probability and Uncertainty (Q3)",Decision Sciences; Mathematics
253,,,,,,,
254,,,,,,,
255,,,,,,,
256,asiapacific economic history review,2832-157X,,Asia-Pacific Economic History Review,Q1,History (Q1); Economics and Econometrics (Q3),"Arts and Humanities; Economics, Econometrics and Finance"
257,0004-900X,1467-8454,0004-900X,Australian Economic Papers,Q2,"Economics, Econometrics and Finance (miscellaneous) (Q2)","Economics, Econometrics and Finance"
258,,,,,,,
259,,,,,,,
260,,,,,,,
261,1443-0738,1839-4191,1443-0738,Australian Journal of Asian Law,Q4,Law (Q4),Social Sciences
262,1038-4162,2200-6974,1038-4162,Australian Journal of Career Development,Q2,Education (Q2); Organizational Behavior and Human Resource Management (Q2),"Business, Management and Accounting; Social Sciences"
263,,,,,,,
264,,,,,,,
265,0814-0626,2049-775X,0814-0626,Australian Journal of Environmental Education,Q2,Education (Q2); Environmental Science (miscellaneous) (Q2),Environmental Science; Social Sciences
266,1323-238X,2573-573X,1323-238X,Australian Journal of Human Rights,Q2,History (Q2); Philosophy (Q2); Law (Q3); Sociology and Political Science (Q3),Arts and Humanities; Social Sciences
267,1035-7718,1035-7718,1465-332X,Australian Journal of International Affairs,Q1,"Geography, Planning and Development (Q1); Political Science and International Relations (Q1)",Social Sciences
268,,,,,,,
269,,,,,,,
270,0312-8962,1327-2020,0312-8962,Australian Journal of Management,Q1,"Business, Management and Accounting (miscellaneous) (Q1)","Business, Management and Accounting"
271,1036-1146,1363-030X,1036-1146,Australian Journal of Political Science,Q2,Sociology and Political Science (Q2),Social Sciences
272,0313-6647,1467-8500,0313-6647,Australian Journal of Public Administration,Q1,Sociology and Political Science (Q1); Public Administration (Q2),Social Sciences
273,,,,,,,
274,,,,,,,
275,0005-0067,0005-0067,1742-9544,Australian Psychologist,Q1,Arts and Humanities (miscellaneous) (Q1); Psychology (miscellaneous) (Q2),Arts and Humanities; Psychology
276,,,,,,,
277,,,,,,,
278,,,,,,,
279,,,,,,,
280,1406-099X,1406-099X,2334-4385,Baltic Journal of Economics,Q3,"Economics, Econometrics and Finance (miscellaneous) (Q3); Political Science and International Relations (Q3)","Economics, Econometrics and Finance; Social Sciences"
281,1746-5265,1746-5273,1746-5265,Baltic Journal of Management,Q1,Business and International Management (Q1); Management of Technology and Innovation (Q2); Marketing (Q2); Organizational Behavior and Human Resource Management (Q2); Strategy and Management (Q2),"Business, Management and Accounting"
282,,,,,,,
283,,,,,,,
284,0005-5506,0005-5506,,Banking Law Journal,Q4,"Business, Management and Accounting (miscellaneous) (Q4); Finance (Q4); Law (Q4)","Business, Management and Accounting; Economics, Econometrics and Finance; Social Sciences"
285,0197-3533,0197-3533,1532-4834,Basic and Applied Social Psychology,Q3,Applied Psychology (Q3); Social Psychology (Q3),Psychology
286,2194-6094,1932-0183,2194-6094,Basic Income Studies,Q3,Economics and Econometrics (Q3),"Economics, Econometrics and Finance"
287,1936-0975,1931-6690,1936-0975,Bayesian Analysis,Q1,Applied Mathematics (Q1); Statistics and Probability (Q1),Mathematics
288,1050-4753,1558-8009,1050-4753,Behavioral Research in Accounting,Q2,Accounting (Q2); Organizational Behavior and Human Resource Management (Q2),"Business, Management and Accounting"
289,0144-929X,1362-3001,0144-929X,Behaviour and Information Technology,Q1,Arts and Humanities (miscellaneous) (Q1); Developmental and Educational Psychology (Q1); Human-Computer Interaction (Q1); Social Sciences (miscellaneous) (Q1),Arts and Humanities; Computer Science; Psychology; Social Sciences
290,1463-5771,1463-5771,,Benchmarking,Q1,Business and International Management (Q1); Strategy and Management (Q1),"Business, Management and Accounting"
291,,,,,,,
292,,,,,,,
293,1350-7265,1350-7265,,Bernoulli,Q1,Statistics and Probability (Q1),Mathematics
294,,,,,,,
295,2280-6180,2280-6180,2280-6172,Bio-based and Applied Economics,Q2,"Agronomy and Crop Science (Q2); Animal Science and Zoology (Q2); Economics, Econometrics and Finance (miscellaneous) (Q2); Food Science (Q2); Environmental Science (miscellaneous) (Q3)","Agricultural and Biological Sciences; Economics, Econometrics and Finance; Environmental Science"
296,1367-4803,1367-4811,1367-4803,Bioinformatics,Q1,Biochemistry (Q1); Computational Mathematics (Q1); Computational Theory and Mathematics (Q1); Computer Science Applications (Q1); Molecular Biology (Q1); Statistics and Probability (Q1),"Biochemistry, Genetics and Molecular Biology; Computer Science; Mathematics"
297,0323-3847,0323-3847,1521-4036,Biometrical Journal,Q1,"Medicine (miscellaneous) (Q1); Statistics and Probability (Q1); Statistics, Probability and Uncertainty (Q1)",Decision Sciences; Mathematics; Medicine
298,0006-3444,1464-3510,0006-3444,Biometrika,Q1,"Agricultural and Biological Sciences (miscellaneous) (Q1); Applied Mathematics (Q1); Mathematics (miscellaneous) (Q1); Statistics and Probability (Q1); Statistics, Probability and Uncertainty (Q1)",Agricultural and Biological Sciences; Decision Sciences; Mathematics
299,1465-4644,1465-4644,1468-4357,Biostatistics,Q1,"Medicine (miscellaneous) (Q1); Statistics and Probability (Q1); Statistics, Probability and Uncertainty (Q1)",Decision Sciences; Mathematics; Medicine
300,,,,,,,
301,2214-8450,2214-8450,2214-8469,Borsa Istanbul Review,Q1,Economics and Econometrics (Q1); Finance (Q1),"Economics, Econometrics and Finance"
302,0006-8047,0006-8047,,Boston University Law Review,Q1,Law (Q1),Social Sciences
303,,,,,,,
304,,,,,,,
305,0103-2003,0103-2003,,Revista de Economia e Sociologia Rural,Q3,Agronomy and Crop Science (Q3); Economics and Econometrics (Q3); Forestry (Q3); Social Sciences (miscellaneous) (Q3),"Agricultural and Biological Sciences; Economics, Econometrics and Finance; Social Sciences"
306,,,,,,,
307,0890-8389,1095-8347,0890-8389,British Accounting Review,Q1,Accounting (Q1),"Business, Management and Accounting"
308,1357-3217,1357-3217,2044-0456,British Actuarial Journal,Q3,"Economics and Econometrics (Q3); Statistics, Probability and Uncertainty (Q3); Statistics and Probability (Q4)","Decision Sciences; Economics, Econometrics and Finance; Mathematics"
309,0007-070X,0007-070X,,British Food Journal,Q1,"Business, Management and Accounting (miscellaneous) (Q1); Food Science (Q1)","Agricultural and Biological Sciences; Business, Management and Accounting"
310,0007-1013,0007-1013,1467-8535,British Journal of Educational Technology,Q1,Education (Q1); E-learning (Q1),Social Sciences
311,1358-0574,1759-7382,1358-0574,British Journal of Health Care Management,Q4,Health Policy (Q4); Leadership and Management (Q4),Medicine; Nursing
312,0007-1080,1467-8543,0007-1080,British Journal of Industrial Relations,Q1,"Business, Management and Accounting (miscellaneous) (Q1); Management of Technology and Innovation (Q2); Organizational Behavior and Human Resource Management (Q2)","Business, Management and Accounting"
313,1045-3172,1045-3172,1467-8551,British Journal of Management,Q1,"Business, Management and Accounting (miscellaneous) (Q1); Management of Technology and Innovation (Q1); Strategy and Management (Q1)","Business, Management and Accounting"
314,0007-1102,0007-1102,2044-8317,British Journal of Mathematical and Statistical Psychology,Q1,Arts and Humanities (miscellaneous) (Q1); Medicine (miscellaneous) (Q1); Psychology (miscellaneous) (Q1); Statistics and Probability (Q1),Arts and Humanities; Mathematics; Medicine; Psychology
315,0007-1234,0007-1234,1469-2112,British Journal of Political Science,Q1,Political Science and International Relations (Q1); Sociology and Political Science (Q1),Social Sciences
316,0144-6665,0144-6665,2044-8309,British Journal of Social Psychology,Q1,Social Psychology (Q1),Psychology
317,0007-1315,0007-1315,1468-4446,British Journal of Sociology,Q1,Sociology and Political Science (Q1),Social Sciences
318,0007-1870,0007-1870,,British Tax Review,Q3,Law (Q3); Accounting (Q4); Finance (Q4),"Business, Management and Accounting; Economics, Econometrics and Finance; Social Sciences"
319,0007-2303,0007-2303,1533-4465,Brookings Papers on Economic Activity,Q1,"Business, Management and Accounting (miscellaneous) (Q1); Economics and Econometrics (Q1)","Business, Management and Accounting; Economics, Econometrics and Finance"
320,,,,,,,
321,0961-3218,0961-3218,1466-4321,Building Research and Information,Q1,Building and Construction (Q1); Civil and Structural Engineering (Q1),Engineering
322,2044-124X,2044-124X,2044-1258,Built Environment Project and Asset Management,Q1,Architecture (Q1); Building and Construction (Q2); Civil and Structural Engineering (Q2); Engineering (miscellaneous) (Q2); Urban Studies (Q2); Management Science and Operations Research (Q3),Decision Sciences; Engineering; Social Sciences
323,1819-5490,1819-5490,2352-9202,Bulletin for International Taxation,Q2,Law (Q2); Accounting (Q3); Economics and Econometrics (Q3); Finance (Q3),"Business, Management and Accounting; Economics, Econometrics and Finance; Social Sciences"
324,,,,,,,
325,,,,,,,
326,0307-3378,0307-3378,1467-8586,Bulletin of Economic Research,Q3,Economics and Econometrics (Q3),"Economics, Econometrics and Finance"
327,0007-4918,1472-7234,0007-4918,Bulletin of Indonesian Economic Studies,Q1,Development (Q1); Economics and Econometrics (Q1),"Economics, Econometrics and Finance; Social Sciences"
328,1410-8046,1410-8046,2460-9196,Buletin Ekonomi Moneter dan Perbankan/Monetary and banking economics bulletin,Q3,Finance (Q3),"Economics, Econometrics and Finance"
329,,,,,,,
330,2363-7005,1867-0202,2363-7005,Business and Information Systems Engineering,Q1,Information Systems (Q1),Computer Science
331,,,,,,,
332,,,,,,,
333,2057-0198,2057-0198,2057-0201,Business and Human Rights Journal,Q1,Law (Q1); Sociology and Political Science (Q1); Business and International Management (Q2); Industrial Relations (Q2),"Business, Management and Accounting; Social Sciences"
334,1369-5258,1369-5258,1469-3569,Business and Politics,Q1,Political Science and International Relations (Q1); Industrial Relations (Q2),"Business, Management and Accounting; Social Sciences"
335,2329-4906,2329-4922,2329-4906,Business and Professional Communication Quarterly,Q1,"Arts and Humanities (miscellaneous) (Q1); Economics, Econometrics and Finance (miscellaneous) (Q1); Business and International Management (Q2); Business, Management and Accounting (miscellaneous) (Q2)","Arts and Humanities; Business, Management and Accounting; Economics, Econometrics and Finance"
336,0277-2027,2153-7828,0277-2027,Business and Professional Ethics Journal,Q2,Philosophy (Q2); Business and International Management (Q4); Economics and Econometrics (Q4),"Arts and Humanities; Business, Management and Accounting; Economics, Econometrics and Finance"
337,0007-6503,0007-6503,1552-4205,Business and Society,Q1,"Business, Management and Accounting (miscellaneous) (Q1); Social Sciences (miscellaneous) (Q1)","Business, Management and Accounting; Social Sciences"
338,0045-3609,0045-3609,1467-8594,Business and Society Review,Q2,Business and International Management (Q2); Industrial Relations (Q2); Sociology and Political Science (Q2); Strategy and Management (Q2),"Business, Management and Accounting; Social Sciences"
339,,,,,,,
340,0007-666X,0007-666X,1554-432X,Business Economics,Q4,Business and International Management (Q4); Economics and Econometrics (Q4),"Business, Management and Accounting; Economics, Econometrics and Finance"
341,2520-6761,2520-6311,2520-6761,Business Ethics and Leadership,Q2,"Gender Studies (Q2); Law (Q2); Business, Management and Accounting (miscellaneous) (Q3); Decision Sciences (miscellaneous) (Q3); Issues, Ethics and Legal Aspects (Q3); Organizational Behavior and Human Resource Management (Q3); Social Sciences (miscellaneous) (Q3); Sociology and Political Science (Q3)","Business, Management and Accounting; Decision Sciences; Nursing; Social Sciences"
342,1052-150X,1052-150X,2153-3326,Business Ethics Quarterly,Q1,"Business, Management and Accounting (miscellaneous) (Q1); Economics and Econometrics (Q1); Philosophy (Q1)","Arts and Humanities; Business, Management and Accounting; Economics, Econometrics and Finance"
343,,,,,,,
344,0007-6791,1743-7938,0007-6791,Business History,Q1,"History (Q1); Business and International Management (Q2); Business, Management and Accounting (miscellaneous) (Q2)","Arts and Humanities; Business, Management and Accounting"
345,0007-6805,0007-6805,2044-768X,Business History Review,Q1,"History (Q1); Business and International Management (Q3); Business, Management and Accounting (miscellaneous) (Q3)","Arts and Humanities; Business, Management and Accounting"
346,0007-6813,0007-6813,,Business Horizons,Q1,Business and International Management (Q1); Marketing (Q1),"Business, Management and Accounting"
347,,,,,,,
348,,,,,,,
349,2394-9937,2278-5337,2394-9937,Business Perspectives and Research,Q2,Business and International Management (Q2); Strategy and Management (Q3),"Business, Management and Accounting"
350,1463-7154,1463-7154,,Business Process Management Journal,Q1,"Business and International Management (Q1); Business, Management and Accounting (miscellaneous) (Q1)","Business, Management and Accounting"
351,2340-9436,2340-9444,2340-9436,BRQ Business Research Quarterly,Q1,"Business and International Management (Q1); Business, Management and Accounting (miscellaneous) (Q1); Economics and Econometrics (Q1); Strategy and Management (Q1)","Business, Management and Accounting; Economics, Econometrics and Finance"
352,0964-4733,1099-0836,0964-4733,Business Strategy and the Environment,Q1,"Business and International Management (Q1); Geography, Planning and Development (Q1); Management, Monitoring, Policy and Law (Q1); Strategy and Management (Q1)","Business, Management and Accounting; Environmental Science; Social Sciences"
353,,,,,,,
354,,,,,,,
355,0008-1256,2162-8564,0008-1256,California Management Review,Q1,Strategy and Management (Q1),"Business, Management and Accounting"
356,0309-166X,1464-3545,0309-166X,Cambridge Journal of Economics,Q1,Economics and Econometrics (Q1),"Economics, Econometrics and Finance"
357,1752-1378,1752-1386,1752-1378,"Cambridge Journal of Regions, Economy and Society",Q1,"Economics and Econometrics (Q1); Geography, Planning and Development (Q1); Sociology and Political Science (Q1)","Economics, Econometrics and Finance; Social Sciences"
358,0008-1973,1469-2139,0008-1973,Cambridge Law Journal,Q2,Law (Q2),Social Sciences
359,,,,,,,
360,,,,,,,
361,0825-0383,1936-4490,0825-0383,Canadian Journal of Administrative Sciences,Q2,Public Administration (Q2); Business and International Management (Q3); Management of Technology and Innovation (Q3); Marketing (Q3),"Business, Management and Accounting; Social Sciences"
362,0008-3976,0008-3976,1744-7976,Canadian Journal of Agricultural Economics,Q1,Agronomy and Crop Science (Q1); Animal Science and Zoology (Q1); Ecology (Q2); Economics and Econometrics (Q2); Global and Planetary Change (Q3),"Agricultural and Biological Sciences; Economics, Econometrics and Finance; Environmental Science"
363,0225-5189,2158-9100,0225-5189,Canadian Journal of Development Studies,Q2,Development (Q2),Social Sciences
364,0008-4085,1540-5982,0008-4085,Canadian Journal of Economics,Q2,Economics and Econometrics (Q2),"Economics, Econometrics and Finance"
365,,,,,,,
366,0319-5724,0319-5724,1708-945X,Canadian Journal of Statistics,Q2,"Statistics and Probability (Q2); Statistics, Probability and Uncertainty (Q2)",Decision Sciences; Mathematics
367,0317-0861,0317-0861,,Canadian Public Policy,Q2,Public Administration (Q2); Sociology and Political Science (Q2),Social Sciences
368,0008-5111,0008-5111,,Canadian Tax Journal,Q3,Accounting (Q3); Law (Q3); Finance (Q4),"Business, Management and Accounting; Economics, Econometrics and Finance; Social Sciences"
369,,,,,,,
370,0112-0581,0112-0581,,Canterbury Law Review,Q4,Law (Q4),Social Sciences
371,0309-8168,0309-8168,2041-0980,Capital and Class,Q1,History (Q1); Economics and Econometrics (Q2); Sociology and Political Science (Q2),"Arts and Humanities; Economics, Econometrics and Finance; Social Sciences"
372,1750-7219,1750-7227,1750-7219,Capital Markets Law Journal,Q1,Law (Q1); Finance (Q2),"Economics, Econometrics and Finance; Social Sciences"
373,,,,,,,
374,1932-0213,2194-6140,1932-0213,Capitalism and Society,Q3,History (Q3); Economics and Econometrics (Q4); Sociology and Political Science (Q4),"Arts and Humanities; Economics, Econometrics and Finance; Social Sciences"
375,career development and transition for exceptional individuals,2165-1442,2165-1434,Career Development and Transition for Exceptional Individuals,Q2,Education (Q2); Organizational Behavior and Human Resource Management (Q2),"Business, Management and Accounting; Social Sciences"
376,1362-0436,1362-0436,,Career Development International,Q1,Organizational Behavior and Human Resource Management (Q1); Social Sciences (miscellaneous) (Q1),"Business, Management and Accounting; Social Sciences"
377,2213-624X,2213-6258,2213-624X,Case Studies on Transport Policy,Q1,"Geography, Planning and Development (Q1); Urban Studies (Q1); Transportation (Q2)",Social Sciences
378,,,,,,,
379,1303-0701,1303-0701,2524-1699,Central Bank Review,Q3,Economics and Econometrics (Q3); Finance (Q3),"Economics, Econometrics and Finance"
380,2080-0886,2080-119X,2080-0886,Central European Journal of Economic Modelling and Econometrics,Q4,Applied Mathematics (Q4); Economics and Econometrics (Q4); Statistics and Probability (Q4),"Economics, Econometrics and Finance; Mathematics"
381,1435-246X,1613-9178,1435-246X,Central European Journal of Operations Research,Q2,Management Science and Operations Research (Q2),Decision Sciences
382,1610-241X,1610-241X,1612-7501,CESifo Economic Studies,Q3,"Economics and Econometrics (Q3); Geography, Planning and Development (Q3)","Economics, Econometrics and Finance; Social Sciences"
383,,,,,,,
384,0718-7912,0718-7912,0718-7920,Chilean Journal of Statistics,Q3,Statistics and Probability (Q3),Mathematics
385,2307-3055,2307-3055,,China Accounting and Finance Review,-,"Accounting; Business, Management and Accounting (miscellaneous); Economics, Econometrics and Finance (miscellaneous); Finance","Business, Management and Accounting; Economics, Econometrics and Finance"
386,1756-137X,1756-137X,1756-1388,China Agricultural Economic Review,Q1,Agricultural and Biological Sciences (miscellaneous) (Q1); Economics and Econometrics (Q1),"Agricultural and Biological Sciences; Economics, Econometrics and Finance"
387,1671-2234,1749-124X,1671-2234,China and World Economy,Q1,"Economics, Econometrics and Finance (miscellaneous) (Q1)","Economics, Econometrics and Finance"
388,1753-8963,1753-8963,1753-8971,China Economic Journal,Q1,"Cultural Studies (Q1); Economics, Econometrics and Finance (miscellaneous) (Q1); Sociology and Political Science (Q2)","Economics, Econometrics and Finance; Social Sciences"
389,2666-9331,2666-9331,,China Economic Quarterly International,Q1,"Economics, Econometrics and Finance (miscellaneous) (Q1); Social Sciences (miscellaneous) (Q1); Geography, Planning and Development (Q2); Sociology and Political Science (Q2)","Economics, Econometrics and Finance; Social Sciences"
390,1043-951X,1043-951X,,China Economic Review,Q1,Economics and Econometrics (Q1); Finance (Q1),"Economics, Econometrics and Finance"
391,2044-1398,2044-1398,2044-1401,China Finance Review International,Q1,Finance (Q1),"Economics, Econometrics and Finance"
392,0920-203X,0920-203X,1741-590X,China Information,Q1,"Arts and Humanities (miscellaneous) (Q1); Economics, Econometrics and Finance (miscellaneous) (Q1); Social Sciences (miscellaneous) (Q1)","Arts and Humanities; Economics, Econometrics and Finance; Social Sciences"
393,1755-3091,1755-3091,,China Journal of Accounting Research,Q1,Accounting (Q1); Finance (Q1),"Business, Management and Accounting; Economics, Econometrics and Finance"
394,2169-7213,2169-7213,2169-7221,China Journal of Accounting Studies,Q2,"Business, Management and Accounting (miscellaneous) (Q2); Accounting (Q3)","Business, Management and Accounting"
395,1750-614X,1750-614X,,Chinese Management Studies,Q2,"Business, Management and Accounting (miscellaneous) (Q2)","Business, Management and Accounting"
396,,,,,,,
397,,,,,,,
398,,,,,,,
399,1362-1025,1469-3593,1362-1025,Citizenship Studies,Q1,"Geography, Planning and Development (Q1); Political Science and International Relations (Q1)",Social Sciences
400,,,,,,,
401,2772-3909,2772-3909,,Cleaner Logistics and Supply Chain,Q1,"Environmental Science (miscellaneous) (Q1); Industrial and Manufacturing Engineering (Q1); Management, Monitoring, Policy and Law (Q1); Management of Technology and Innovation (Q1)","Business, Management and Accounting; Engineering; Environmental Science"
402,1756-5529,1756-5529,1756-5537,Climate and Development,Q1,"Development (Q1); Geography, Planning and Development (Q1); Global and Planetary Change (Q2)",Environmental Science; Social Sciences
403,2010-0078,2010-0086,2010-0078,Climate Change Economics,Q2,"Economics and Econometrics (Q2); Management, Monitoring, Policy and Law (Q2); Global and Planetary Change (Q3)","Economics, Econometrics and Finance; Environmental Science"
404,1469-3062,1469-3062,1752-7457,Climate Policy,Q1,"Atmospheric Science (Q1); Environmental Science (miscellaneous) (Q1); Global and Planetary Change (Q1); Management, Monitoring, Policy and Law (Q1)",Earth and Planetary Sciences; Environmental Science
405,1863-2505,1863-2513,1863-2505,Cliometrica,Q1,History (Q1); Economics and Econometrics (Q2),"Arts and Humanities; Economics, Econometrics and Finance"
406,2331-1975,2331-1975,,Cogent Business and Management,Q2,"Accounting (Q2); Business and International Management (Q2); Business, Management and Accounting (miscellaneous) (Q2); Management Science and Operations Research (Q2); Marketing (Q2); Organizational Behavior and Human Resource Management (Q2); Strategy and Management (Q2)","Business, Management and Accounting; Decision Sciences"
407,2332-2039,2332-2039,,Cogent Economics and Finance,Q2,Economics and Econometrics (Q2); Finance (Q2),"Economics, Econometrics and Finance"
408,,,,,,,
409,,,,,,,
410,,,,,,,
411,0010-1931,0010-1931,,Columbia Journal of Transnational Law,Q2,Law (Q2); Political Science and International Relations (Q2),Social Sciences
412,0010-1958,0010-1958,,Columbia Law Review,Q1,Law (Q1),Social Sciences
413,,,,,,,
414,,,,,,,
415,0165-0750,0165-0750,1875-8320,Common Market Law Review,Q1,Law (Q1); Political Science and International Relations (Q1),Social Sciences
416,1466-2043,1743-9094,1466-2043,Commonwealth and Comparative Politics,Q1,Political Science and International Relations (Q1); Sociology and Political Science (Q1),Social Sciences
417,2167-4809,2167-4809,2167-4795,Communication and Sport,Q1,Communication (Q1); Social Sciences (miscellaneous) (Q1),Social Sciences
418,0093-6502,0093-6502,1552-3810,Communication Research,Q1,Communication (Q1); Linguistics and Language (Q1),Social Sciences
419,2206-3374,2206-3374,,Communication Research and Practice,Q2,Communication (Q2); Computer Networks and Communications (Q2); Marketing (Q2); Political Science and International Relations (Q2); Human-Computer Interaction (Q3),"Business, Management and Accounting; Computer Science; Social Sciences"
420,1050-3293,1468-2885,1050-3293,Communication Theory,Q1,Communication (Q1); Linguistics and Language (Q1),Social Sciences
421,0361-0926,1532-415X,0361-0926,Communications in Statistics - Theory and Methods,Q3,Statistics and Probability (Q3),Mathematics
422,2772-4247,2772-4247,,Communications in Transportation Research,Q1,Control and Systems Engineering (Q1); Decision Sciences (miscellaneous) (Q1); Transportation (Q1),Decision Sciences; Engineering; Social Sciences
423,,,,,,,
424,1529-3181,1529-3181,,Communications of the Association for Information Systems,Q2,Information Systems (Q2),Computer Science
425,0010-3802,0010-3802,1468-2656,Community Development Journal,Q2,Development (Q2),Social Sciences
426,1366-8803,1469-3615,1366-8803,"Community, Work and Family",Q1,Development (Q1); Social Sciences (miscellaneous) (Q1); Sociology and Political Science (Q1),Social Sciences
427,,,,,,,
428,,,,,,,
429,0888-7233,1478-3320,0888-7233,Comparative Economic Studies,Q2,Economics and Econometrics (Q2),"Economics, Econometrics and Finance"
430,,,,,,,
431,0010-4140,1552-3829,0010-4140,Comparative Political Studies,Q1,Sociology and Political Science (Q1),Social Sciences
432,0010-4159,0010-4159,2151-6227,Comparative Politics,Q1,Sociology and Political Science (Q1),Social Sciences
433,0886-3687,1552-3837,0886-3687,Compensation and Benefits Review,Q2,"Business, Management and Accounting (miscellaneous) (Q2); Organizational Behavior and Human Resource Management (Q3)","Business, Management and Accounting"
434,1024-5294,1024-5294,1477-2221,Competition and Change,Q1,"Business, Management and Accounting (miscellaneous) (Q1)","Business, Management and Accounting"
435,,,,,,,
436,1783-5917,2399-2956,1783-5917,Competition and Regulation in Network Industries,Q3,"Business, Management and Accounting (miscellaneous) (Q3); Management Science and Operations Research (Q3)","Business, Management and Accounting; Decision Sciences"
437,1476-9085,2516-5771,1476-9085,Competition Law Journal,Q4,Law (Q4),Social Sciences
438,1059-5422,2051-3143,1059-5422,Competitiveness Review,Q1,"Business, Management and Accounting (miscellaneous) (Q1); Business and International Management (Q2)","Business, Management and Accounting"
439,1262-2788,1262-2788,,Comptabilite Controle Audit,Q4,Accounting (Q4); Finance (Q4),"Business, Management and Accounting; Economics, Econometrics and Finance"
440,0927-7099,0927-7099,1572-9974,Computational Economics,Q2,"Economics, Econometrics and Finance (miscellaneous) (Q2); Computer Science Applications (Q3)","Computer Science; Economics, Econometrics and Finance"
441,1619-697X,1619-697X,1619-6988,Computational Management Science,Q2,"Business, Management and Accounting (miscellaneous) (Q2); Information Systems (Q2); Management Information Systems (Q2); Management Science and Operations Research (Q2); Statistics, Probability and Uncertainty (Q2)","Business, Management and Accounting; Computer Science; Decision Sciences"
442,0167-9473,0167-9473,,Computational Statistics and Data Analysis,Q1,Applied Mathematics (Q1); Computational Mathematics (Q1); Computational Theory and Mathematics (Q1); Statistics and Probability (Q1),Computer Science; Mathematics
443,,,,,,,
444,,,,,,,
445,0925-9724,0925-9724,1573-7551,Computer Supported Cooperative Work,Q2,Computer Science (miscellaneous) (Q2),Computer Science
446,0360-8352,0360-8352,,Computers and Industrial Engineering,Q1,Computer Science (miscellaneous) (Q1); Engineering (miscellaneous) (Q1); Management Science and Operations Research (Q1),Computer Science; Decision Sciences; Engineering
447,0305-0548,0305-0548,1873-765X,Computers and Operations Research,Q1,Computer Science (miscellaneous) (Q1); Management Science and Operations Research (Q1); Modeling and Simulation (Q1),Computer Science; Decision Sciences; Mathematics
448,0747-5632,0747-5632,,Computers in Human Behavior,Q1,Arts and Humanities (miscellaneous) (Q1); Human-Computer Interaction (Q1); Psychology (miscellaneous) (Q1),Arts and Humanities; Computer Science; Psychology
449,0738-8942,0738-8942,1549-9219,Conflict Management and Peace Science,Q1,Economics and Econometrics (Q1); Political Science and International Relations (Q1),"Economics, Econometrics and Finance; Social Sciences"
450,1536-5581,1536-5581,1541-1508,Conflict Resolution Quarterly,Q2,Law (Q2); Psychology (miscellaneous) (Q3),Psychology; Social Sciences
451,1043-4062,1572-9966,1043-4062,Constitutional Political Economy,Q2,Law (Q2); Philosophy (Q2); Economics and Econometrics (Q3); Sociology and Political Science (Q3),"Arts and Humanities; Economics, Econometrics and Finance; Social Sciences"
452,2204-9029,2204-9029,,Construction Economics and Building,Q3,"Building and Construction (Q3); Business, Management and Accounting (miscellaneous) (Q3)","Business, Management and Accounting; Engineering"
453,1471-4175,1477-0857,1471-4175,Construction Innovation,Q1,Architecture (Q1); Building and Construction (Q1); Civil and Structural Engineering (Q1); Computer Science (miscellaneous) (Q1); Control and Systems Engineering (Q1),Computer Science; Engineering
454,,,,,,,
455,0144-6193,0144-6193,1466-433X,Construction Management and Economics,Q1,Building and Construction (Q1); Industrial and Manufacturing Engineering (Q1); Management Information Systems (Q1),"Business, Management and Accounting; Engineering"
456,2752-6666,2752-6674,2752-6666,Consumer Behavior in Tourism and Hospitality,Q2,"Geography, Planning and Development (Q2); Tourism, Leisure and Hospitality Management (Q2)","Business, Management and Accounting; Social Sciences"
457,,,,,,,
458,1025-3866,1025-3866,1477-223X,Consumption Markets and Culture,Q1,Anthropology (Q1); Economics and Econometrics (Q2); Marketing (Q2); Social Psychology (Q2),"Business, Management and Accounting; Economics, Econometrics and Finance; Psychology; Social Sciences"
459,0823-9150,0823-9150,1911-3846,Contemporary Accounting Research,Q1,Accounting (Q1); Economics and Econometrics (Q1); Finance (Q1),"Business, Management and Accounting; Economics, Econometrics and Finance"
460,1074-3529,1465-7287,1074-3529,Contemporary Economic Policy,Q1,"Business, Management and Accounting (miscellaneous) (Q1); Economics and Econometrics (Q1); Public Administration (Q1)","Business, Management and Accounting; Economics, Econometrics and Finance; Social Sciences"
461,2084-0845,2300-8814,2084-0845,Contemporary Economics,Q2,"Economics, Econometrics and Finance (miscellaneous) (Q2); Social Sciences (miscellaneous) (Q2); Accounting (Q3); Business and International Management (Q3); Business, Management and Accounting (miscellaneous) (Q3); Finance (Q3)","Business, Management and Accounting; Economics, Econometrics and Finance; Social Sciences"
462,0094-3061,1939-8638,0094-3061,Contemporary Sociology,Q2,Sociology and Political Science (Q2),Social Sciences
463,,,,,,,
464,0277-5921,1464-3588,0277-5921,Contributions to Political Economy,Q3,Sociology and Political Science (Q3); Economics and Econometrics (Q4),"Economics, Econometrics and Finance; Social Sciences"
465,,,,,,,
466,,,,,,,
467,1938-9655,1938-9663,1938-9655,Cornell Hospitality Quarterly,Q1,"Tourism, Leisure and Hospitality Management (Q1)","Business, Management and Accounting"
468,0010-8812,0010-8812,,Cornell International Law Journal,Q4,Law (Q4); Political Science and International Relations (Q4),Social Sciences
469,0010-8847,0010-8847,,Cornell Law Review,Q1,Law (Q1),Social Sciences
470,,,,,,,
471,1356-3289,1356-3289,,Corporate Communications,Q2,Industrial Relations (Q2); Organizational Behavior and Human Resource Management (Q2),"Business, Management and Accounting"
472,,,,,,,
473,1472-0701,1472-0701,,Corporate Governance (Bingley),Q1,"Business, Management and Accounting (miscellaneous) (Q1)","Business, Management and Accounting"
474,,,,,,,
475,0964-8410,0964-8410,1467-8683,Corporate Governance: An International Review,Q1,"Business, Management and Accounting (miscellaneous) (Q1); Management of Technology and Innovation (Q1); Strategy and Management (Q1)","Business, Management and Accounting"
476,1363-3589,1363-3589,1479-1889,Corporate Reputation Review,Q2,Business and International Management (Q2); Strategy and Management (Q2),"Business, Management and Accounting"
477,1535-3958,1535-3958,1535-3966,Corporate Social Responsibility and Environmental Management,Q1,"Development (Q1); Management, Monitoring, Policy and Law (Q1); Strategy and Management (Q1)","Business, Management and Accounting; Environmental Science; Social Sciences"
478,,,,,,,
479,1478-7547,1478-7547,,Cost Effectiveness and Resource Allocation,Q2,Health Policy (Q2),Medicine
480,,,,,,,
481,0963-1690,0963-1690,1467-8691,Creativity and Innovation Management,Q1,Management of Technology and Innovation (Q1); Strategy and Management (Q1),"Business, Management and Accounting"
482,2199-1227,2199-1227,2199-1235,Credit and Capital Markets,Q4,"Business, Management and Accounting (miscellaneous) (Q4); Economics, Econometrics and Finance (miscellaneous) (Q4); Law (Q4)","Business, Management and Accounting; Economics, Econometrics and Finance; Social Sciences"
483,0925-4994,1573-0751,0925-4994,"Crime, Law and Social Change",Q2,Law (Q2); Social Sciences (miscellaneous) (Q2); Pathology and Forensic Medicine (Q3),Medicine; Social Sciences
484,1467-2715,1467-2715,1472-6033,Critical Asian Studies,Q2,"Geography, Planning and Development (Q2); Sociology and Political Science (Q2)",Social Sciences
485,1740-5904,1740-5912,1740-5904,Critical Discourse Studies,Q1,Social Sciences (miscellaneous) (Q1),Social Sciences
486,2164-5744,2164-5760,2164-5744,Critical Finance Review,Q1,Finance (Q1),"Economics, Econometrics and Finance"
487,1045-2354,1045-2354,1095-9955,Critical Perspectives on Accounting,Q1,Accounting (Q1); Finance (Q1); Information Systems and Management (Q1); Sociology and Political Science (Q1),"Business, Management and Accounting; Decision Sciences; Economics, Econometrics and Finance; Social Sciences"
488,1742-2043,1742-2043,,Critical Perspectives on International Business,Q2,"Business and International Management (Q2); Business, Management and Accounting (miscellaneous) (Q2)","Business, Management and Accounting"
489,1529-5036,1479-5809,1529-5036,Critical Studies in Media Communication,Q2,Communication (Q2),Social Sciences
490,2059-5794,2059-5794,,Cross Cultural and Strategic Management,Q1,Cultural Studies (Q1); Sociology and Political Science (Q1); Business and International Management (Q2); Organizational Behavior and Human Resource Management (Q2); Strategy and Management (Q2),"Business, Management and Accounting; Social Sciences"
491,1099-9809,1099-9809,1939-0106,Cultural Diversity and Ethnic Minority Psychology,Q1,Social Psychology (Q1); Sociology and Political Science (Q1),Psychology; Social Sciences
492,1469-3690,1469-3690,0954-8963,Cultural Trends,Q1,Communication (Q1); Cultural Studies (Q1); Visual Arts and Performing Arts (Q1),Arts and Humanities; Social Sciences
493,1475-9551,1477-2760,1475-9551,Culture and Organization,Q1,Cultural Studies (Q1); Organizational Behavior and Human Resource Management (Q2),"Business, Management and Accounting; Social Sciences"
494,1936-1270,1936-1270,,Current Issues in Auditing,Q3,Accounting (Q3),"Business, Management and Accounting"
495,1368-3500,1747-7603,1368-3500,Current Issues in Tourism,Q1,"Geography, Planning and Development (Q1); Tourism, Leisure and Hospitality Management (Q1)","Business, Management and Accounting; Social Sciences"
496,0070-1998,2044-8422,0070-1998,Current Legal Problems,Q1,Law (Q1),Social Sciences
497,,,,,,,
498,,,,,,,
499,,,,,,,
500,,,,,,,
501,,,,,,,
502,0015-1920,0015-1920,,Finance a Uver - Czech Journal of Economics and Finance,Q4,Accounting (Q4); Economics and Econometrics (Q4); Finance (Q4),"Business, Management and Accounting; Economics, Econometrics and Finance"
503,0317-1663,0317-1663,2563-9277,Dalhousie Law Journal,Q4,Law (Q4),Social Sciences
504,1532-0936,2331-1622,1532-0936,Data Base for Advances in Information Systems,Q2,Computer Networks and Communications (Q2); Management Information Systems (Q2),"Business, Management and Accounting; Computer Science"
505,0013-063X,1572-9982,0013-063X,De Economist,Q3,Economics and Econometrics (Q3),"Economics, Econometrics and Finance"
506,,,,,,,
507,2325-9965,2325-9973,2325-9965,Decision,Q2,"Applied Psychology (Q2); Neuropsychology and Physiological Psychology (Q2); Social Psychology (Q2); Statistics, Probability and Uncertainty (Q2)",Decision Sciences; Psychology
508,1545-8490,1545-8504,1545-8490,Decision Analysis,Q3,Decision Sciences (miscellaneous) (Q3),Decision Sciences
509,0011-7315,0011-7315,1540-5915,Decision Sciences,Q1,"Business, Management and Accounting (miscellaneous) (Q1); Information Systems and Management (Q1); Management of Technology and Innovation (Q1); Strategy and Management (Q1)","Business, Management and Accounting; Decision Sciences"
510,1540-4595,1540-4609,1540-4595,Decision Sciences Journal of Innovative Education,Q2,"Business, Management and Accounting (miscellaneous) (Q2); Decision Sciences (miscellaneous) (Q2); Education (Q2)","Business, Management and Accounting; Decision Sciences; Social Sciences"
511,0167-9236,0167-9236,,Decision Support Systems,Q1,Arts and Humanities (miscellaneous) (Q1); Developmental and Educational Psychology (Q1); Information Systems (Q1); Information Systems and Management (Q1); Management Information Systems (Q1),"Arts and Humanities; Business, Management and Accounting; Computer Science; Decision Sciences; Psychology"
512,,,,,,,
513,1593-8883,1593-8883,1129-6569,Decisions in Economics and Finance,Q3,"Economics, Econometrics and Finance (miscellaneous) (Q3); Finance (Q3)","Economics, Econometrics and Finance"
514,1024-2694,1476-8267,1024-2694,Defence and Peace Economics,Q1,Social Sciences (miscellaneous) (Q1); Economics and Econometrics (Q2),"Economics, Econometrics and Finance; Social Sciences"
515,,,,,,,
516,,,,,,,
517,1435-9871,2363-7064,1435-9871,Demographic Research,Q1,Demography (Q1),Social Sciences
518,0070-3370,0070-3370,1533-7790,Demography,Q1,Demography (Q1),Social Sciences
519,,,,,,,
520,,,,,,,
521,0142-694X,0142-694X,,Design Studies,Q1,Architecture (Q1); Artificial Intelligence (Q1); Arts and Humanities (miscellaneous) (Q1); Computer Science Applications (Q1); Engineering (miscellaneous) (Q1); Social Sciences (miscellaneous) (Q1),Arts and Humanities; Computer Science; Engineering; Social Sciences
522,0012-1533,0012-1533,1746-1049,Developing Economies,Q3,Development (Q3); Economics and Econometrics (Q3),"Economics, Econometrics and Finance; Social Sciences"
523,0012-155X,1467-7660,0012-155X,Development and Change,Q1,Development (Q1),Social Sciences
524,1477-7282,1477-7282,,Development and Learning in Organizations,Q2,Library and Information Sciences (Q2); Organizational Behavior and Human Resource Management (Q3),"Business, Management and Accounting; Social Sciences"
525,0950-6764,0950-6764,1467-7679,Development Policy Review,Q2,"Development (Q2); Geography, Planning and Development (Q2); Management, Monitoring, Policy and Law (Q2)",Environmental Science; Social Sciences
526,0376-835X,1470-3637,0376-835X,Development Southern Africa,Q2,"Development (Q2); Geography, Planning and Development (Q2)",Social Sciences
527,2666-9544,2666-9544,,Digital Business,Q1,"Business and International Management (Q1); Business, Management and Accounting (miscellaneous) (Q1)","Business, Management and Accounting"
528,2398-5046,2398-5038,2398-5046,"Digital Policy, Regulation and Governance",Q2,Computer Networks and Communications (Q2); Information Systems (Q2); Information Systems and Management (Q2); Management Information Systems (Q2); Management of Technology and Innovation (Q2),"Business, Management and Accounting; Computer Science; Decision Sciences"
529,0361-3666,0361-3666,1467-7717,Disasters,Q1,Earth and Planetary Sciences (miscellaneous) (Q1); Social Sciences (miscellaneous) (Q1),Earth and Planetary Sciences; Social Sciences
530,1750-4813,1750-4813,1750-4821,Discourse and Communication,Q1,Communication (Q1); Linguistics and Language (Q1),Social Sciences
531,0957-9265,1460-3624,0957-9265,Discourse and Society,Q1,Communication (Q1); Linguistics and Language (Q1); Sociology and Political Science (Q1),Social Sciences
532,1461-4456,1461-4456,1461-7080,Discourse Studies,Q1,Anthropology (Q1); Communication (Q1); Linguistics and Language (Q1); Social Psychology (Q2),Psychology; Social Sciences
533,,,,,,,
534,0012-7086,0012-7086,,Duke Law Journal,Q1,Law (Q1),Social Sciences
535,,,,,,,
536,,,,,,,
537,2153-0785,2153-0785,2153-0793,Dynamic Games and Applications,Q2,Applied Mathematics (Q2); Computational Mathematics (Q2); Computational Theory and Mathematics (Q2); Computer Graphics and Computer-Aided Design (Q2); Computer Science Applications (Q2); Economics and Econometrics (Q2); Statistics and Probability (Q2),"Computer Science; Economics, Econometrics and Finance; Mathematics"
538,,,,,,,
539,0094-5056,0094-5056,1939-4632,Eastern Economic Journal,Q4,Economics and Econometrics (Q4),"Economics, Econometrics and Finance"
540,0012-8775,1557-9298,0012-8775,Eastern European Economics,Q3,Economics and Econometrics (Q3),"Economics, Econometrics and Finance"
541,0928-2750,0928-2750,1875-8363,EC Tax Review,Q1,Law (Q1); Accounting (Q3),"Business, Management and Accounting; Social Sciences"
542,0921-8009,0921-8009,,Ecological Economics,Q1,Economics and Econometrics (Q1); Environmental Science (miscellaneous) (Q1),"Economics, Econometrics and Finance; Environmental Science"
543,0012-9658,1939-9170,0012-9658,Ecology,Q1,"Ecology, Evolution, Behavior and Systematics (Q1)",Agricultural and Biological Sciences
544,1933-527X,1933-527X,,Econ Journal Watch,Q3,Economics and Econometrics (Q3),"Economics, Econometrics and Finance"
545,0747-4938,0747-4938,1532-4168,Econometric Reviews,Q2,Economics and Econometrics (Q2),"Economics, Econometrics and Finance"
546,0266-4666,0266-4666,1469-4360,Econometric Theory,Q1,Economics and Econometrics (Q1); Social Sciences (miscellaneous) (Q1),"Economics, Econometrics and Finance; Social Sciences"
547,0012-9682,0012-9682,1468-0262,Econometrica,Q1,Economics and Econometrics (Q1),"Economics, Econometrics and Finance"
548,2225-1146,2225-1146,,Econometrics,Q3,Economics and Econometrics (Q3),"Economics, Econometrics and Finance"
549,2452-3062,2452-3062,,Econometrics and Statistics,Q1,"Economics and Econometrics (Q1); Statistics and Probability (Q1); Statistics, Probability and Uncertainty (Q1)","Decision Sciences; Economics, Econometrics and Finance; Mathematics"
550,1368-4221,1368-4221,1368-423X,Econometrics Journal,Q1,Economics and Econometrics (Q1),"Economics, Econometrics and Finance"
551,,,,,,,
552,,,,,,,
553,1529-7470,1529-7470,1533-6239,Economia,Q3,"Economics, Econometrics and Finance (miscellaneous) (Q3); Political Science and International Relations (Q3); Business and International Management (Q4)","Business, Management and Accounting; Economics, Econometrics and Finance; Social Sciences"
554,0265-0665,0265-0665,1468-0270,Economic Affairs,Q3,"Development (Q3); Geography, Planning and Development (Q3); Aerospace Engineering (Q4)",Engineering; Social Sciences
555,2204-2296,2204-2296,,Economic Analysis and Policy,Q1,"Economics and Econometrics (Q1); Economics, Econometrics and Finance (miscellaneous) (Q1)","Economics, Econometrics and Finance"
556,1580-0466,1580-0466,2335-4216,Economic and Business Review,Q3,Multidisciplinary (Q3),Multidisciplinary
557,0143-831X,0143-831X,1461-7099,Economic and Industrial Democracy,Q1,"Business, Management and Accounting (miscellaneous) (Q1); Management of Technology and Innovation (Q1); Organizational Behavior and Human Resource Management (Q1); Strategy and Management (Q1)","Business, Management and Accounting"
558,,,,,,,
559,0012-9976,2349-8846,0012-9976,Economic and Political Weekly,Q3,"Economics, Econometrics and Finance (miscellaneous) (Q3); Political Science and International Relations (Q3); Sociology and Political Science (Q3)","Economics, Econometrics and Finance; Social Sciences"
560,0012-9984,0012-9984,,Economic and Social Review,Q3,Economics and Econometrics (Q3); Sociology and Political Science (Q3),"Economics, Econometrics and Finance; Social Sciences"
561,1573-9414,1574-0277,1573-9414,Economic Change and Restructuring,Q2,Economics and Econometrics (Q2),"Economics, Econometrics and Finance"
562,0424-267X,0424-267X,1842-3264,Economic Computation and Economic Cybernetics Studies and Research,Q4,Applied Mathematics (Q4); Computer Science Applications (Q4); Economics and Econometrics (Q4),"Computer Science; Economics, Econometrics and Finance; Mathematics"
563,0013-0079,0013-0079,1539-2988,Economic Development and Cultural Change,Q1,Development (Q1); Economics and Econometrics (Q1),"Economics, Econometrics and Finance; Social Sciences"
564,0891-2424,1552-3543,0891-2424,Economic Development Quarterly,Q1,Development (Q1); Urban Studies (Q1); Economics and Econometrics (Q2),"Economics, Econometrics and Finance; Social Sciences"
565,0013-0095,0013-0095,1944-8287,Economic Geography,Q1,"Economics and Econometrics (Q1); Geography, Planning and Development (Q1)","Economics, Econometrics and Finance; Social Sciences"
566,2078-0389,2078-0389,2078-0397,Economic History of Developing Regions,Q1,History (Q1); Development (Q3); Economics and Econometrics (Q3),"Arts and Humanities; Economics, Econometrics and Finance; Social Sciences"
567,0095-2583,0095-2583,1465-7295,Economic Inquiry,Q1,"Business, Management and Accounting (miscellaneous) (Q1); Economics and Econometrics (Q2)","Business, Management and Accounting; Economics, Econometrics and Finance"
568,,,,,,,
569,0264-9993,0264-9993,,Economic Modelling,Q1,Economics and Econometrics (Q1),"Economics, Econometrics and Finance"
570,0391-5026,1468-0300,0391-5026,Economic Notes,Q3,Economics and Econometrics (Q3),"Economics, Econometrics and Finance"
571,1759-3441,1759-3441,0812-0439,Economic Papers,Q2,"Economics, Econometrics and Finance (miscellaneous) (Q2)","Economics, Econometrics and Finance"
572,1994-5124,1994-5124,2411-2658,Ekonomicheskaya Politika,Q3,Economics and Econometrics (Q3); Finance (Q3); Sociology and Political Science (Q3),"Economics, Econometrics and Finance; Social Sciences"
573,0266-4658,0266-4658,1468-0327,Economic Policy,Q1,"Economics and Econometrics (Q1); Management, Monitoring, Policy and Law (Q1)","Economics, Econometrics and Finance; Environmental Science"
574,0041-3011,2448-718X,0041-3011,Trimestre Economico,Q3,Economics and Econometrics (Q3),"Economics, Econometrics and Finance"
575,0035-2764,0035-2764,1950-6694,Revue Economique,Q3,"Economics, Econometrics and Finance (miscellaneous) (Q3)","Economics, Econometrics and Finance"
576,0304-2758,0718-5286,0304-2758,Estudios de Economia,Q4,Economics and Econometrics (Q4),"Economics, Econometrics and Finance"
577,0205-3292,0205-3292,,Ikonomicheski Izsledvania,Q4,"Economics, Econometrics and Finance (miscellaneous) (Q4)","Economics, Econometrics and Finance"
578,0939-3625,0939-3625,,Economic Systems,Q2,Economics and Econometrics (Q2),"Economics, Econometrics and Finance"
579,0953-5314,0953-5314,1469-5758,Economic Systems Research,Q2,Economics and Econometrics (Q2),"Economics, Econometrics and Finance"
580,0938-2259,1432-0479,0938-2259,Economic Theory,Q1,Economics and Econometrics (Q1),"Economics, Econometrics and Finance"
581,,,,,,,
582,,,,,,,
583,0013-0427,0013-0427,1468-0335,Economica,Q1,Economics and Econometrics (Q1),"Economics, Econometrics and Finance"
584,0954-1985,0954-1985,1468-0343,Economics and Politics,Q2,Economics and Econometrics (Q2),"Economics, Econometrics and Finance"
585,,,,,,,
586,2392-1641,2392-1641,2450-0097,Economics and Business Review,Q2,Business and International Management (Q2); Economics and Econometrics (Q3); Finance (Q3),"Business, Management and Accounting; Economics, Econometrics and Finance"
587,,,,,,,
588,1570-677X,1873-6130,1570-677X,Economics and Human Biology,Q1,"Economics, Econometrics and Finance (miscellaneous) (Q1); Health (social science) (Q2)","Economics, Econometrics and Finance; Social Sciences"
589,0266-2671,0266-2671,1474-0028,Economics and Philosophy,Q1,Philosophy (Q1); Economics and Econometrics (Q2),"Arts and Humanities; Economics, Econometrics and Finance"
590,2280-7659,2280-7667,2280-7659,Economics and Policy of Energy and the Environment,Q4,"Economics and Econometrics (Q4); Management, Monitoring, Policy and Law (Q4); Renewable Energy, Sustainability and the Environment (Q4)","Economics, Econometrics and Finance; Energy; Environmental Science"
591,1545-2921,1545-2921,,Economics Bulletin,Q4,"Economics, Econometrics and Finance (miscellaneous) (Q4)","Economics, Econometrics and Finance"
592,0165-1765,0165-1765,,Economics Letters,Q2,Economics and Econometrics (Q2); Finance (Q2),"Economics, Econometrics and Finance"
593,,,,,,,
594,0272-7757,0272-7757,,Economics of Education Review,Q1,Education (Q1); Economics and Econometrics (Q2),"Economics, Econometrics and Finance; Social Sciences"
595,2160-5882,2160-5890,2160-5882,Economics of Energy and Environmental Policy,Q3,"Economics and Econometrics (Q3); Energy (miscellaneous) (Q3); Management, Monitoring, Policy and Law (Q3)","Economics, Econometrics and Finance; Energy; Environmental Science"
596,1435-6104,1435-6104,1435-8131,Economics of Governance,Q2,"Economics, Econometrics and Finance (miscellaneous) (Q2); Business and International Management (Q3)","Business, Management and Accounting; Economics, Econometrics and Finance"
597,1043-8599,1476-8364,1043-8599,Economics of Innovation and New Technology,Q1,"Economics, Econometrics and Finance (miscellaneous) (Q1); Management of Technology and Innovation (Q2)","Business, Management and Accounting; Economics, Econometrics and Finance"
598,2577-6975,2577-6975,2577-6983,Economics of Transition and Institutional Change,Q2,"Economics, Econometrics and Finance (miscellaneous) (Q2); Economics and Econometrics (Q3)","Economics, Econometrics and Finance"
599,2212-0122,2212-0122,,Economics of Transportation,Q1,"Economics, Econometrics and Finance (miscellaneous) (Q1); Transportation (Q2)","Economics, Econometrics and Finance; Social Sciences"
600,,,,,,,
601,1864-6042,1864-6042,,Economics,Q2,"Economics, Econometrics and Finance (miscellaneous) (Q2)","Economics, Econometrics and Finance"
602,2227-7099,2227-7099,,Economies,Q2,"Development (Q2); Economics, Econometrics and Finance (miscellaneous) (Q2)","Economics, Econometrics and Finance; Social Sciences"
603,2194-6167,2194-6167,1553-3832,Economists' Voice,Q2,"Economics, Econometrics and Finance (miscellaneous) (Q2); Business, Management and Accounting (miscellaneous) (Q3)","Business, Management and Accounting; Economics, Econometrics and Finance"
604,0308-5147,0308-5147,1469-5766,Economy and Society,Q1,"Business and International Management (Q1); Economics and Econometrics (Q1); Economics, Econometrics and Finance (miscellaneous) (Q1); History (Q1); Social Sciences (miscellaneous) (Q1)","Arts and Humanities; Business, Management and Accounting; Economics, Econometrics and Finance; Social Sciences"
605,0736-6981,1936-1009,0736-6981,EDPACS,Q3,Computer Networks and Communications (Q3); Safety Research (Q4); Software (Q4),Computer Science; Social Sciences
606,0964-5292,0964-5292,1469-5782,Education Economics,Q2,Economics and Econometrics (Q2); Education (Q2),"Economics, Econometrics and Finance; Social Sciences"
607,1557-3060,1557-3079,1557-3060,Education Finance and Policy,Q1,Education (Q1),Social Sciences
608,0013-1644,0013-1644,1552-3888,Educational and Psychological Measurement,Q1,Applied Mathematics (Q1); Applied Psychology (Q1); Developmental and Educational Psychology (Q1); Education (Q1); Psychology (miscellaneous) (Q1),Mathematics; Psychology; Social Sciences
609,1741-1432,1741-1440,1741-1432,Educational Management Administration and Leadership,Q1,Education (Q1); Strategy and Management (Q1),"Business, Management and Accounting; Social Sciences"
610,1448-2398,1448-2398,,eJournal of Tax Research,Q4,Accounting (Q4); Economics and Econometrics (Q4); Finance (Q4),"Business, Management and Accounting; Economics, Econometrics and Finance"
611,,,,,,,
612,1389-5753,1389-5753,1572-9362,Electronic Commerce Research,Q1,"Economics, Econometrics and Finance (miscellaneous) (Q1); Human-Computer Interaction (Q1)","Computer Science; Economics, Econometrics and Finance"
613,1567-4223,1567-4223,,Electronic Commerce Research and Applications,Q1,Computer Networks and Communications (Q1); Computer Science Applications (Q1); Management of Technology and Innovation (Q1); Marketing (Q1),"Business, Management and Accounting; Computer Science"
614,,,,,,,
615,,,,,,,
616,1681-4835,1681-4835,,Electronic Journal of Information Systems in Developing Countries,Q2,Information Systems (Q2); E-learning (Q3),Computer Science; Social Sciences
617,1479-4411,1479-4411,,Electronic Journal of Knowledge Management,Q3,Computer Networks and Communications (Q3); Computer Science Applications (Q4); Management Information Systems (Q4); Management of Technology and Innovation (Q4),"Business, Management and Accounting; Computer Science"
618,1083-6489,1083-6489,,Electronic Journal of Probability,Q1,"Statistics and Probability (Q1); Statistics, Probability and Uncertainty (Q1)",Decision Sciences; Mathematics
619,1019-6781,1422-8890,1019-6781,Electronic Markets,Q1,Business and International Management (Q1); Computer Science Applications (Q1); Economics and Econometrics (Q1); Management of Technology and Innovation (Q1); Marketing (Q1),"Business, Management and Accounting; Computer Science; Economics, Econometrics and Finance"
620,1540-496X,1558-0938,1540-496X,Emerging Markets Finance and Trade,Q1,"Economics, Econometrics and Finance (miscellaneous) (Q1); Finance (Q2)","Economics, Econometrics and Finance"
621,1566-0141,1873-6173,1566-0141,Emerging Markets Review,Q1,Business and International Management (Q1); Economics and Econometrics (Q1),"Business, Management and Accounting; Economics, Econometrics and Finance"
622,0340-8744,1573-6911,0340-8744,Empirica,Q2,"Development (Q2); Economics and Econometrics (Q2); Geography, Planning and Development (Q2)","Economics, Econometrics and Finance; Social Sciences"
623,0377-7332,1435-8921,0377-7332,Empirical Economics,Q1,Social Sciences (miscellaneous) (Q1); Economics and Econometrics (Q2); Mathematics (miscellaneous) (Q2); Statistics and Probability (Q2),"Economics, Econometrics and Finance; Mathematics; Social Sciences"
624,,,,,,,
625,0142-5455,0142-5455,,Employee Relations,Q1,Industrial Relations (Q1); Organizational Behavior and Human Resource Management (Q2),"Business, Management and Accounting"
626,,,,,,,
627,0892-7545,0892-7545,1573-3378,Employee Responsibilities and Rights Journal,Q2,Human Factors and Ergonomics (Q2); Organizational Behavior and Human Resource Management (Q2),"Business, Management and Accounting; Social Sciences"
628,0958-305X,0958-305X,2048-4070,Energy and Environment,Q1,"Energy Engineering and Power Technology (Q1); Environmental Engineering (Q1); Energy (miscellaneous) (Q2); Renewable Energy, Sustainability and the Environment (Q2)",Energy; Environmental Science
629,0140-9883,0140-9883,1873-6181,Energy Economics,Q1,Economics and Econometrics (Q1); Energy (miscellaneous) (Q1),"Economics, Econometrics and Finance; Energy"
630,0195-6574,1944-9089,0195-6574,Energy Journal,Q2,Economics and Econometrics (Q2); Energy (miscellaneous) (Q2),"Economics, Econometrics and Finance; Energy"
631,0301-4215,0301-4215,,Energy Policy,Q1,"Energy (miscellaneous) (Q1); Management, Monitoring, Policy and Law (Q1)",Energy; Environmental Science
632,2652-6433,2652-6433,,Energy Research Letters,Q2,"Economics, Econometrics and Finance (miscellaneous) (Q2); Economics and Econometrics (Q3); Energy (miscellaneous) (Q3); Finance (Q3)","Economics, Econometrics and Finance; Energy"
633,1556-7249,1556-7249,1556-7257,"Energy Sources, Part B: Economics, Planning and Policy",Q2,"Chemical Engineering (miscellaneous) (Q2); Energy Engineering and Power Technology (Q2); Environmental Science (miscellaneous) (Q2); Fuel Technology (Q2); Nuclear Energy and Engineering (Q2); Renewable Energy, Sustainability and the Environment (Q3)",Chemical Engineering; Energy; Environmental Science
634,0843-4379,0843-4379,,Energy Studies Review,Q4,Economics and Econometrics (Q4); Energy (miscellaneous) (Q4); Environmental Engineering (Q4),"Economics, Econometrics and Finance; Energy; Environmental Science"
635,1392-2785,1392-2785,2029-5839,Engineering Economics,Q2,Engineering (miscellaneous) (Q2); Business and International Management (Q3); Economics and Econometrics (Q3),"Business, Management and Accounting; Economics, Econometrics and Finance; Engineering"
636,0013-791X,0013-791X,1547-2701,Engineering Economist,Q3,Engineering (miscellaneous) (Q3); Economics and Econometrics (Q4); Education (Q4),"Economics, Econometrics and Finance; Engineering; Social Sciences"
637,1042-9247,1042-9247,,EMJ - Engineering Management Journal,Q2,Engineering (miscellaneous) (Q2); Organizational Behavior and Human Resource Management (Q2),"Business, Management and Accounting; Engineering"
638,0969-9988,1365-232X,0969-9988,"Engineering, Construction and Architectural Management",Q1,"Architecture (Q1); Building and Construction (Q1); Business, Management and Accounting (miscellaneous) (Q1); Civil and Structural Engineering (Q1)","Business, Management and Accounting; Engineering"
639,,,,,,,
640,1467-2227,1467-2227,1467-2235,Enterprise and Society,Q1,"History (Q1); Business, Management and Accounting (miscellaneous) (Q2)","Arts and Humanities; Business, Management and Accounting"
641,1755-1978,1755-1978,1755-1986,Enterprise Development and Microfinance,Q4,"Development (Q4); Geography, Planning and Development (Q4)",Social Sciences
642,,,,,,,
643,1751-7575,1751-7583,1751-7575,Enterprise Information Systems,Q1,Information Systems and Management (Q1); Computer Science Applications (Q2),Computer Science; Decision Sciences
644,,,,,,,
645,,,,,,,
646,0898-5626,1464-5114,0898-5626,Entrepreneurship and Regional Development,Q1,Business and International Management (Q1); Development (Q1); Economics and Econometrics (Q1),"Business, Management and Accounting; Economics, Econometrics and Finance; Social Sciences"
647,2194-6175,2157-5665,2194-6175,Entrepreneurship Research Journal,Q2,Business and International Management (Q2); Management of Technology and Innovation (Q2); Strategy and Management (Q2),"Business, Management and Accounting"
648,1042-2587,1042-2587,1540-6520,Entrepreneurship Theory and Practice,Q1,Business and International Management (Q1); Economics and Econometrics (Q1),"Business, Management and Accounting; Economics, Econometrics and Finance"
649,1355-770X,1355-770X,1469-4395,Environment and Development Economics,Q1,Development (Q1); Economics and Econometrics (Q2); Environmental Science (miscellaneous) (Q2),"Economics, Econometrics and Finance; Environmental Science; Social Sciences"
650,0308-518X,1472-3409,0308-518X,Environment and Planning A,Q1,"Environmental Science (miscellaneous) (Q1); Geography, Planning and Development (Q1)",Environmental Science; Social Sciences
651,environment and planning b urban analytics and city science,2399-8083,2399-8091,Environment and Planning B: Urban Analytics and City Science,Q1,"Architecture (Q1); Geography, Planning and Development (Q1); Nature and Landscape Conservation (Q1); Urban Studies (Q1); Management, Monitoring, Policy and Law (Q2)",Engineering; Environmental Science; Social Sciences
652,environment and planning c politics and space,2399-6544,2399-6552,Environment and Planning C: Politics and Space,Q1,"Environmental Science (miscellaneous) (Q1); Geography, Planning and Development (Q1); Management, Monitoring, Policy and Law (Q1); Public Administration (Q1)",Environmental Science; Social Sciences
653,0263-7758,0263-7758,1472-3433,Environment and Planning D: Society and Space,Q1,"Environmental Science (miscellaneous) (Q1); Geography, Planning and Development (Q1)",Environmental Science; Social Sciences
654,0975-4253,0976-3546,0975-4253,Environment and Urbanization ASIA,Q2,Urban Studies (Q2),Social Sciences
655,1352-8505,1352-8505,1573-3009,Environmental and Ecological Statistics,Q3,"Environmental Science (miscellaneous) (Q3); Statistics and Probability (Q3); Statistics, Probability and Uncertainty (Q3)",Decision Sciences; Environmental Science; Mathematics
656,,,,,,,
657,0924-6460,0924-6460,1573-1502,Environmental and Resource Economics,Q1,"Economics and Econometrics (Q1); Management, Monitoring, Policy and Law (Q1)","Economics, Econometrics and Finance; Environmental Science"
658,1432-847X,1867-383X,1432-847X,Environmental Economics and Policy Studies,Q2,"Economics and Econometrics (Q2); Management, Monitoring, Policy and Law (Q2)","Economics, Econometrics and Finance; Environmental Science"
659,1350-4622,1469-5871,1350-4622,Environmental Education Research,Q1,Education (Q1),Social Sciences
660,2210-4224,2210-4232,2210-4224,Environmental Innovation and Societal Transitions,Q1,"Environmental Science (miscellaneous) (Q1); Renewable Energy, Sustainability and the Environment (Q1); Social Sciences (miscellaneous) (Q1)",Energy; Environmental Science; Social Sciences
661,0364-152X,0364-152X,1432-1009,Environmental Management,Q1,Ecology (Q1); Global and Planetary Change (Q2); Pollution (Q2),Environmental Science
662,1180-4009,1099-095X,1180-4009,Environmetrics,Q2,Ecological Modeling (Q2); Statistics and Probability (Q2),Environmental Science; Mathematics
663,,,,,,,
664,2040-7149,1758-7093,2040-7149,"Equality, Diversity and Inclusion",Q1,Cultural Studies (Q1); Gender Studies (Q1); Sociology and Political Science (Q1); Organizational Behavior and Human Resource Management (Q2),"Business, Management and Accounting; Social Sciences"
665,1876-9098,1876-9098,,Erasmus Journal for Philosophy and Economics,Q2,"Philosophy (Q2); Economics, Econometrics and Finance (miscellaneous) (Q4)","Arts and Humanities; Economics, Econometrics and Finance"
666,,,,,,,
667,1292-8100,1292-8100,1262-3318,ESAIM - Probability and Statistics,Q2,Statistics and Probability (Q2),Mathematics
668,,,,,,,
669,0101-4161,1980-5357,0101-4161,Estudos Economicos,Q4,"Economics, Econometrics and Finance (miscellaneous) (Q4)","Economics, Econometrics and Finance"
670,,,,,,,
671,1388-1957,1388-1957,1572-8439,Ethics and Information Technology,Q1,Computer Science Applications (Q1); Library and Information Sciences (Q1),Computer Science; Social Sciences
672,0014-1704,1539-297X,0014-1704,Ethics,Q1,Philosophy (Q1),Arts and Humanities
673,1309-4297,1309-4297,2147-4281,Eurasian Business Review,Q1,"Business, Management and Accounting (miscellaneous) (Q1); Economics, Econometrics and Finance (miscellaneous) (Q1)","Business, Management and Accounting; Economics, Econometrics and Finance"
674,1309-422X,1309-422X,2147-429X,Eurasian Economic Review,Q1,"Economics, Econometrics and Finance (miscellaneous) (Q1)","Economics, Econometrics and Finance"
675,1538-7216,1538-7216,,Eurasian Geography and Economics,Q1,"Geography, Planning and Development (Q1); Economics and Econometrics (Q2)","Economics, Econometrics and Finance; Social Sciences"
676,1694-5948,1694-5972,1694-5948,Eurasian Journal of Business and Economics,Q3,"Economics, Econometrics and Finance (miscellaneous) (Q3)","Economics, Econometrics and Finance"
677,2192-4376,2192-4384,2192-4376,EURO Journal on Transportation and Logistics,Q1,Modeling and Simulation (Q1); Management Science and Operations Research (Q2); Transportation (Q2),Decision Sciences; Mathematics; Social Sciences
678,1746-692X,1478-0917,1746-692X,EuroChoices,Q1,"Economics, Econometrics and Finance (miscellaneous) (Q1); Geography, Planning and Development (Q1)","Economics, Econometrics and Finance; Social Sciences"
679,1450-2194,1450-2194,1758-888X,EuroMed Journal of Business,Q1,"Business, Management and Accounting (miscellaneous) (Q1); Finance (Q1)","Business, Management and Accounting; Economics, Econometrics and Finance"
680,0966-8136,0966-8136,1465-3427,Europe-Asia Studies,Q1,"History (Q1); Economics and Econometrics (Q2); Geography, Planning and Development (Q2); Sociology and Political Science (Q2)","Arts and Humanities; Economics, Econometrics and Finance; Social Sciences"
681,2190-9733,2190-9741,2190-9733,European Actuarial Journal,Q2,"Economics and Econometrics (Q2); Statistics and Probability (Q2); Statistics, Probability and Uncertainty (Q2)","Decision Sciences; Economics, Econometrics and Finance; Mathematics"
682,0959-6941,1875-841X,0959-6941,European Business Law Review,Q2,Law (Q2),Social Sciences
683,1566-7529,1741-6205,1566-7529,European Business Organization Law Review,Q1,Law (Q1); Political Science and International Relations (Q1); Business and International Management (Q2),"Business, Management and Accounting; Social Sciences"
684,0955-534X,0955-534X,,European Business Review,Q1,"Business and International Management (Q1); Business, Management and Accounting (miscellaneous) (Q1)","Business, Management and Accounting"
685,,,,,,,
686,1744-1056,1744-1056,1757-8396,European Competition Journal,Q1,"Law (Q1); Economics, Econometrics and Finance (miscellaneous) (Q2)","Economics, Econometrics and Finance; Social Sciences"
687,0144-3054,0144-3054,2754-1711,European Competition Law Review,Q4,Law (Q4),Social Sciences
688,0014-2921,0014-2921,,European Economic Review,Q1,Economics and Econometrics (Q1); Finance (Q1),"Economics, Econometrics and Finance"
689,1354-7798,1354-7798,1468-036X,European Financial Management,Q1,"Accounting (Q1); Economics, Econometrics and Finance (miscellaneous) (Q1)","Business, Management and Accounting; Economics, Econometrics and Finance"
690,,,,,,,
691,0267-3231,0267-3231,1460-3705,European Journal of Communication,Q1,Communication (Q1); Linguistics and Language (Q1),Social Sciences
692,1824-2979,1824-2979,,European Journal of Comparative Economics,Q4,Economics and Econometrics (Q4),"Economics, Econometrics and Finance"
693,0957-8811,1743-9728,0957-8811,European Journal of Development Research,Q2,"Development (Q2); Geography, Planning and Development (Q2)",Social Sciences
694,2052-7764,2052-7764,2052-7772,European Journal of Economics and Economic Policies: Intervention,Q2,Economics and Econometrics (Q2); Finance (Q2),"Economics, Econometrics and Finance"
695,2254-7088,2254-7088,,European Journal of Government and Economics,Q4,Economics and Econometrics (Q4); Public Administration (Q4),"Economics, Econometrics and Finance; Social Sciences"
696,1618-7598,1618-7598,1618-7601,European Journal of Health Economics,Q1,"Economics, Econometrics and Finance (miscellaneous) (Q1); Health Policy (Q1)","Economics, Econometrics and Finance; Medicine"
697,0959-6801,1461-7129,0959-6801,European Journal of Industrial Relations,Q1,"Business, Management and Accounting (miscellaneous) (Q1); Management of Technology and Innovation (Q1); Organizational Behavior and Human Resource Management (Q1); Strategy and Management (Q1)","Business, Management and Accounting"
698,0960-085X,0960-085X,1476-9344,European Journal of Information Systems,Q1,Information Systems (Q1); Information Systems and Management (Q1); Library and Information Sciences (Q1); Management Information Systems (Q1),"Business, Management and Accounting; Computer Science; Decision Sciences; Social Sciences"
699,1460-1060,1460-1060,,European Journal of Innovation Management,Q1,Management of Technology and Innovation (Q1),"Business, Management and Accounting"
700,0938-5428,0938-5428,1464-3596,European Journal of International Law,Q1,Law (Q1); Political Science and International Relations (Q1),Social Sciences
701,1751-6757,1751-6757,1751-6765,European Journal of International Management,Q3,Business and International Management (Q3); Education (Q3); Organizational Behavior and Human Resource Management (Q3),"Business, Management and Accounting; Social Sciences"
702,1354-0661,1460-3713,1354-0661,European Journal of International Relations,Q1,Political Science and International Relations (Q1); Sociology and Political Science (Q1),Social Sciences
703,0929-1261,0929-1261,1572-9990,European Journal of Law and Economics,Q1,Law (Q1); Business and International Management (Q2); Economics and Econometrics (Q2),"Business, Management and Accounting; Economics, Econometrics and Finance; Social Sciences"
704,2444-8451,2444-8451,2444-8494,European Journal of Management and Business Economics,Q1,"Business and International Management (Q1); Tourism, Leisure and Hospitality Management (Q1); Finance (Q2); Marketing (Q2); Organizational Behavior and Human Resource Management (Q2); Strategy and Management (Q2)","Business, Management and Accounting; Economics, Econometrics and Finance"
705,2183-4172,2183-4172,2635-2648,European Journal of Management Studies,Q2,"Business, Management and Accounting (miscellaneous) (Q2); Strategy and Management (Q2); Marketing (Q3)","Business, Management and Accounting"
706,0309-0566,0309-0566,,European Journal of Marketing,Q1,Marketing (Q1),"Business, Management and Accounting"
707,0377-2217,0377-2217,,European Journal of Operational Research,Q1,Computer Science (miscellaneous) (Q1); Industrial and Manufacturing Engineering (Q1); Information Systems and Management (Q1); Management Science and Operations Research (Q1); Modeling and Simulation (Q1),Computer Science; Decision Sciences; Engineering; Mathematics
708,0890-2070,0890-2070,1099-0984,European Journal of Personality,Q1,Social Psychology (Q1),Psychology
709,0176-2680,0176-2680,,European Journal of Political Economy,Q1,Economics and Econometrics (Q1); Political Science and International Relations (Q1),"Economics, Econometrics and Finance; Social Sciences"
710,0304-4130,0304-4130,1475-6765,European Journal of Political Research,Q1,Sociology and Political Science (Q1),Social Sciences
711,0168-6577,1572-9885,0168-6577,European Journal of Population,Q1,Demography (Q1),Social Sciences
712,1015-5759,2151-2426,1015-5759,European Journal of Psychological Assessment,Q1,Applied Psychology (Q1),Psychology
713,1101-1262,1464-360X,1101-1262,European Journal of Public Health,Q1,"Public Health, Environmental and Occupational Health (Q1)",Medicine
714,0046-2772,1099-0992,0046-2772,European Journal of Social Psychology,Q1,Social Psychology (Q1),Psychology
715,0967-2567,1469-5936,0967-2567,European Journal of the History of Economic Thought,Q1,"Arts and Humanities (miscellaneous) (Q1); History and Philosophy of Science (Q1); Economics, Econometrics and Finance (miscellaneous) (Q2)","Arts and Humanities; Economics, Econometrics and Finance"
716,1994-7658,1314-0817,1994-7658,European Journal of Tourism Research,Q1,"Geography, Planning and Development (Q1); Tourism, Leisure and Hospitality Management (Q2)","Business, Management and Accounting; Social Sciences"
717,2046-9012,2046-9012,2046-9020,European Journal of Training and Development,Q1,"Business, Management and Accounting (miscellaneous) (Q1); Education (Q1); Organizational Behavior and Human Resource Management (Q2)","Business, Management and Accounting; Social Sciences"
718,1567-7133,1567-7141,1567-7133,European Journal of Transport and Infrastructure Research,Q2,"Geography, Planning and Development (Q2); Urban Studies (Q2); Transportation (Q3)",Social Sciences
719,1359-432X,1359-432X,1464-0643,European Journal of Work and Organizational Psychology,Q1,Applied Psychology (Q1); Organizational Behavior and Human Resource Management (Q1),"Business, Management and Accounting; Psychology"
720,1351-5993,1468-0386,1351-5993,European Law Journal,Q2,Law (Q2),Social Sciences
721,0307-5400,0307-5400,,European Law Review,Q2,Law (Q2),Social Sciences
722,0263-2373,0263-2373,,European Management Journal,Q1,Strategy and Management (Q1),"Business, Management and Accounting"
723,1740-4754,1740-4762,1740-4754,European Management Review,Q1,Business and International Management (Q1); Strategy and Management (Q1),"Business, Management and Accounting"
724,2444-8834,2444-8834,,European Research on Management and Business Economics,Q1,Business and International Management (Q1); Economics and Econometrics (Q1); Marketing (Q1); Strategy and Management (Q1),"Business, Management and Accounting; Economics, Econometrics and Finance"
725,0165-1587,1464-3618,0165-1587,European Review of Agricultural Economics,Q1,Agricultural and Biological Sciences (miscellaneous) (Q1); Economics and Econometrics (Q1),"Agricultural and Biological Sciences; Economics, Econometrics and Finance"
726,1361-4916,1361-4916,1474-0044,European Review of Economic History,Q1,"History (Q1); Economics, Econometrics and Finance (miscellaneous) (Q2)","Arts and Humanities; Economics, Econometrics and Finance"
727,1618-4742,1746-031X,1618-4742,European Sport Management Quarterly,Q1,"Sports Science (Q1); Strategy and Management (Q1); Tourism, Leisure and Hospitality Management (Q1)","Business, Management and Accounting; Health Professions"
728,0014-3138,0014-3138,2352-9199,European Taxation,Q2,"Economics, Econometrics and Finance (miscellaneous) (Q2); Law (Q2)","Economics, Econometrics and Finance; Social Sciences"
729,1825-3997,1825-3997,,European Transport - Trasporti Europei,Q2,Automotive Engineering (Q2); Transportation (Q3),Engineering; Social Sciences
730,,,,,,,
731,0969-7764,0969-7764,1461-7145,European Urban and Regional Studies,Q1,Environmental Science (miscellaneous) (Q1); Urban Studies (Q1),Environmental Science; Social Sciences
732,1356-3890,1356-3890,1461-7153,Evaluation,Q1,Sociology and Political Science (Q1); Development (Q2),Social Sciences
733,0193-841X,1552-3926,0193-841X,Evaluation Review,Q1,Arts and Humanities (miscellaneous) (Q1); Social Sciences (miscellaneous) (Q2),Arts and Humanities; Social Sciences
734,1525-9951,1525-9951,,Event Management,Q2,"Business and International Management (Q2); Marketing (Q3); Tourism, Leisure and Hospitality Management (Q3)","Business, Management and Accounting"
735,2049-3983,2049-3983,2049-3991,Evidence-based HRM,Q2,Industrial Relations (Q2); Applied Psychology (Q3); Organizational Behavior and Human Resource Management (Q3),"Business, Management and Accounting; Psychology"
736,1386-4157,1573-6938,1386-4157,Experimental Economics,Q1,"Economics, Econometrics and Finance (miscellaneous) (Q1)","Economics, Econometrics and Finance"
737,1473-7167,1473-7167,1744-8379,Expert Review of Pharmacoeconomics and Outcomes Research,Q3,Health Policy (Q3); Medicine (miscellaneous) (Q3); Pharmacology (medical) (Q3),Medicine
738,0014-4983,0014-4983,1090-2457,Explorations in Economic History,Q1,Economics and Econometrics (Q1); History (Q1),"Arts and Humanities; Economics, Econometrics and Finance"
739,0263-2772,0263-2772,,Facilities,Q1,Architecture (Q1); Building and Construction (Q2); Human Factors and Ergonomics (Q3),Engineering; Social Sciences
740,,,,,,,
741,,,,,,,
742,0894-4865,1741-6248,0894-4865,Family Business Review,Q1,"Business, Management and Accounting (miscellaneous) (Q1); Finance (Q1)","Business, Management and Accounting; Economics, Econometrics and Finance"
743,,,,,,,
744,0067-205X,1444-6928,0067-205X,Federal Law Review,Q3,Law (Q3),Social Sciences
745,1354-5701,1466-4372,1354-5701,Feminist Economics,Q1,"Arts and Humanities (miscellaneous) (Q1); Business, Management and Accounting (miscellaneous) (Q1); Gender Studies (Q1); Economics and Econometrics (Q2)","Arts and Humanities; Business, Management and Accounting; Economics, Econometrics and Finance; Social Sciences"
746,2319-7145,2455-2658,2319-7145,FIIB Business Review,Q2,"Business and International Management (Q2); Business, Management and Accounting (miscellaneous) (Q2); Organizational Behavior and Human Resource Management (Q2); Strategy and Management (Q2)","Business, Management and Accounting"
747,0752-6180,2101-0145,0752-6180,Finance,Q4,Accounting (Q4); Economics and Econometrics (Q4); Finance (Q4); Marketing (Q4),"Business, Management and Accounting; Economics, Econometrics and Finance"
748,0949-2984,1432-1122,0949-2984,Finance and Stochastics,Q1,"Finance (Q1); Statistics and Probability (Q1); Statistics, Probability and Uncertainty (Q1)","Decision Sciences; Economics, Econometrics and Finance; Mathematics"
749,0970-3772,0970-3772,,Finance India,Q4,Accounting (Q4); Finance (Q4),"Business, Management and Accounting; Economics, Econometrics and Finance"
750,1544-6123,1544-6131,1544-6123,Finance Research Letters,Q1,Finance (Q1),"Economics, Econometrics and Finance"
751,0267-4424,1468-0408,0267-4424,Financial Accountability and Management,Q1,"Business, Management and Accounting (miscellaneous) (Q1); Economics, Econometrics and Finance (miscellaneous) (Q1)","Business, Management and Accounting; Economics, Econometrics and Finance"
752,0015-198X,0015-198X,,Financial Analysts Journal,Q1,Accounting (Q1); Economics and Econometrics (Q1); Finance (Q1),"Business, Management and Accounting; Economics, Econometrics and Finance"
753,0968-5650,0968-5650,1474-0052,Financial History Review,Q1,History (Q1); Finance (Q3),"Arts and Humanities; Economics, Econometrics and Finance"
754,2199-4730,2199-4730,,Financial Innovation,Q1,Finance (Q1); Management of Technology and Innovation (Q1),"Business, Management and Accounting; Economics, Econometrics and Finance"
755,0046-3892,1755-053X,0046-3892,Financial Management,Q1,Accounting (Q1); Economics and Econometrics (Q1); Finance (Q1),"Business, Management and Accounting; Economics, Econometrics and Finance"
756,1934-4554,1934-4554,2373-8529,Financial Markets and Portfolio Management,Q3,Accounting (Q3); Finance (Q3),"Business, Management and Accounting; Economics, Econometrics and Finance"
757,0963-8008,0963-8008,1468-0416,"Financial Markets, Institutions and Instruments",Q1,"Economics, Econometrics and Finance (miscellaneous) (Q1); Finance (Q1)","Economics, Econometrics and Finance"
758,,,,,,,
759,2573-8615,2573-8615,,Financial Planning Review,Q3,Finance (Q3),"Economics, Econometrics and Finance"
760,,,,,,,
761,0732-8516,1540-6288,0732-8516,Financial Review,Q2,Economics and Econometrics (Q2); Finance (Q2),"Economics, Econometrics and Finance"
762,,,,,,,
763,,,,,,,
764,,,,,,,
765,,,,,,,
766,1396-0466,1396-0466,,First Monday,Q1,Law (Q1); Computer Networks and Communications (Q2); Human-Computer Interaction (Q3),Computer Science; Social Sciences
767,0143-5671,0143-5671,1475-5890,Fiscal Studies,Q2,Accounting (Q2); Economics and Econometrics (Q2); Finance (Q2),"Business, Management and Accounting; Economics, Econometrics and Finance"
768,1936-6582,1936-6590,1936-6582,Flexible Services and Manufacturing Journal,Q1,Industrial and Manufacturing Engineering (Q1); Management Science and Operations Research (Q2),Decision Sciences; Engineering
769,0306-9192,0306-9192,,Food Policy,Q1,"Development (Q1); Economics and Econometrics (Q1); Food Science (Q1); Management, Monitoring, Policy and Law (Q1); Sociology and Political Science (Q1)","Agricultural and Biological Sciences; Economics, Econometrics and Finance; Environmental Science; Social Sciences"
770,0950-3293,0950-3293,,Food Quality and Preference,Q1,Food Science (Q1); Nutrition and Dietetics (Q1),Agricultural and Biological Sciences; Nursing
771,,,,,,,
772,0015-7120,0015-7120,,Foreign Affairs,Q1,Political Science and International Relations (Q1); Sociology and Political Science (Q1),Social Sciences
773,0015-7228,0015-7228,,Foreign Policy,Q4,Political Science and International Relations (Q4); Sociology and Political Science (Q4),Social Sciences
774,0015-7325,0015-7325,0971-7625,Foreign Trade Review,Q2,"Economics, Econometrics and Finance (miscellaneous) (Q2); Business and International Management (Q3); Marketing (Q3)","Business, Management and Accounting; Economics, Econometrics and Finance"
775,foresight,3009-6294,3062-6307,Foresight,Q1,"Economics, Econometrics and Finance (miscellaneous) (Q1); Business and International Management (Q2); Management of Technology and Innovation (Q2); Management Science and Operations Research (Q2)","Business, Management and Accounting; Decision Sciences; Economics, Econometrics and Finance"
776,1389-9341,1389-9341,,Forest Policy and Economics,Q1,"Economics and Econometrics (Q1); Forestry (Q1); Management, Monitoring, Policy and Law (Q1); Sociology and Political Science (Q1)","Agricultural and Biological Sciences; Economics, Econometrics and Finance; Environmental Science; Social Sciences"
777,2194-6191,2194-6191,1558-9544,Forum for Health Economics and Policy,Q2,"Economics, Econometrics and Finance (miscellaneous) (Q2); Health Policy (Q3)","Economics, Econometrics and Finance; Medicine"
778,0736-0932,1874-6381,0736-0932,Forum for Social Economics,Q3,Economics and Econometrics (Q3); Sociology and Political Science (Q3),"Economics, Econometrics and Finance; Social Sciences"
779,,,,,,,
780,1554-0642,1554-0642,1554-0650,Foundations and Trends in Accounting,Q1,Accounting (Q1); Finance (Q1),"Business, Management and Accounting; Economics, Econometrics and Finance"
781,1551-3076,1551-3076,1551-3084,Foundations and Trends in Econometrics,Q2,Economics and Econometrics (Q2),"Economics, Econometrics and Finance"
782,1567-2395,1567-2409,1567-2395,Foundations and Trends in Finance,Q1,Economics and Econometrics (Q1); Finance (Q1),"Economics, Econometrics and Finance"
783,1547-9846,1547-9846,1547-9854,Foundations and Trends in Microeconomics,-,Economics and Econometrics,"Economics, Econometrics and Finance"
784,,,,,,,
785,1673-3444,1673-3444,1673-3568,Frontiers of Economics in China,Q3,Economics and Econometrics (Q3),"Economics, Econometrics and Finance"
786,0016-3287,0016-3287,,Futures,Q1,Business and International Management (Q1); Development (Q1); Sociology and Political Science (Q1),"Business, Management and Accounting; Social Sciences"
787,1136-0593,1136-0593,2445-4192,Fuzzy Economic Review,Q4,Economics and Econometrics (Q4),"Economics, Econometrics and Finance"
788,1411-1128,1411-1128,2338-7238,Gadjah Mada International Journal of Business,Q2,Business and International Management (Q2); Economics and Econometrics (Q3),"Business, Management and Accounting; Economics, Econometrics and Finance"
789,2073-4336,2073-4336,,Games,Q3,"Applied Mathematics (Q3); Statistics and Probability (Q3); Statistics, Probability and Uncertainty (Q3)",Decision Sciences; Mathematics
790,0899-8256,1090-2473,0899-8256,Games and Economic Behavior,Q1,Economics and Econometrics (Q1); Finance (Q1),"Economics, Econometrics and Finance"
791,0891-2432,0891-2432,1552-3977,Gender and Society,Q1,Arts and Humanities (miscellaneous) (Q1); Gender Studies (Q1); Sociology and Political Science (Q1),Arts and Humanities; Social Sciences
792,1754-2413,1754-2413,,Gender in Management,Q1,"Business, Management and Accounting (miscellaneous) (Q1); Gender Studies (Q1)","Business, Management and Accounting; Social Sciences"
793,0968-6673,1468-0432,0968-6673,"Gender, Work and Organization",Q1,Gender Studies (Q1); Organizational Behavior and Human Resource Management (Q1),"Business, Management and Accounting; Social Sciences"
794,1465-6485,1468-0475,1465-6485,German Economic Review,Q3,Economics and Econometrics (Q3),"Economics, Econometrics and Finance"
795,0002-1121,0002-1121,2191-4028,German Journal of Agricultural Economics,Q2,Agricultural and Biological Sciences (miscellaneous) (Q2); Economics and Econometrics (Q3),"Agricultural and Biological Sciences; Economics, Econometrics and Finance"
796,2397-0022,2397-0022,2397-0030,German Journal of Human Resource Management,Q1,Organizational Behavior and Human Resource Management (Q1),"Business, Management and Accounting"
797,1097-4954,1097-4954,1745-1329,Global Business and Economics Review,Q4,Business and International Management (Q4); Economics and Econometrics (Q4),"Business, Management and Accounting; Economics, Econometrics and Finance"
798,1932-2054,1932-2054,1932-2062,Global Business and Organizational Excellence,Q1,Business and International Management (Q1); Organizational Behavior and Human Resource Management (Q1),"Business, Management and Accounting"
799,0972-1509,0973-0664,0972-1509,Global Business Review,Q2,Business and International Management (Q2),"Business, Management and Accounting"
800,1226-508X,1744-3873,1226-508X,Global Economic Review,Q3,"Business and International Management (Q3); Economics, Econometrics and Finance (miscellaneous) (Q3); Political Science and International Relations (Q3)","Business, Management and Accounting; Economics, Econometrics and Finance; Social Sciences"
801,2194-5659,1553-5304,2194-5659,Global Economy Journal,Q4,"Economics, Econometrics and Finance (miscellaneous) (Q4)","Economics, Econometrics and Finance"
802,0959-3780,0959-3780,1872-9495,Global Environmental Change,Q1,"Ecology (Q1); Geography, Planning and Development (Q1); Global and Planetary Change (Q1); Management, Monitoring, Policy and Law (Q1)",Environmental Science; Social Sciences
803,1526-3800,1526-3800,,Global Environmental Politics,Q1,"Global and Planetary Change (Q1); Management, Monitoring, Policy and Law (Q1); Political Science and International Relations (Q1); Renewable Energy, Sustainability and the Environment (Q1)",Energy; Environmental Science; Social Sciences
804,1044-0283,1044-0283,,Global Finance Journal,Q1,Economics and Econometrics (Q1); Finance (Q1),"Economics, Econometrics and Finance"
805,,,,,,,
806,0972-2696,0972-2696,0974-0198,Global Journal of Flexible Systems Management,Q1,"Business and International Management (Q1); Business, Management and Accounting (miscellaneous) (Q1); Management Information Systems (Q1); Strategy and Management (Q1)","Business, Management and Accounting"
807,2514-9342,2514-9350,2514-9342,"Global Knowledge, Memory and Communication",Q1,Library and Information Sciences (Q1),Social Sciences
808,1470-2266,1471-0374,1470-2266,Global Networks,Q1,Social Sciences (miscellaneous) (Q1),Social Sciences
809,1468-0181,1741-2803,1468-0181,Global Social Policy,Q2,"Sociology and Political Science (Q2); Geography, Planning and Development (Q3); Management, Monitoring, Policy and Law (Q3)",Environmental Science; Social Sciences
810,2042-5805,2042-5805,,Global Strategy Journal,Q1,Business and International Management (Q1); Strategy and Management (Q1),"Business, Management and Accounting"
811,,,,,,,
812,0740-624X,0740-624X,,Government Information Quarterly,Q1,E-learning (Q1); Law (Q1); Library and Information Sciences (Q1); Sociology and Political Science (Q1),Social Sciences
813,1038-3441,1839-4205,1038-3441,Griffith Law Review,Q2,Law (Q2),Social Sciences
814,1059-6011,1552-3993,1059-6011,Group and Organization Management,Q1,Applied Psychology (Q1); Arts and Humanities (miscellaneous) (Q1); Organizational Behavior and Human Resource Management (Q1),"Arts and Humanities; Business, Management and Accounting; Psychology"
815,0926-2644,0926-2644,1572-9907,Group Decision and Negotiation,Q1,Arts and Humanities (miscellaneous) (Q1); Social Sciences (miscellaneous) (Q1); Decision Sciences (miscellaneous) (Q2); Management of Technology and Innovation (Q2); Strategy and Management (Q2),"Arts and Humanities; Business, Management and Accounting; Decision Sciences; Social Sciences"
816,1089-2699,1089-2699,1930-7802,Group Dynamics,Q2,Social Psychology (Q2); Applied Psychology (Q3),Psychology
817,1368-4302,1461-7188,1368-4302,Group Processes and Intergroup Relations,Q1,Arts and Humanities (miscellaneous) (Q1); Communication (Q1); Cultural Studies (Q1); Social Psychology (Q1); Sociology and Political Science (Q1),Arts and Humanities; Psychology; Social Sciences
818,0017-4815,1468-2257,0017-4815,Growth and Change,Q3,Global and Planetary Change (Q3),Environmental Science
819,0197-3975,0197-3975,,Habitat International,Q1,Nature and Landscape Conservation (Q1); Urban Studies (Q1),Environmental Science; Social Sciences
820,0017-8012,0017-8012,,Harvard Business Review,Q3,"Business and International Management (Q3); Business, Management and Accounting (miscellaneous) (Q3); Economics and Econometrics (Q3); Management of Technology and Innovation (Q3); Medicine (miscellaneous) (Q3); Strategy and Management (Q3)","Business, Management and Accounting; Economics, Econometrics and Finance; Medicine"
821,0147-8257,0147-8257,,Harvard Environmental Law Review,Q2,"Law (Q2); Environmental Science (miscellaneous) (Q3); Management, Monitoring, Policy and Law (Q3)",Environmental Science; Social Sciences
822,0017-8063,0017-8063,,Harvard International Law Journal,Q1,Law (Q1); Political Science and International Relations (Q1),Social Sciences
823,0193-4872,0193-4872,,Harvard Journal of Law and Public Policy,Q2,Law (Q2); Sociology and Political Science (Q2),Social Sciences
824,,,,,,,
825,0017-811X,0017-811X,,Harvard Law Review,Q1,Law (Q1),Social Sciences
826,,,,,,,
827,0361-6274,1550-5030,0361-6274,Health Care Management Review,Q1,Leadership and Management (Q1); Health Policy (Q2); Strategy and Management (Q2),"Business, Management and Accounting; Medicine; Nursing"
828,1386-9620,1386-9620,1572-9389,Health Care Management Science,Q1,Health Professions (miscellaneous) (Q1); Medicine (miscellaneous) (Q2),Health Professions; Medicine
829,1041-0236,1041-0236,1532-7027,Health Communication,Q1,Communication (Q1); Health (social science) (Q1),Social Sciences
830,1057-9230,1057-9230,1099-1050,Health Economics (United Kingdom),Q1,Health Policy (Q1),Medicine
831,2191-1991,2191-1991,,Health Economics Review,Q1,Health Policy (Q1),Medicine
832,1744-1331,1744-1331,1744-134X,"Health Economics, Policy and Law",Q2,Health Policy (Q2),Medicine
833,1460-4582,1460-4582,1741-2811,Health Informatics Journal,Q3,Health Informatics (Q3),Medicine
834,0735-9683,1545-0864,0735-9683,Health Marketing Quarterly,Q2,Health Professions (miscellaneous) (Q2); Marketing (Q3),"Business, Management and Accounting; Health Professions"
835,0168-8510,1872-6054,0168-8510,Health Policy,Q1,Health Policy (Q1),Medicine
836,0957-4824,0957-4824,1460-2245,Health Promotion International,Q1,"Health (social science) (Q1); Public Health, Environmental and Occupational Health (Q1)",Medicine; Social Sciences
837,0951-4848,1758-1044,0951-4848,Health Services Management Research,Q2,Health Policy (Q2),Medicine
838,0017-9124,1475-6773,0017-9124,Health Services Research,Q1,Health Policy (Q1),Medicine
839,2047-6965,2047-6973,2047-6965,Health Systems,Q2,Information Systems (Q2); Computer Science Applications (Q3); Health Informatics (Q3); Health Information Management (Q3); Health Policy (Q3); Human-Computer Interaction (Q3); Management Science and Operations Research (Q3),Computer Science; Decision Sciences; Health Professions; Medicine
840,0951-5224,0951-5224,1468-2273,Higher Education Quarterly,Q1,Education (Q1),Social Sciences
841,2042-3896,2042-390X,2042-3896,"Higher Education, Skills and Work-based Learning",Q2,Education (Q2); Life-span and Life-course Studies (Q3),Social Sciences
842,1465-4466,1465-4466,1569-206X,Historical Materialism,Q1,"History (Q1); Economics, Econometrics and Finance (miscellaneous) (Q2); Political Science and International Relations (Q2); Social Sciences (miscellaneous) (Q2); Sociology and Political Science (Q2)","Arts and Humanities; Economics, Econometrics and Finance; Social Sciences"
843,1362-1572,2049-4459,1362-1572,Historical Studies in Industrial Relations,Q2,History (Q2); Economics and Econometrics (Q4); Political Science and International Relations (Q4),"Arts and Humanities; Economics, Econometrics and Finance; Social Sciences"
844,1122-8792,1122-8792,1724-2169,History of Economic Ideas,Q3,History (Q3); Economics and Econometrics (Q4); Sociology and Political Science (Q4),"Arts and Humanities; Economics, Econometrics and Finance; Social Sciences"
845,2240-9971,2240-9971,2280-188X,History of Economic Thought and Policy,Q3,History (Q3); Economics and Econometrics (Q4); Public Administration (Q4),"Arts and Humanities; Economics, Econometrics and Finance; Social Sciences"
846,1037-0196,1037-0196,1838-6318,History of Economics Review,Q4,Economics and Econometrics (Q4),"Economics, Econometrics and Finance"
847,0018-2702,1527-1919,0018-2702,History of Political Economy,Q1,History (Q1); Economics and Econometrics (Q2),"Arts and Humanities; Economics, Econometrics and Finance"
848,hitotsubashi journal of economics,2436-097X,,Hitotsubashi Journal of Economics,Q4,"Business, Management and Accounting (miscellaneous) (Q4); Economics and Econometrics (Q4)","Business, Management and Accounting; Economics, Econometrics and Finance"
849,,,,,,,
850,,,,,,,
851,2042-7913,2042-7921,2042-7913,Hospitality and Society,Q3,"Social Sciences (miscellaneous) (Q3); Tourism, Leisure and Hospitality Management (Q4)","Business, Management and Accounting; Social Sciences"
852,1051-1482,1051-1482,2152-050X,Housing Policy Debate,Q1,"Development (Q1); Urban Studies (Q1); Management, Monitoring, Policy and Law (Q2)",Environmental Science; Social Sciences
853,0267-3037,1466-1810,0267-3037,Housing Studies,Q1,Environmental Science (miscellaneous) (Q1); Sociology and Political Science (Q1); Urban Studies (Q1),Environmental Science; Social Sciences
854,,,,,,,
855,0895-9285,0895-9285,1532-7043,Human Performance,Q2,Applied Psychology (Q2); Organizational Behavior and Human Resource Management (Q2); Psychology (miscellaneous) (Q2),"Business, Management and Accounting; Psychology"
856,0018-7267,0018-7267,1741-282X,Human Relations,Q1,Arts and Humanities (miscellaneous) (Q1); Management of Technology and Innovation (Q1); Social Sciences (miscellaneous) (Q1); Strategy and Management (Q1),"Arts and Humanities; Business, Management and Accounting; Social Sciences"
857,1367-8868,1367-8868,1469-8374,Human Resource Development International,Q1,Organizational Behavior and Human Resource Management (Q1),"Business, Management and Accounting"
858,1044-8004,1532-1096,1044-8004,Human Resource Development Quarterly,Q1,Arts and Humanities (miscellaneous) (Q1); Organizational Behavior and Human Resource Management (Q1),"Arts and Humanities; Business, Management and Accounting"
859,1534-4843,1552-6712,1534-4843,Human Resource Development Review,Q1,Organizational Behavior and Human Resource Management (Q1),"Business, Management and Accounting"
860,0090-4848,0090-4848,1099-050X,Human Resource Management,Q1,Applied Psychology (Q1); Management of Technology and Innovation (Q1); Organizational Behavior and Human Resource Management (Q1); Strategy and Management (Q1),"Business, Management and Accounting; Psychology"
861,0967-0734,0967-0734,,Human Resource Management International Digest,Q4,Organizational Behavior and Human Resource Management (Q4),"Business, Management and Accounting"
862,0954-5395,1748-8583,0954-5395,Human Resource Management Journal,Q1,Organizational Behavior and Human Resource Management (Q1),"Business, Management and Accounting"
863,1053-4822,1053-4822,,Human Resource Management Review,Q1,Applied Psychology (Q1); Organizational Behavior and Human Resource Management (Q1),"Business, Management and Accounting; Psychology"
864,0167-2533,0167-2533,,Human Systems Management,Q3,"Business, Management and Accounting (miscellaneous) (Q3)","Business, Management and Accounting"
865,0737-0024,1532-7051,0737-0024,Human-Computer Interaction,Q2,Applied Psychology (Q2); Human-Computer Interaction (Q2),Computer Science; Psychology
866,0386-1112,0386-1112,,IATSS Research,Q1,Engineering (miscellaneous) (Q1); Safety Research (Q1); Urban Studies (Q1); Transportation (Q2),Engineering; Social Sciences
867,2049-1999,0258-3690,2049-1999,ICSID Review,Q1,Law (Q1); Finance (Q2),"Economics, Econometrics and Finance; Social Sciences"
868,1558-0040,0018-9391,1558-0040,IEEE Transactions on Engineering Management,Q1,Electrical and Electronic Engineering (Q1); Strategy and Management (Q1),"Business, Management and Accounting; Engineering"
869,1524-9050,1558-0016,1524-9050,IEEE Transactions on Intelligent Transportation Systems,Q1,Automotive Engineering (Q1); Computer Science Applications (Q1); Mechanical Engineering (Q1),Computer Science; Engineering
870,0361-1434,1558-1500,0361-1434,IEEE Transactions on Professional Communication,Q1,Linguistics and Language (Q1); Electrical and Electronic Engineering (Q2); Industrial Relations (Q2),"Business, Management and Accounting; Engineering; Social Sciences"
871,0018-9855,0018-9855,2195-0237,IIC International Review of Intellectual Property and Competition Law,Q1,Law (Q1); Political Science and International Relations (Q1),Social Sciences
872,2321-029X,2321-029X,2277-9752,IIM Kozhikode Society and Management Review,Q2,Education (Q2),Social Sciences
873,0970-3896,0970-3896,,IIMB Management Review,Q2,"Business, Management and Accounting (miscellaneous) (Q2); Economics and Econometrics (Q3)","Business, Management and Accounting; Economics, Econometrics and Finance"
874,iise transactions,2472-5862,2472-5854,IISE Transactions,Q1,Industrial and Manufacturing Engineering (Q1),Engineering
875,0019-7939,0019-7939,2162-271X,ILR Review,Q1,Management of Technology and Innovation (Q1); Organizational Behavior and Human Resource Management (Q1); Strategy and Management (Q1),"Business, Management and Accounting"
876,,,,,,,
877,2041-4161,2041-417X,2041-4161,IMF Economic Review,Q1,"Business, Management and Accounting (miscellaneous) (Q1); Economics, Econometrics and Finance (miscellaneous) (Q1)","Business, Management and Accounting; Economics, Econometrics and Finance"
878,1461-5517,1461-5517,1471-5465,Impact Assessment and Project Appraisal,Q2,"Geography, Planning and Development (Q2); Management, Monitoring, Policy and Law (Q2)",Environmental Science; Social Sciences
879,0019-4662,2631-617X,0019-4662,Indian Economic Journal,Q3,"Economics, Econometrics and Finance (miscellaneous) (Q3); Economics and Econometrics (Q4)","Economics, Econometrics and Finance"
880,0019-4670,0019-4670,2520-1778,Indian Economic Review,Q2,"Economics, Econometrics and Finance (miscellaneous) (Q2); Economics and Econometrics (Q3)","Economics, Econometrics and Finance"
881,1753-8254,1753-8254,1753-8262,Indian Growth and Development Review,Q3,"Business and International Management (Q3); Economics and Econometrics (Q3); Geography, Planning and Development (Q3)","Business, Management and Accounting; Economics, Econometrics and Finance; Social Sciences"
882,0974-6862,0974-6862,2454-2482,Indian Journal of Corporate Governance,Q3,"Business and International Management (Q3); Business, Management and Accounting (miscellaneous) (Q3); Strategy and Management (Q3)","Business, Management and Accounting"
883,,,,,,,
884,0971-5215,0971-5215,0973-0672,Indian Journal of Gender Studies,Q2,Arts and Humanities (miscellaneous) (Q2); Cultural Studies (Q2); Gender Studies (Q3); Health (social science) (Q4),Arts and Humanities; Social Sciences
885,,,,,,,
886,0019-5308,0019-5308,,Indian Journal of Labour Economics,Q3,Economics and Econometrics (Q3),"Economics, Econometrics and Finance"
887,0973-8703,0973-8703,,Indian Journal of Marketing,Q3,Marketing (Q3),"Business, Management and Accounting"
888,,,,,,,
889,,,,,,,
890,0960-6491,1464-3650,0960-6491,Industrial and Corporate Change,Q1,Economics and Econometrics (Q1); Management of Technology and Innovation (Q1),"Business, Management and Accounting; Economics, Econometrics and Finance"
891,1754-9426,1754-9426,1754-9434,Industrial and Organizational Psychology,Q2,Applied Psychology (Q2); Social Psychology (Q2),Psychology
892,0305-9332,0305-9332,1464-3669,Industrial Law Journal,Q1,Law (Q1),Social Sciences
893,0263-5577,0263-5577,,Industrial Management and Data Systems,Q1,Computer Science Applications (Q1); Industrial and Manufacturing Engineering (Q1); Industrial Relations (Q1); Management Information Systems (Q1); Strategy and Management (Q1),"Business, Management and Accounting; Computer Science; Engineering"
894,0019-8501,0019-8501,,Industrial Marketing Management,Q1,Marketing (Q1),"Business, Management and Accounting"
895,0019-8692,1468-2338,0019-8692,Industrial Relations Journal,Q2,Industrial Relations (Q2),"Business, Management and Accounting"
896,0019-8676,0019-8676,1468-232X,Industrial Relations,Q1,Industrial Relations (Q1); Management of Technology and Innovation (Q1); Organizational Behavior and Human Resource Management (Q1); Strategy and Management (Q1),"Business, Management and Accounting"
897,0950-4222,2043-6858,0950-4222,Industry and Higher Education,Q1,Education (Q1); Business and International Management (Q2),"Business, Management and Accounting; Social Sciences"
898,1366-2716,1366-2716,1469-8390,Industry and Innovation,Q1,"Business, Management and Accounting (miscellaneous) (Q1); Management of Technology and Innovation (Q1)","Business, Management and Accounting"
899,0315-5986,0315-5986,1916-0615,INFOR,Q3,Computer Science Applications (Q3); Information Systems (Q3); Management Science and Operations Research (Q3); Signal Processing (Q3),Computer Science; Decision Sciences
900,1753-8157,1753-8157,1753-8165,Informatics for Health and Social Care,Q1,Nursing (miscellaneous) (Q1); Health Informatics (Q2); Health Information Management (Q2),Health Professions; Medicine; Nursing
901,0378-7206,0378-7206,,Information and Management,Q1,Information Systems (Q1); Information Systems and Management (Q1); Management Information Systems (Q1),"Business, Management and Accounting; Computer Science; Decision Sciences"
902,1360-0834,1360-0834,1469-8404,Information and Communications Technology Law,Q1,Law (Q1); Communication (Q2); Computer Science Applications (Q2),Computer Science; Social Sciences
903,0890-5401,1090-2651,0890-5401,Information and Computation,Q2,Computational Theory and Mathematics (Q2); Information Systems (Q2); Computer Science Applications (Q3); Theoretical Computer Science (Q3),Computer Science; Mathematics
904,2056-4961,2056-497X,2056-4961,Information and Computer Security,Q2,Computer Networks and Communications (Q2); Information Systems (Q2); Information Systems and Management (Q2); Management Information Systems (Q2); Management of Technology and Innovation (Q2); Software (Q2),"Business, Management and Accounting; Computer Science; Decision Sciences"
905,1471-7727,1471-7727,,Information and Organization,Q1,Information Systems (Q1); Library and Information Sciences (Q1); Management Information Systems (Q1); Management of Technology and Innovation (Q1); Organizational Behavior and Human Resource Management (Q1),"Business, Management and Accounting; Computer Science; Social Sciences"
906,2398-6247,2398-6247,,Information Discovery and Delivery,Q1,Library and Information Sciences (Q1); Computer Science (miscellaneous) (Q2),Computer Science; Social Sciences
907,0167-6245,0167-6245,,Information Economics and Policy,Q1,"Economics and Econometrics (Q1); Management, Monitoring, Policy and Law (Q1)","Economics, Econometrics and Finance; Environmental Science"
908,1570-1255,1875-8754,1570-1255,Information Polity,Q2,"Communication (Q2); Geography, Planning and Development (Q2); Information Systems (Q2); Public Administration (Q2); Sociology and Political Science (Q2)",Computer Science; Social Sciences
909,1040-1628,1533-7979,1040-1628,Information Resources Management Journal,Q3,Library and Information Sciences (Q3); Business and International Management (Q4); Strategy and Management (Q4),"Business, Management and Accounting; Social Sciences"
910,1617-9846,1617-9846,1617-9854,Information Systems and e-Business Management,Q2,Information Systems (Q2),Computer Science
911,1387-3326,1572-9419,1387-3326,Information Systems Frontiers,Q1,Computer Networks and Communications (Q1); Information Systems (Q1); Software (Q1); Theoretical Computer Science (Q1),Computer Science; Mathematics
912,1350-1917,1350-1917,1365-2575,Information Systems Journal,Q1,Computer Networks and Communications (Q1); Information Systems (Q1); Software (Q1),Computer Science
913,1058-0530,1058-0530,,Information Systems Management,Q1,Computer Science Applications (Q1); Information Systems (Q1); Library and Information Sciences (Q1),Computer Science; Social Sciences
914,1047-7047,1526-5536,1047-7047,Information Systems Research,Q1,Computer Networks and Communications (Q1); Information Systems (Q1); Information Systems and Management (Q1); Library and Information Sciences (Q1); Management Information Systems (Q1),"Business, Management and Accounting; Computer Science; Decision Sciences; Social Sciences"
915,0959-3845,0959-3845,,Information Technology and People,Q1,Computer Science Applications (Q1); Information Systems (Q1); Library and Information Sciences (Q1),Computer Science; Social Sciences
916,1098-3058,1098-3058,1943-4294,Information Technology and Tourism,Q1,"Computer Science Applications (Q1); Information Systems (Q1); Tourism, Leisure and Hospitality Management (Q1)","Business, Management and Accounting; Computer Science"
917,1385-951X,1385-951X,1573-7667,Information Technology and Management,Q1,"Communication (Q1); Business, Management and Accounting (miscellaneous) (Q2); Information Systems (Q2)","Business, Management and Accounting; Computer Science; Social Sciences"
918,0268-1102,1554-0170,0268-1102,Information Technology for Development,Q1,Computer Science Applications (Q1); Development (Q1); E-learning (Q1); Public Administration (Q1),Computer Science; Social Sciences
919,1369-118X,1468-4462,1369-118X,Information Communication and Society,Q1,Communication (Q1); Library and Information Sciences (Q1),Social Sciences
920,informs journal on applied analytics,2644-0865,2644-0873,INFORMS Journal on Applied Analytics,Q2,Management of Technology and Innovation (Q2); Management Science and Operations Research (Q2); Strategy and Management (Q2),"Business, Management and Accounting; Decision Sciences"
921,1091-9856,1091-9856,1526-5528,INFORMS Journal on Computing,Q1,Computer Science Applications (Q1); Information Systems (Q1); Management Science and Operations Research (Q1); Software (Q1),Computer Science; Decision Sciences
922,1532-0545,1532-0545,,INFORMS Transactions on Education,Q2,Education (Q2); Management Information Systems (Q2); Management Science and Operations Research (Q3),"Business, Management and Accounting; Decision Sciences; Social Sciences"
923,2949-7531,2949-7531,,Innovation and Green Development,Q1,"Management of Technology and Innovation (Q1); Management Science and Operations Research (Q1); Renewable Energy, Sustainability and the Environment (Q1)","Business, Management and Accounting; Decision Sciences; Energy"
924,,,,,,,
925,1447-9338,1447-9338,,Innovation: Organization and Management,Q1,Management of Technology and Innovation (Q1),"Business, Management and Accounting"
926,1351-1610,1351-1610,1469-8412,Innovation: The European Journal of Social Science Research,Q1,"Cultural Studies (Q1); Social Sciences (miscellaneous) (Q1); Sociology and Political Science (Q1); Geography, Planning and Development (Q2); Management of Technology and Innovation (Q2); Organizational Behavior and Human Resource Management (Q2); Strategy and Management (Q2)","Business, Management and Accounting; Social Sciences"
927,,,,,,,
928,,,,,,,
929,,,,,,,
930,,,,,,,
931,0167-6687,0167-6687,,Insurance: Mathematics and Economics,Q1,"Economics and Econometrics (Q1); Statistics and Probability (Q1); Statistics, Probability and Uncertainty (Q1)","Decision Sciences; Economics, Econometrics and Finance; Mathematics"
932,,,,,,,
933,,,,,,,
934,,,,,,,
935,,,,,,,
936,0953-5438,1873-7951,0953-5438,Interacting with Computers,Q2,Library and Information Sciences (Q2); Human-Computer Interaction (Q3); Software (Q3),Computer Science; Social Sciences
937,,,,,,,
938,2981-0795,2981-0795,,Interdisciplinary Journal of Management Studies,Q4,"Business and International Management (Q4); Business, Management and Accounting (miscellaneous) (Q4); Marketing (Q4); Strategy and Management (Q4)","Business, Management and Accounting"
939,0020-5346,1613-964X,0020-5346,Intereconomics,Q1,"Business, Management and Accounting (miscellaneous) (Q1); Economics, Econometrics and Finance (miscellaneous) (Q1)","Business, Management and Accounting; Economics, Econometrics and Finance"
940,0020-5893,0020-5893,1471-6895,International and Comparative Law Quarterly,Q1,Law (Q1); Political Science and International Relations (Q1),Social Sciences
941,1083-0898,1573-966X,1083-0898,International Advances in Economic Research,Q3,"Economics, Econometrics and Finance (miscellaneous) (Q3); Economics and Econometrics (Q4)","Economics, Econometrics and Finance"
942,0020-5850,1468-2346,0020-5850,International Affairs,Q1,Political Science and International Relations (Q1); Sociology and Political Science (Q1),Social Sciences
943,,,,,,,
944,0969-5931,0969-5931,,International Business Review,Q1,Business and International Management (Q1); Finance (Q1); Marketing (Q1); Strategy and Management (Q1),"Business, Management and Accounting; Economics, Econometrics and Finance"
945,,,,,,,
946,2044-4001,2044-3994,2044-4001,International Data Privacy Law,Q1,Law (Q1),Social Sciences
947,1474-6743,1478-3401,1474-6743,International Development Planning Review,Q2,"Development (Q2); Geography, Planning and Development (Q2)",Social Sciences
948,1016-8737,1743-517X,1016-8737,International Economic Journal,Q2,"Economics, Econometrics and Finance (miscellaneous) (Q2)","Economics, Econometrics and Finance"
949,0020-6598,1468-2354,0020-6598,International Economic Review,Q1,Economics and Econometrics (Q1),"Economics, Econometrics and Finance"
950,1612-4804,1612-4804,1612-4812,International Economics and Economic Policy,Q3,Economics and Econometrics (Q3),"Economics, Econometrics and Finance"
951,1554-7191,1554-7191,1555-1938,International Entrepreneurship and Management Journal,Q1,Management Information Systems (Q1); Management of Technology and Innovation (Q2),"Business, Management and Accounting"
952,1567-9764,1567-9764,1573-1553,"International Environmental Agreements: Politics, Law and Economics",Q1,Economics and Econometrics (Q1); Law (Q1); Political Science and International Relations (Q1),"Economics, Econometrics and Finance; Social Sciences"
953,1367-0271,1367-0271,1468-2362,International Finance,Q2,"Geography, Planning and Development (Q2); Development (Q3); Finance (Q3)","Economics, Econometrics and Finance; Social Sciences"
954,1445-9795,1479-4276,1445-9795,International Gambling Studies,Q2,Applied Psychology (Q2),Psychology
955,0219-1989,0219-1989,1793-6675,International Game Theory Review,Q4,"Business and International Management (Q4); Computer Science (miscellaneous) (Q4); Statistics, Probability and Uncertainty (Q4)","Business, Management and Accounting; Computer Science; Decision Sciences"
956,,,,,,,
957,1180-0518,1099-1107,1180-0518,International Insolvency Review,Q4,Finance (Q4); Law (Q4),"Economics, Econometrics and Finance; Social Sciences"
958,,,,,,,
959,,,,,,,
960,,,,,,,
961,1834-7649,1758-9037,1834-7649,International Journal of Accounting and Information Management,Q1,"Accounting (Q1); Economics, Econometrics and Finance (miscellaneous) (Q1); Management Information Systems (Q1); Management of Technology and Innovation (Q1)","Business, Management and Accounting; Economics, Econometrics and Finance"
962,1467-0895,1467-0895,,International Journal of Accounting Information Systems,Q1,Accounting (Q1); Finance (Q1); Information Systems and Management (Q1); Management Information Systems (Q1),"Business, Management and Accounting; Decision Sciences; Economics, Econometrics and Finance"
963,1740-8008,1740-8008,1740-8016,"International Journal of Accounting, Auditing and Performance Evaluation",Q3,Accounting (Q3); Finance (Q3); Organizational Behavior and Human Resource Management (Q4),"Business, Management and Accounting; Economics, Econometrics and Finance"
964,,,,,,,
965,0265-0487,1759-3948,0265-0487,International Journal of Advertising,Q1,Communication (Q1); Marketing (Q1),"Business, Management and Accounting; Social Sciences"
966,1462-4605,1462-4605,1741-5004,"International Journal of Agricultural Resources, Governance and Ecology",Q4,"Agronomy and Crop Science (Q4); Ecology (Q4); Management, Monitoring, Policy and Law (Q4)",Agricultural and Biological Sciences; Environmental Science
967,,,,,,,
968,,,,,,,
969,,,,,,,
970,,,,,,,
971,1480-8986,1480-8986,,International Journal of Arts Management,Q1,Visual Arts and Performing Arts (Q1); Business and International Management (Q3),"Arts and Humanities; Business, Management and Accounting"
972,1479-5914,1479-5914,1479-5922,International Journal of Asian Studies,Q2,Arts and Humanities (miscellaneous) (Q2); Social Sciences (miscellaneous) (Q3),Arts and Humanities; Social Sciences
973,1090-6738,1099-1123,1090-6738,International Journal of Auditing,Q1,"Economics, Econometrics and Finance (miscellaneous) (Q1); Accounting (Q2)","Business, Management and Accounting; Economics, Econometrics and Finance"
974,1881-7629,1883-8022,1881-7629,International Journal of Automation Technology,Q2,Industrial and Manufacturing Engineering (Q2); Mechanical Engineering (Q3),Engineering
975,1229-9138,1229-9138,1976-3832,International Journal of Automotive Technology,Q2,Automotive Engineering (Q2),Engineering
976,0265-2323,0265-2323,,International Journal of Bank Marketing,Q1,Marketing (Q1),"Business, Management and Accounting"
977,1755-3830,1755-3830,1755-3849,"International Journal of Banking, Accounting and Finance",Q4,Accounting (Q4); Economics and Econometrics (Q4); Finance (Q4),"Business, Management and Accounting; Economics, Econometrics and Finance"
978,,,,,,,
979,,,,,,,
980,1083-4346,1083-4346,,International Journal of Business,Q4,Business and International Management (Q4); Economics and Econometrics (Q4); Finance (Q4); Strategy and Management (Q4),"Business, Management and Accounting; Economics, Econometrics and Finance"
981,,,,,,,
982,,,,,,,
983,1511-6670,1511-6670,,International Journal of Business and Society,Q3,Business and International Management (Q3); Economics and Econometrics (Q3); Finance (Q3); Strategy and Management (Q3),"Business, Management and Accounting; Economics, Econometrics and Finance"
984,2329-4884,2329-4884,2329-4892,International Journal of Business Communication,Q1,"Business, Management and Accounting (miscellaneous) (Q1); Economics, Econometrics and Finance (miscellaneous) (Q1)","Business, Management and Accounting; Economics, Econometrics and Finance"
985,1746-0972,1746-0972,1746-0980,International Journal of Business Information Systems,Q3,Information Systems and Management (Q3); Management Information Systems (Q3); Management of Technology and Innovation (Q4),"Business, Management and Accounting; Decision Sciences"
986,1947-3591,1947-3605,1947-3591,International Journal of Business Intelligence Research,Q4,"Information Systems and Management (Q4); Management Information Systems (Q4); Statistics, Probability and Uncertainty (Q4)","Business, Management and Accounting; Decision Sciences"
987,,,,,,,
988,,,,,,,
989,1815-4654,1815-4654,1815-7556,International Journal of Central Banking,Q1,Economics and Econometrics (Q1); Finance (Q1),"Economics, Econometrics and Finance"
990,1757-1170,1757-1170,1757-1189,International Journal of Computational Economics and Econometrics,Q4,Computer Science Applications (Q4); Economics and Econometrics (Q4),"Computer Science; Economics, Econometrics and Finance"
991,1044-4068,1044-4068,,International Journal of Conflict Management,Q1,Communication (Q1); Management of Technology and Innovation (Q2); Strategy and Management (Q2),"Business, Management and Accounting; Social Sciences"
992,2331-2327,1562-3599,2331-2327,International Journal of Construction Management,Q1,Architecture (Q1); Building and Construction (Q1); Strategy and Management (Q1); Management of Technology and Innovation (Q2),"Business, Management and Accounting; Engineering"
993,1470-6423,1470-6423,1470-6431,International Journal of Consumer Studies,Q1,"Applied Psychology (Q1); Economics and Econometrics (Q1); Marketing (Q1); Public Health, Environmental and Occupational Health (Q1)","Business, Management and Accounting; Economics, Econometrics and Finance; Medicine; Psychology"
994,0959-6119,0959-6119,,International Journal of Contemporary Hospitality Management,Q1,"Tourism, Leisure and Hospitality Management (Q1)","Business, Management and Accounting"
995,,,,,,,
996,,,,,,,
997,1470-5958,1470-5958,1741-2838,International Journal of Cross Cultural Management,Q1,Arts and Humanities (miscellaneous) (Q1); Cultural Studies (Q1); Business and International Management (Q2); Organizational Behavior and Human Resource Management (Q2),"Arts and Humanities; Business, Management and Accounting; Social Sciences"
998,1028-6632,1477-2833,1028-6632,International Journal of Cultural Policy,Q1,Cultural Studies (Q1); Sociology and Political Science (Q1),Social Sciences
999,1548-3924,1548-3924,1548-3932,International Journal of Data Warehousing and Mining,Q3,Hardware and Architecture (Q3); Software (Q4),Computer Science
1000,2010-2690,2010-2690,2010-2704,International Journal of Development and Conflict,Q3,"Development (Q3); Economics, Econometrics and Finance (miscellaneous) (Q3); Political Science and International Relations (Q3)","Economics, Econometrics and Finance; Social Sciences"
1001,1446-8956,1446-8956,1758-8553,International Journal of Development Issues,Q2,Development (Q2); Economics and Econometrics (Q2); Political Science and International Relations (Q2),"Economics, Econometrics and Finance; Social Sciences"
1002,2212-4209,2212-4209,,International Journal of Disaster Risk Reduction,Q1,Geology (Q1); Geotechnical Engineering and Engineering Geology (Q1); Safety Research (Q1),Earth and Planetary Sciences; Social Sciences
1003,1741-3591,1741-3591,1746-6539,International Journal of Disclosure and Governance,Q2,Accounting (Q2); Business and International Management (Q2); Economics and Econometrics (Q2); Finance (Q2); Strategy and Management (Q2),"Business, Management and Accounting; Economics, Econometrics and Finance"
1004,,,,,,,
1005,1752-0452,1752-0452,1752-0460,International Journal of Economic Policy in Emerging Economies,Q4,Economics and Econometrics (Q4),"Economics, Econometrics and Finance"
1006,,,,,,,
1007,1742-7355,1742-7355,1742-7363,International Journal of Economic Theory,Q3,Economics and Econometrics (Q3),"Economics, Econometrics and Finance"
1008,,,,,,,
1009,1756-9850,1756-9869,1756-9850,International Journal of Economics and Business Research,Q4,"Business, Management and Accounting (miscellaneous) (Q4); Economics, Econometrics and Finance (miscellaneous) (Q4)","Business, Management and Accounting; Economics, Econometrics and Finance"
1010,2146-4138,2146-4138,,International Journal of Economics and Financial Issues (discontinued),-,"Economics and Econometrics; Economics, Econometrics and Finance (miscellaneous); Finance","Economics, Econometrics and Finance"
1011,,,,,,,
1012,0951-354X,0951-354X,,International Journal of Educational Management,Q1,Education (Q1); Organizational Behavior and Human Resource Management (Q2),"Business, Management and Accounting; Social Sciences"
1013,,,,,,,
1014,1086-4415,1086-4415,1557-9301,International Journal of Electronic Commerce,Q1,Business and International Management (Q1); Economics and Econometrics (Q2),"Business, Management and Accounting; Economics, Econometrics and Finance"
1015,1750-0664,1750-0664,1750-0672,International Journal of Electronic Customer Relationship Management,Q4,"Business, Management and Accounting (miscellaneous) (Q4)","Business, Management and Accounting"
1016,1746-0069,1746-0077,1746-0069,International Journal of Electronic Finance,Q3,Computer Networks and Communications (Q3); Finance (Q3); Computer Science Applications (Q4); E-learning (Q4); Management of Technology and Innovation (Q4),"Business, Management and Accounting; Computer Science; Economics, Econometrics and Finance; Social Sciences"
1017,1548-3886,1548-3894,1548-3886,International Journal of Electronic Government Research,Q2,Computer Networks and Communications (Q2); Social Sciences (miscellaneous) (Q2); E-learning (Q3); Hardware and Architecture (Q3); Software (Q3),Computer Science; Social Sciences
1018,1741-1025,1741-1025,1741-1033,International Journal of Electronic Marketing and Retailing,Q3,Business and International Management (Q3); Management Information Systems (Q3); Marketing (Q3),"Business, Management and Accounting"
1019,2047-0908,2047-0908,2047-0894,International Journal of Emergency Services,Q2,Safety Research (Q2); Management Science and Operations Research (Q3),Decision Sciences; Social Sciences
1020,1746-8809,1746-8809,1746-8817,International Journal of Emerging Markets,Q1,"Business, Management and Accounting (miscellaneous) (Q1); Business and International Management (Q2)","Business, Management and Accounting"
1021,,,,,,,
1022,2146-4553,2146-4553,,International Journal of Energy Economics and Policy (discontinued),-,"Economics, Econometrics and Finance (miscellaneous); Energy (miscellaneous)","Economics, Econometrics and Finance; Energy"
1023,1750-6220,1750-6220,,International Journal of Energy Sector Management,Q2,Energy (miscellaneous) (Q2); Strategy and Management (Q2),"Business, Management and Accounting; Energy"
1024,1548-1115,1548-1115,1548-1123,International Journal of Enterprise Information Systems,Q3,Computer Science Applications (Q3); Information Systems and Management (Q3); Management Information Systems (Q3),"Business, Management and Accounting; Computer Science; Decision Sciences"
1025,1748-1260,1748-1252,1748-1260,International Journal of Enterprise Network Management,Q4,Business and International Management (Q4); Management of Technology and Innovation (Q4); Management Science and Operations Research (Q4),"Business, Management and Accounting; Decision Sciences"
1026,1355-2554,1355-2554,,International Journal of Entrepreneurial Behaviour and Research,Q1,"Business and International Management (Q1); Business, Management and Accounting (miscellaneous) (Q1)","Business, Management and Accounting"
1027,1465-7503,2043-6882,1465-7503,International Journal of Entrepreneurship and Innovation,Q2,Business and International Management (Q2); Management of Technology and Innovation (Q2),"Business, Management and Accounting"
1028,0957-4352,0957-4352,1741-5101,International Journal of Environment and Pollution,Q4,"Management, Monitoring, Policy and Law (Q4); Pollution (Q4); Waste Management and Disposal (Q4)",Environmental Science
1029,2514-9369,2514-9369,,International Journal of Ethics and Systems,Q1,Philosophy (Q1); Economics and Econometrics (Q2),"Arts and Humanities; Economics, Econometrics and Finance"
1030,1758-2954,1758-2954,1758-2962,International Journal of Event and Festival Management,Q2,"Business, Management and Accounting (miscellaneous) (Q2); Tourism, Leisure and Hospitality Management (Q3)","Business, Management and Accounting"
1031,1076-9307,1099-1158,1076-9307,International Journal of Finance and Economics,Q2,Accounting (Q2); Economics and Econometrics (Q2); Finance (Q2),"Business, Management and Accounting; Economics, Econometrics and Finance"
1032,,,,,,,
1033,,,,,,,
1034,,,,,,,
1035,0169-2070,0169-2070,,International Journal of Forecasting,Q1,Business and International Management (Q1),"Business, Management and Accounting"
1036,0020-7276,1432-1270,0020-7276,International Journal of Game Theory,Q2,"Mathematics (miscellaneous) (Q2); Social Sciences (miscellaneous) (Q2); Economics and Econometrics (Q3); Statistics and Probability (Q3); Statistics, Probability and Uncertainty (Q3)","Decision Sciences; Economics, Econometrics and Finance; Mathematics; Social Sciences"
1037,1756-6266,1756-6274,1756-6266,International Journal of Gender and Entrepreneurship,Q1,Business and International Management (Q1); Gender Studies (Q1); Economics and Econometrics (Q2),"Business, Management and Accounting; Economics, Econometrics and Finance; Social Sciences"
1038,0308-1079,0308-1079,1563-5104,International Journal of General Systems,Q2,Computer Science Applications (Q2); Control and Systems Engineering (Q2); Information Systems (Q2); Modeling and Simulation (Q2); Theoretical Computer Science (Q2),Computer Science; Engineering; Mathematics
1039,,,,,,,
1040,0954-7118,1741-5128,0954-7118,International Journal of Global Energy Issues,Q4,"Energy Engineering and Power Technology (Q4); Nuclear Energy and Engineering (Q4); Renewable Energy, Sustainability and the Environment (Q4)",Energy
1041,,,,,,,
1042,1744-9928,1744-9936,1744-9928,International Journal of Green Economics,Q2,"Economics, Econometrics and Finance (miscellaneous) (Q2)","Economics, Econometrics and Finance"
1043,0952-6862,0952-6862,,International Journal of Health Care Quality Assurance,Q2,"Business, Management and Accounting (miscellaneous) (Q2); Health Policy (Q3)","Business, Management and Accounting; Medicine"
1044,,,,,,,
1045,1555-3396,1555-3396,1555-340X,International Journal of Healthcare Information Systems and Informatics,Q3,Information Systems and Management (Q3); Information Systems (Q4); Medicine (miscellaneous) (Q4),Computer Science; Decision Sciences; Medicine
1046,2047-9700,2047-9700,2047-9719,International Journal of Healthcare Management,Q3,Health Policy (Q3); Leadership and Management (Q3),Medicine; Nursing
1047,1352-7258,1470-3610,1352-7258,International Journal of Heritage Studies,Q1,"Conservation (Q1); Cultural Studies (Q1); Geography, Planning and Development (Q1); History (Q1); Museology (Q1); Tourism, Leisure and Hospitality Management (Q1)","Arts and Humanities; Business, Management and Accounting; Social Sciences"
1048,,,,,,,
1049,1525-6480,1525-6480,1525-6499,International Journal of Hospitality and Tourism Administration,Q2,"Tourism, Leisure and Hospitality Management (Q2)","Business, Management and Accounting"
1050,0278-4319,0278-4319,,International Journal of Hospitality Management,Q1,"Strategy and Management (Q1); Tourism, Leisure and Hospitality Management (Q1)","Business, Management and Accounting"
1051,1753-8270,1753-8270,1753-8289,International Journal of Housing Markets and Analysis,Q2,"Economics, Econometrics and Finance (miscellaneous) (Q2)","Economics, Econometrics and Finance"
1052,international journal of housing policy,1949-1247,1949-1255,International Journal of Housing Policy,Q1,"Geography, Planning and Development (Q1); Management, Monitoring, Policy and Law (Q2)",Environmental Science; Social Sciences
1053,0958-5192,0958-5192,1466-4399,International Journal of Human Resource Management,Q1,Business and International Management (Q1); Industrial Relations (Q1); Management of Technology and Innovation (Q1); Organizational Behavior and Human Resource Management (Q1); Strategy and Management (Q1),"Business, Management and Accounting"
1054,1044-7318,1532-7590,1044-7318,International Journal of Human-Computer Interaction,Q1,Computer Science Applications (Q1); Human Factors and Ergonomics (Q1); Human-Computer Interaction (Q1),Computer Science; Social Sciences
1055,1071-5819,1095-9300,1071-5819,International Journal of Human Computer Studies,Q1,Education (Q1); Engineering (miscellaneous) (Q1); Hardware and Architecture (Q1); Human Factors and Ergonomics (Q1); Human-Computer Interaction (Q1); Software (Q1),Computer Science; Engineering; Social Sciences
1056,0167-7187,0167-7187,,International Journal of Industrial Organization,Q1,"Aerospace Engineering (Q1); Economics and Econometrics (Q1); Economics, Econometrics and Finance (miscellaneous) (Q1); Industrial and Manufacturing Engineering (Q1); Industrial Relations (Q1); Strategy and Management (Q1)","Business, Management and Accounting; Economics, Econometrics and Finance; Engineering"
1057,1550-1876,1550-1337,1550-1876,International Journal of Information and Communication Technology Education,Q3,Computer Science Applications (Q3); Education (Q3); E-learning (Q3),Computer Science; Social Sciences
1058,2056-4880,2056-4899,2056-4880,International Journal of Information and Learning Technology,Q1,Computer Networks and Communications (Q1); Computer Science Applications (Q1); Education (Q1),Computer Science; Social Sciences
1059,0268-4012,0268-4012,,International Journal of Information Management,Q1,Artificial Intelligence (Q1); Computer Networks and Communications (Q1); Information Systems (Q1); Information Systems and Management (Q1); Library and Information Sciences (Q1); Management Information Systems (Q1); Marketing (Q1),"Business, Management and Accounting; Computer Science; Decision Sciences; Social Sciences"
1060,1930-1650,1930-1650,1930-1669,International Journal of Information Security and Privacy,Q3,Information Systems (Q3),Computer Science
1061,1479-3121,1479-313X,1479-3121,International Journal of Information Systems and Change Management,Q3,"Business, Management and Accounting (miscellaneous) (Q3); Decision Sciences (miscellaneous) (Q3)","Business, Management and Accounting; Decision Sciences"
1062,1935-5726,1935-5726,1935-5734,International Journal of Information Systems and Supply Chain Management,Q3,Information Systems (Q3); Management Information Systems (Q3),"Business, Management and Accounting; Computer Science"
1063,0219-6220,1793-6845,0219-6220,International Journal of Information Technology and Decision Making,Q2,Computer Science (miscellaneous) (Q2),Computer Science
1064,1554-1045,1554-1053,1554-1045,International Journal of Information Technology and Web Engineering,Q3,Computer Science (miscellaneous) (Q3),Computer Science
1065,1757-2223,1757-2223,1757-2231,International Journal of Innovation Science,Q1,Engineering (miscellaneous) (Q1); Management of Technology and Innovation (Q2),"Business, Management and Accounting; Engineering"
1066,2096-2487,2096-2487,2589-2975,International Journal of Innovation Studies,Q1,Information Systems and Management (Q1); Management of Technology and Innovation (Q1); Strategy and Management (Q1),"Business, Management and Accounting; Decision Sciences"
1067,1478-9647,1478-9647,1478-9655,International Journal of Intellectual Property Management,Q3,Law (Q3); Business and International Management (Q4); Strategy and Management (Q4),"Business, Management and Accounting; Social Sciences"
1068,1548-3657,1548-3665,1548-3657,International Journal of Intelligent Information Technologies,Q3,Decision Sciences (miscellaneous) (Q3); Information Systems (Q3),Computer Science; Decision Sciences
1069,0147-1767,0147-1767,,International Journal of Intercultural Relations,Q1,Sociology and Political Science (Q1); Business and International Management (Q2); Social Psychology (Q2),"Business, Management and Accounting; Psychology; Social Sciences"
1070,,,,,,,
1071,1477-5212,1477-5212,1741-8100,International Journal of Internet Marketing and Advertising,Q3,Marketing (Q3),"Business, Management and Accounting"
1072,1753-8394,1753-8394,1753-8408,International Journal of Islamic and Middle Eastern Finance and Management,Q2,Business and International Management (Q2); Finance (Q2); Strategy and Management (Q2),"Business, Management and Accounting; Economics, Econometrics and Finance"
1073,1741-1009,1741-1017,1741-1009,International Journal of Knowledge and Learning,Q3,Education (Q3),Social Sciences
1074,1548-0666,1548-0666,1548-0658,International Journal of Knowledge Management,Q2,Management Information Systems (Q2); Computer Science Applications (Q3); Management of Technology and Innovation (Q3),"Business, Management and Accounting; Computer Science"
1075,1743-8268,1743-8276,1743-8268,International Journal of Knowledge Management Studies,Q3,Computer Science Applications (Q3); Information Systems and Management (Q3); Management Information Systems (Q3); Management of Technology and Innovation (Q3),"Business, Management and Accounting; Computer Science; Decision Sciences"
1076,,,,,,,
1077,0967-0769,0967-0769,1464-3693,International Journal of Law and Information Technology,Q1,Law (Q1); Library and Information Sciences (Q1),Social Sciences
1078,1754-243X,1754-243X,1754-2448,International Journal of Law and Management,Q1,Law (Q1); Organizational Behavior and Human Resource Management (Q2),"Business, Management and Accounting; Social Sciences"
1079,2040-4166,2040-4166,2040-4174,International Journal of Lean Six Sigma,Q1,Industrial and Manufacturing Engineering (Q1); Management Science and Operations Research (Q2); Strategy and Management (Q2),"Business, Management and Accounting; Decision Sciences; Engineering"
1080,,,,,,,
1081,1367-5567,1367-5567,1469-848X,International Journal of Logistics Research and Applications,Q1,Business and International Management (Q1); Computer Science Applications (Q1); Control and Systems Engineering (Q1); Information Systems (Q1); Management Information Systems (Q1); Management of Technology and Innovation (Q1); Management Science and Operations Research (Q1); Strategy and Management (Q1),"Business, Management and Accounting; Computer Science; Decision Sciences; Engineering"
1082,,,,,,,
1083,,,,,,,
1084,1460-8545,1460-8545,1468-2370,International Journal of Management Reviews,Q1,Decision Sciences (miscellaneous) (Q1); Management of Technology and Innovation (Q1); Strategy and Management (Q1),"Business, Management and Accounting; Decision Sciences"
1085,1750-9653,1750-9653,1750-9661,International Journal of Management Science and Engineering Management,Q2,Engineering (miscellaneous) (Q2); Information Systems and Management (Q2); Mechanical Engineering (Q2); Strategy and Management (Q2); Management Science and Operations Research (Q3),"Business, Management and Accounting; Decision Sciences; Engineering"
1086,1753-6715,1753-6715,1753-6723,International Journal of Managerial and Financial Accounting,Q3,Accounting (Q3),"Business, Management and Accounting"
1087,1743-9132,1743-9132,,International Journal of Managerial Finance,Q2,"Business, Management and Accounting (miscellaneous) (Q2); Finance (Q2)","Business, Management and Accounting; Economics, Econometrics and Finance"
1088,1753-8378,1753-8378,1753-8386,International Journal of Managing Projects in Business,Q2,Business and International Management (Q2); Management of Technology and Innovation (Q2); Strategy and Management (Q2),"Business, Management and Accounting"
1089,0143-7720,0143-7720,,International Journal of Manpower,Q1,Management of Technology and Innovation (Q1); Organizational Behavior and Human Resource Management (Q1); Strategy and Management (Q1),"Business, Management and Accounting"
1090,1470-7853,2515-2173,1470-7853,International Journal of Market Research,Q1,Business and International Management (Q1); Economics and Econometrics (Q2); Marketing (Q2),"Business, Management and Accounting; Economics, Econometrics and Finance"
1091,1752-0479,1752-0487,1752-0479,International Journal of Monetary Economics and Finance,Q4,Economics and Econometrics (Q4); Finance (Q4),"Economics, Econometrics and Finance"
1092,0144-3577,1758-6593,0144-3577,International Journal of Operations and Production Management,Q1,Decision Sciences (miscellaneous) (Q1); Management of Technology and Innovation (Q1); Strategy and Management (Q1),"Business, Management and Accounting; Decision Sciences"
1093,1082-1910,1082-1910,,International Journal of Operations and Quantitative Management,Q3,Information Systems and Management (Q3); Business and International Management (Q4); Management of Technology and Innovation (Q4); Management Science and Operations Research (Q4); Strategy and Management (Q4),"Business, Management and Accounting; Decision Sciences"
1094,1093-4537,1532-4273,1093-4537,International Journal of Organization Theory and Behavior,Q2,Public Administration (Q2); Applied Psychology (Q3); Organizational Behavior and Human Resource Management (Q3),"Business, Management and Accounting; Psychology; Social Sciences"
1095,1934-8835,1934-8835,,International Journal of Organizational Analysis,Q1,Strategy and Management (Q1); Organizational Behavior and Human Resource Management (Q2),"Business, Management and Accounting"
1096,1750-6123,1750-6123,,International Journal of Pharmaceutical and Healthcare Marketing,Q3,Health Policy (Q3); Marketing (Q3),"Business, Management and Accounting; Medicine"
1097,0960-0035,0960-0035,,International Journal of Physical Distribution and Logistics Management,Q1,Management of Technology and Innovation (Q1); Transportation (Q1),"Business, Management and Accounting; Social Sciences"
1098,0891-1916,1558-0970,0891-1916,International Journal of Political Economy,Q2,Political Science and International Relations (Q2); Sociology and Political Science (Q2); Economics and Econometrics (Q3),"Economics, Econometrics and Finance; Social Sciences"
1099,,,,,,,
1100,0925-5273,0925-5273,,International Journal of Production Economics,Q1,"Business, Management and Accounting (miscellaneous) (Q1); Economics and Econometrics (Q1); Industrial and Manufacturing Engineering (Q1); Management Science and Operations Research (Q1)","Business, Management and Accounting; Decision Sciences; Economics, Econometrics and Finance; Engineering"
1101,0020-7543,0020-7543,1366-588X,International Journal of Production Research,Q1,Industrial and Manufacturing Engineering (Q1); Management Science and Operations Research (Q1); Strategy and Management (Q1),"Business, Management and Accounting; Decision Sciences; Engineering"
1102,1741-0401,1741-0401,,International Journal of Productivity and Performance Management,Q1,"Business, Management and Accounting (miscellaneous) (Q1); Strategy and Management (Q1)","Business, Management and Accounting"
1103,0263-7863,0263-7863,,International Journal of Project Management,Q1,"Business and International Management (Q1); Management, Monitoring, Policy and Law (Q1); Management of Technology and Innovation (Q1)","Business, Management and Accounting; Environmental Science"
1104,0190-0692,1532-4265,0190-0692,International Journal of Public Administration,Q2,Business and International Management (Q2); Public Administration (Q2),"Business, Management and Accounting; Social Sciences"
1105,1471-6909,1471-6909,0954-2892,International Journal of Public Opinion Research,Q1,Sociology and Political Science (Q1),Social Sciences
1106,0951-3558,0951-3558,,International Journal of Public Sector Management,Q1,"Political Science and International Relations (Q1); Geography, Planning and Development (Q2); Management, Monitoring, Policy and Law (Q2); Public Administration (Q2)",Environmental Science; Social Sciences
1107,0265-671X,0265-671X,,International Journal of Quality and Reliability Management,Q2,"Business, Management and Accounting (miscellaneous) (Q2); Strategy and Management (Q2)","Business, Management and Accounting"
1108,1756-669X,1756-669X,1756-6703,International Journal of Quality and Service Sciences,Q2,"Business, Management and Accounting (miscellaneous) (Q2)","Business, Management and Accounting"
1109,0167-8116,0167-8116,,International Journal of Research in Marketing,Q1,Marketing (Q1),"Business, Management and Accounting"
1110,0959-0552,0959-0552,,International Journal of Retail and Distribution Management,Q1,"Business and International Management (Q1); Marketing (Q1); Tourism, Leisure and Hospitality Management (Q1)","Business, Management and Accounting"
1111,1474-7332,1474-7332,1741-8186,International Journal of Revenue Management,Q4,Business and International Management (Q4); Economics and Econometrics (Q4); Finance (Q4); Strategy and Management (Q4),"Business, Management and Accounting; Economics, Econometrics and Finance"
1112,1466-8297,1466-8297,1741-5241,International Journal of Risk Assessment and Management,Q4,"Business and International Management (Q4); Management Science and Operations Research (Q4); Statistics, Probability and Uncertainty (Q4)","Business, Management and Accounting; Decision Sciences"
1113,0965-075X,1468-2389,0965-075X,International Journal of Selection and Assessment,Q1,"Applied Psychology (Q1); Business, Management and Accounting (miscellaneous) (Q1); Management of Technology and Innovation (Q1); Psychology (miscellaneous) (Q1); Strategy and Management (Q1)","Business, Management and Accounting; Psychology"
1114,,,,,,,
1115,,,,,,,
1116,0306-8293,0306-8293,,International Journal of Social Economics,Q2,Economics and Econometrics (Q2); Social Sciences (miscellaneous) (Q2),"Economics, Econometrics and Finance; Social Sciences"
1117,1364-5579,1464-5300,1364-5579,International Journal of Social Research Methodology: Theory and Practice,Q1,Social Sciences (miscellaneous) (Q1),Social Sciences
1118,0144-333X,0144-333X,1758-6720,International Journal of Sociology and Social Policy,Q2,"Economics, Econometrics and Finance (miscellaneous) (Q2); Sociology and Political Science (Q2)","Economics, Econometrics and Finance; Social Sciences"
1119,2472-1743,2472-1743,,International Journal of Spa and Wellness,Q3,"Tourism, Leisure and Hospitality Management (Q3)","Business, Management and Accounting"
1120,1936-3915,1936-3907,1936-3915,International Journal of Sport Communication,Q1,"Communication (Q1); Business and International Management (Q2); Tourism, Leisure and Hospitality Management (Q2)","Business, Management and Accounting; Social Sciences"
1121,1558-6235,1558-6235,1930-076X,International Journal of Sport Finance,Q2,Business and International Management (Q2); Finance (Q3); Marketing (Q3); Sports Science (Q3),"Business, Management and Accounting; Economics, Econometrics and Finance; Health Professions"
1122,,,,,,,
1123,1940-6940,1940-6940,1940-6959,International Journal of Sport Policy and Politics,Q1,"Social Sciences (miscellaneous) (Q1); Tourism, Leisure and Hospitality Management (Q1)","Business, Management and Accounting; Social Sciences"
1124,0047-0767,0047-0767,,International Journal of Sport Psychology,Q4,Applied Psychology (Q4),Psychology
1125,1475-8962,1475-8962,1740-2808,International Journal of Sport Management and Marketing,Q3,Business and International Management (Q3); Marketing (Q3); Strategy and Management (Q3); Management Science and Operations Research (Q4); Sports Science (Q4),"Business, Management and Accounting; Decision Sciences; Health Professions"
1126,1464-6668,1464-6668,,International Journal of Sports Marketing and Sponsorship,Q2,Business and International Management (Q2); Finance (Q2); Marketing (Q2); Sports Science (Q2),"Business, Management and Accounting; Economics, Econometrics and Finance; Health Professions"
1127,,,,,,,
1128,1553-118X,1553-118X,1553-1198,International Journal of Strategic Communication,Q2,Communication (Q2); Sociology and Political Science (Q2),Social Sciences
1129,1648-715X,1648-715X,1648-9179,International Journal of Strategic Property Management,Q3,Strategy and Management (Q3),"Business, Management and Accounting"
1130,1072-5245,1072-5245,1573-3424,International Journal of Stress Management,Q1,"Business, Management and Accounting (miscellaneous) (Q1); Education (Q1); Applied Psychology (Q2); Medicine (miscellaneous) (Q2); Psychology (miscellaneous) (Q2)","Business, Management and Accounting; Medicine; Psychology; Social Sciences"
1131,,,,,,,
1132,1756-5804,1756-5812,1756-5804,International Journal of Sustainable Economy,Q3,Business and International Management (Q3); Development (Q3); Economics and Econometrics (Q3); Finance (Q3); Management of Technology and Innovation (Q3),"Business, Management and Accounting; Economics, Econometrics and Finance; Social Sciences"
1133,1556-8318,1556-8334,1556-8318,International Journal of Sustainable Transportation,Q1,"Automotive Engineering (Q1); Civil and Structural Engineering (Q1); Environmental Engineering (Q1); Geography, Planning and Development (Q1); Transportation (Q1); Renewable Energy, Sustainability and the Environment (Q2)",Energy; Engineering; Environmental Science; Social Sciences
1134,2330-2674,2330-2674,2330-2682,International Journal of Systems Science: Operations and Logistics,Q1,Information Systems and Management (Q1); Information Systems (Q2); Management Information Systems (Q2); Management Science and Operations Research (Q2),"Business, Management and Accounting; Computer Science; Decision Sciences"
1135,1548-3908,1548-3916,1548-3908,International Journal of Technology and Human Interaction,Q3,Information Systems (Q3); Human-Computer Interaction (Q4),Computer Science
1136,0267-5730,1741-5276,0267-5730,International Journal of Technology Management,Q2,Engineering (miscellaneous) (Q2); Law (Q2); Computer Science Applications (Q3); Industrial Relations (Q3); Strategy and Management (Q3),"Business, Management and Accounting; Computer Science; Engineering; Social Sciences"
1137,1474-2748,1474-2748,2040-0551,International Journal of Technology Management and Sustainable Development,Q3,"Geography, Planning and Development (Q3); Management, Monitoring, Policy and Law (Q4); Management of Technology and Innovation (Q4)","Business, Management and Accounting; Environmental Science; Social Sciences"
1138,1741-878X,1741-8798,1741-878X,International Journal of Technology Marketing,Q3,Computer Science Applications (Q3); Marketing (Q3),"Business, Management and Accounting; Computer Science"
1139,1832-3669,2835-0391,1832-3669,"International Journal of Technology, Knowledge and Society",Q3,Library and Information Sciences (Q3); Social Sciences (miscellaneous) (Q3); Computer Science Applications (Q4); Education (Q4); Engineering (miscellaneous) (Q4),Computer Science; Engineering; Social Sciences
1140,1357-1516,1466-1829,1357-1516,International Journal of the Economics of Business,Q2,"Business, Management and Accounting (miscellaneous) (Q2); Economics and Econometrics (Q2)","Business, Management and Accounting; Economics, Econometrics and Finance"
1141,0219-0249,0219-0249,1793-6322,International Journal of Theoretical and Applied Finance,Q2,"Economics, Econometrics and Finance (miscellaneous) (Q2); Finance (Q3)","Economics, Econometrics and Finance"
1142,2056-5607,2056-5615,2056-5607,International Journal of Tourism Cities,Q2,"Geography, Planning and Development (Q2); Management, Monitoring, Policy and Law (Q2); Tourism, Leisure and Hospitality Management (Q2)","Business, Management and Accounting; Environmental Science; Social Sciences"
1143,1750-4090,1750-4090,1750-4104,International Journal of Tourism Policy,Q4,"Tourism, Leisure and Hospitality Management (Q4)","Business, Management and Accounting"
1144,1099-2340,1099-2340,1522-1970,International Journal of Tourism Research,Q1,"Geography, Planning and Development (Q1); Nature and Landscape Conservation (Q1); Tourism, Leisure and Hospitality Management (Q1); Transportation (Q2)","Business, Management and Accounting; Environmental Science; Social Sciences"
1145,1742-7541,1742-755X,1742-7541,International Journal of Trade and Global Markets,Q4,"Business and International Management (Q4); Economics, Econometrics and Finance (miscellaneous) (Q4)","Business, Management and Accounting; Economics, Econometrics and Finance"
1146,1360-3736,1468-2419,1360-3736,International Journal of Training and Development,Q2,Education (Q2); Organizational Behavior and Human Resource Management (Q2),"Business, Management and Accounting; Social Sciences"
1147,0303-5247,0303-5247,1724-2185,International Journal of Transport Economics,Q4,"Geography, Planning and Development (Q4); Transportation (Q4)",Social Sciences
1148,0309-1317,0309-1317,1468-2427,International Journal of Urban and Regional Research,Q1,Development (Q1); Sociology and Political Science (Q1); Urban Studies (Q1),Social Sciences
1149,0143-3369,0143-3369,,International Journal of Vehicle Design,Q3,Automotive Engineering (Q3); Mechanical Engineering (Q3),Engineering
1150,,,,,,,
1151,1477-8394,1741-8216,1477-8394,International Journal of Web Based Communities,Q3,Communication (Q3); Computer Networks and Communications (Q4); Education (Q4); Software (Q4),Computer Science; Social Sciences
1152,1751-1062,1751-1070,1751-1062,International Journal of Wine Business Research,Q2,"Business, Management and Accounting (miscellaneous) (Q2)","Business, Management and Accounting"
1153,1740-8938,1740-8946,1740-8938,International Journal of Work Organisation and Emotion,Q4,Organizational Behavior and Human Resource Management (Q4),"Business, Management and Accounting"
1154,0147-5479,1471-6445,0147-5479,International Labor and Working-Class History,Q2,History (Q2); Organizational Behavior and Human Resource Management (Q4),"Arts and Humanities; Business, Management and Accounting"
1155,0020-7780,0020-7780,1564-913X,International Labour Review,Q2,Management of Technology and Innovation (Q2); Organizational Behavior and Human Resource Management (Q2); Strategy and Management (Q2),"Business, Management and Accounting"
1156,0265-1335,0265-1335,,International Marketing Review,Q1,Business and International Management (Q1); Economics and Econometrics (Q1); Marketing (Q1),"Business, Management and Accounting; Economics, Econometrics and Finance"
1157,0020-7985,1468-2435,0020-7985,International Migration,Q1,Demography (Q1),Social Sciences
1158,0197-9183,1747-7379,0197-9183,International Migration Review,Q1,Arts and Humanities (miscellaneous) (Q1); Demography (Q1),Arts and Humanities; Social Sciences
1159,1382-340X,1382-340X,1571-8069,International Negotiation,Q2,Political Science and International Relations (Q2); Sociology and Political Science (Q2),Social Sciences
1160,0020-8183,1531-5088,0020-8183,International Organization,Q1,Law (Q1); Organizational Behavior and Human Resource Management (Q1); Political Science and International Relations (Q1); Sociology and Political Science (Q1),"Business, Management and Accounting; Social Sciences"
1161,,,,,,,
1162,1096-7494,1559-3169,1096-7494,International Public Management Journal,Q1,Business and International Management (Q1); Public Administration (Q1),"Business, Management and Accounting; Social Sciences"
1163,2154-8919,2154-8919,,International Real Estate Review,Q4,"Accounting (Q4); Demography (Q4); Economics and Econometrics (Q4); Finance (Q4); Geography, Planning and Development (Q4); Urban Studies (Q4)","Business, Management and Accounting; Economics, Econometrics and Finance; Social Sciences"
1164,0160-0176,0160-0176,1552-6925,International Regional Science Review,Q1,Social Sciences (miscellaneous) (Q1); Environmental Science (miscellaneous) (Q2),Environmental Science; Social Sciences
1165,1012-6902,1012-6902,1461-7218,International Review for the Sociology of Sport,Q1,Social Sciences (miscellaneous) (Q1); Sociology and Political Science (Q1); Sports Science (Q2),Health Professions; Social Sciences
1166,0020-8523,0020-8523,1461-7226,International Review of Administrative Sciences,Q1,Public Administration (Q1); Sociology and Political Science (Q1),Social Sciences
1167,0269-2171,1465-3486,0269-2171,International Review of Applied Economics,Q2,Economics and Econometrics (Q2),"Economics, Econometrics and Finance"
1168,1865-1704,1863-4613,1865-1704,International Review of Economics,Q2,"Economics, Econometrics and Finance (miscellaneous) (Q2)","Economics, Econometrics and Finance"
1169,1059-0560,1059-0560,,International Review of Economics and Finance,Q1,Economics and Econometrics (Q1); Finance (Q1),"Economics, Econometrics and Finance"
1170,1477-3880,1477-3880,,International Review of Economics Education,Q2,Education (Q2),Social Sciences
1171,1932-1465,1932-1465,1932-1473,International Review of Environmental and Resource Economics,Q2,"Accounting (Q2); Economics and Econometrics (Q2); Finance (Q2); Management, Monitoring, Policy and Law (Q2)","Business, Management and Accounting; Economics, Econometrics and Finance; Environmental Science"
1172,1369-412X,1468-2443,1369-412X,International Review of Finance,Q2,Economics and Econometrics (Q2); Finance (Q2),"Economics, Econometrics and Finance"
1173,1057-5219,1057-5219,,International Review of Financial Analysis,Q1,Economics and Econometrics (Q1); Finance (Q1),"Economics, Econometrics and Finance"
1174,,,,,,,
1175,0144-8188,0144-8188,,International Review of Law and Economics,Q1,Law (Q1); Economics and Econometrics (Q2); Finance (Q2),"Economics, Econometrics and Finance; Social Sciences"
1176,1360-0869,1360-0869,1364-6885,"International Review of Law, Computers and Technology",Q1,Law (Q1); Computer Science Applications (Q2),Computer Science; Social Sciences
1177,1229-4659,2331-7795,1229-4659,International Review of Public Administration,Q2,Public Administration (Q2),Social Sciences
1178,0959-3969,0959-3969,1466-4402,"International Review of Retail, Distribution and Consumer Research",Q2,Business and International Management (Q2); Economics and Econometrics (Q2); Marketing (Q2),"Business, Management and Accounting; Economics, Econometrics and Finance"
1179,1865-1984,1865-1992,1865-1984,International Review on Public and Nonprofit Marketing,Q2,Economics and Econometrics (Q2); Marketing (Q2),"Business, Management and Accounting; Economics, Econometrics and Finance"
1180,0266-2426,0266-2426,1741-2870,International Small Business Journal: Researching Entrepreneurship,Q1,Business and International Management (Q1),"Business, Management and Accounting"
1181,1468-2451,0020-8701,1468-2451,International Social Science Journal,Q2,Social Sciences (miscellaneous) (Q2),Social Sciences
1182,0306-7734,0306-7734,1751-5823,International Statistical Review,Q1,"Statistics and Probability (Q1); Statistics, Probability and Uncertainty (Q1)",Decision Sciences; Mathematics
1183,0020-8825,0020-8825,1558-0911,International Studies of Management and Organization,Q2,Business and International Management (Q2); Strategy and Management (Q2),"Business, Management and Accounting"
1184,0020-8833,1468-2478,0020-8833,International Studies Quarterly,Q1,Political Science and International Relations (Q1); Sociology and Political Science (Q1),Social Sciences
1185,0927-5940,1573-6970,0927-5940,International Tax and Public Finance,Q2,Accounting (Q2); Economics and Econometrics (Q2); Finance (Q2),"Business, Management and Accounting; Economics, Econometrics and Finance"
1186,,,,,,,
1187,,,,,,,
1188,0885-3908,0885-3908,1521-0545,International Trade Journal,Q3,"Business and International Management (Q3); Economics, Econometrics and Finance (miscellaneous) (Q3)","Business, Management and Accounting; Economics, Econometrics and Finance"
1189,0969-6016,0969-6016,1475-3995,International Transactions in Operational Research,Q1,Business and International Management (Q1); Computer Science Applications (Q1); Management Science and Operations Research (Q1); Strategy and Management (Q1); Management of Technology and Innovation (Q2),"Business, Management and Accounting; Computer Science; Decision Sciences"
1190,1385-3074,2352-9172,1385-3074,International Transfer Pricing Journal,Q3,"Law (Q3); Economics, Econometrics and Finance (miscellaneous) (Q4)","Economics, Econometrics and Finance; Social Sciences"
1191,0925-0832,0925-0832,2352-9210,International VAT Monitor,Q4,"Economics, Econometrics and Finance (miscellaneous) (Q4); Law (Q4)","Economics, Econometrics and Finance; Social Sciences"
1192,1066-2243,1066-2243,,Internet Research,Q1,Communication (Q1); Economics and Econometrics (Q1); Sociology and Political Science (Q1),"Economics, Econometrics and Finance; Social Sciences"
1193,0165-2826,1875-8347,0165-2826,Intertax,Q1,Law (Q1); Accounting (Q2),"Business, Management and Accounting; Social Sciences"
1194,1029-3523,2077-0227,1029-3523,Investment Analysts Journal,Q3,Accounting (Q3); Economics and Econometrics (Q3); Finance (Q3),"Business, Management and Accounting; Economics, Econometrics and Finance"
1195,2573-2331,2573-2331,2573-2323,IPPR Progressive Review,Q3,"Political Science and International Relations (Q3); Sociology and Political Science (Q3); Economics, Econometrics and Finance (miscellaneous) (Q4)","Economics, Econometrics and Finance; Social Sciences"
1196,,,,,,,
1197,,,,,,,
1198,,,,,,,
1199,,,,,,,
1200,,,,,,,
1201,0739-3172,0739-3172,1558-7983,Issues in Accounting Education,Q2,Accounting (Q2); Education (Q2),"Business, Management and Accounting; Social Sciences"
1202,,,,,,,
1203,2199-322X,2199-322X,2199-3238,Italian Economic Journal,Q2,"Economics, Econometrics and Finance (miscellaneous) (Q2)","Economics, Econometrics and Finance"
1204,2662-3323,2662-3323,2662-3331,Italian Journal of Marketing,Q2,Marketing (Q2),"Business, Management and Accounting"
1205,,,,,,,
1206,,,,,,,
1207,2193-8997,2193-8997,,IZA Journal of Labor Economics,Q3,Economics and Econometrics (Q3); Industrial Relations (Q3); Organizational Behavior and Human Resource Management (Q3),"Business, Management and Accounting; Economics, Econometrics and Finance"
1208,0922-1425,0922-1425,,Japan and the World Economy,Q1,Political Science and International Relations (Q1); Economics and Econometrics (Q2); Finance (Q2),"Economics, Econometrics and Finance; Social Sciences"
1209,,,,,,,
1210,1352-4739,1352-4739,1468-5876,Japanese Economic Review,Q3,Economics and Econometrics (Q3),"Economics, Econometrics and Finance"
1211,,,,,,,
1212,0975-2498,0975-2498,2364-4869,Jindal Global Law Review,Q3,Law (Q3); Sociology and Political Science (Q3),Social Sciences
1213,0120-4483,0120-4483,2665-1327,Ensayos Sobre Politica Economica,Q3,Political Science and International Relations (Q3); Economics and Econometrics (Q4),"Economics, Econometrics and Finance; Social Sciences"
1214,2326-3296,1537-5137,2326-3296,Journal for Advancement of Marketing Education,Q4,Education (Q4); Marketing (Q4),"Business, Management and Accounting; Social Sciences"
1215,,,,,,,
1216,0379-6205,0379-6205,,Journal for Studies in Economics and Econometrics,Q4,Economics and Econometrics (Q4),"Economics, Econometrics and Finance"
1217,,,,,,,
1218,,,,,,,
1219,,,,,,,
1220,1832-5912,1832-5912,,Journal of Accounting and Organizational Change,Q1,"Economics, Econometrics and Finance (miscellaneous) (Q1); Accounting (Q2); Organizational Behavior and Human Resource Management (Q2); Strategy and Management (Q2)","Business, Management and Accounting; Economics, Econometrics and Finance"
1221,0165-4101,0165-4101,,Journal of Accounting and Economics,Q1,Accounting (Q1); Economics and Econometrics (Q1); Finance (Q1),"Business, Management and Accounting; Economics, Econometrics and Finance"
1222,,,,,,,
1223,,,,,,,
1224,0278-4254,1873-2070,0278-4254,Journal of Accounting and Public Policy,Q1,Sociology and Political Science (Q1); Accounting (Q2),"Business, Management and Accounting; Social Sciences"
1225,0148-558X,2160-4061,0148-558X,"Journal of Accounting, Auditing and Finance",Q1,"Economics, Econometrics and Finance (miscellaneous) (Q1); Finance (Q1); Accounting (Q2)","Business, Management and Accounting; Economics, Econometrics and Finance"
1226,0748-5751,0748-5751,,Journal of Accounting Education,Q2,Accounting (Q2); Education (Q2),"Business, Management and Accounting; Social Sciences"
1227,2042-1168,2042-1168,2042-1176,Journal of Accounting in Emerging Economies,Q1,Development (Q1); Sociology and Political Science (Q1); Accounting (Q2),"Business, Management and Accounting; Social Sciences"
1228,0737-4607,0737-4607,,Journal of Accounting Literature,Q2,Accounting (Q2),"Business, Management and Accounting"
1229,0021-8456,1475-679X,0021-8456,Journal of Accounting Research,Q1,Accounting (Q1); Economics and Econometrics (Q1); Finance (Q1),"Business, Management and Accounting; Economics, Econometrics and Finance"
1230,1018-1687,1018-1687,,Journal of Accounting Review,Q4,"Accounting (Q4); Business, Management and Accounting (miscellaneous) (Q4)","Business, Management and Accounting"
1231,,,,,,,
1232,,,,,,,
1233,,,,,,,
1234,0197-6729,0197-6729,2042-3195,Journal of Advanced Transportation,Q2,Automotive Engineering (Q2); Computer Science Applications (Q2); Economics and Econometrics (Q2); Mechanical Engineering (Q2); Strategy and Management (Q2),"Business, Management and Accounting; Computer Science; Economics, Econometrics and Finance; Engineering"
1235,0091-3367,1557-7805,0091-3367,Journal of Advertising,Q1,Business and International Management (Q1); Communication (Q1); Marketing (Q1),"Business, Management and Accounting; Social Sciences"
1236,1098-0482,1098-0482,2516-1873,Journal of Advertising Education,Q2,Communication (Q2); Education (Q3); Marketing (Q3),"Business, Management and Accounting; Social Sciences"
1237,0021-8499,0021-8499,1740-1909,Journal of Advertising Research,Q1,Communication (Q1); Marketing (Q2),"Business, Management and Accounting; Social Sciences"
1238,1522-8916,1522-8916,1522-9076,Journal of African Business,Q2,"Development (Q2); Geography, Planning and Development (Q2)",Social Sciences
1239,,,,,,,
1240,0963-8024,0963-8024,1464-3723,Journal of African Economies,Q2,Development (Q2); Economics and Econometrics (Q2),"Economics, Econometrics and Finance; Social Sciences"
1241,2044-0839,2044-0847,2044-0839,Journal of Agribusiness in Developing and Emerging Economies,Q1,Agricultural and Biological Sciences (miscellaneous) (Q1); Development (Q2); Economics and Econometrics (Q2),"Agricultural and Biological Sciences; Economics, Econometrics and Finance; Social Sciences"
1242,1542-0485,1542-0485,2194-5896,Journal of Agricultural and Food Industrial Organization,Q4,"Business, Management and Accounting (miscellaneous) (Q4); Economics and Econometrics (Q4); Food Science (Q4)","Agricultural and Biological Sciences; Business, Management and Accounting; Economics, Econometrics and Finance"
1243,1074-0708,2056-7405,1074-0708,Journal of Agricultural and Applied Economics,Q2,Agricultural and Biological Sciences (miscellaneous) (Q2); Economics and Econometrics (Q3),"Agricultural and Biological Sciences; Economics, Econometrics and Finance"
1244,1068-5502,1068-5502,,Journal of Agricultural and Resource Economics,Q2,Agronomy and Crop Science (Q2); Animal Science and Zoology (Q2); Economics and Econometrics (Q3),"Agricultural and Biological Sciences; Economics, Econometrics and Finance"
1245,0021-857X,1477-9552,0021-857X,Journal of Agricultural Economics,Q1,Agricultural and Biological Sciences (miscellaneous) (Q1); Economics and Econometrics (Q1),"Agricultural and Biological Sciences; Economics, Econometrics and Finance"
1246,1085-7117,1085-7117,1537-2693,"Journal of Agricultural, Biological, and Environmental Statistics",Q2,"Agricultural and Biological Sciences (miscellaneous) (Q2); Applied Mathematics (Q2); Environmental Science (miscellaneous) (Q2); Statistics and Probability (Q2); Statistics, Probability and Uncertainty (Q2)",Agricultural and Biological Sciences; Decision Sciences; Environmental Science; Mathematics
1247,,,,,,,
1248,0969-6997,0969-6997,,Journal of Air Transport Management,Q1,"Law (Q1); Management, Monitoring, Policy and Law (Q1); Strategy and Management (Q1); Transportation (Q1)","Business, Management and Accounting; Environmental Science; Social Sciences"
1249,0967-5426,0967-5426,,Journal of Applied Accounting Research,Q1,"Accounting (Q1); Economics, Econometrics and Finance (miscellaneous) (Q1); Information Systems and Management (Q1)","Business, Management and Accounting; Decision Sciences; Economics, Econometrics and Finance"
1250,,,,,,,
1251,,,,,,,
1252,0883-7252,1099-1255,0883-7252,Journal of Applied Econometrics,Q1,Economics and Econometrics (Q1); Social Sciences (miscellaneous) (Q1),"Economics, Econometrics and Finance; Social Sciences"
1253,1843-6110,1843-6110,2393-5162,Journal of Applied Economic Sciences,-,"Business, Management and Accounting (miscellaneous); Economics, Econometrics and Finance (miscellaneous)","Business, Management and Accounting; Economics, Econometrics and Finance"
1254,1514-0326,1667-6726,1514-0326,Journal of Applied Economics,Q1,"Economics, Econometrics and Finance (miscellaneous) (Q1)","Economics, Econometrics and Finance"
1255,,,,,,,
1256,,,,,,,
1257,,,,,,,
1258,0021-9002,1475-6072,0021-9002,Journal of Applied Probability,Q2,"Mathematics (miscellaneous) (Q2); Statistics and Probability (Q2); Statistics, Probability and Uncertainty (Q3)",Decision Sciences; Mathematics
1259,0021-9010,1939-1854,0021-9010,Journal of Applied Psychology,Q1,Applied Psychology (Q1),Psychology
1260,0021-9029,0021-9029,1559-1816,Journal of Applied Social Psychology,Q1,Social Psychology (Q1),Psychology
1261,2327-0187,2327-0179,2327-0187,Journal of Applied Sport Management,Q3,"Social Sciences (miscellaneous) (Q3); Marketing (Q4); Organizational Behavior and Human Resource Management (Q4); Tourism, Leisure and Hospitality Management (Q4)","Business, Management and Accounting; Social Sciences"
1262,1041-3200,1041-3200,1533-1571,Journal of Applied Sport Psychology,Q1,Applied Psychology (Q1); Sports Science (Q1),Health Professions; Psychology
1263,,,,,,,
1264,0266-4763,0266-4763,1360-0532,Journal of Applied Statistics,Q2,"Statistics and Probability (Q2); Statistics, Probability and Uncertainty (Q2)",Decision Sciences; Mathematics
1265,1063-2921,1063-2921,1930-7799,Journal of Arts Management Law and Society,Q1,Visual Arts and Performing Arts (Q1); Law (Q2); Strategy and Management (Q3),"Arts and Humanities; Business, Management and Accounting; Social Sciences"
1266,1558-7894,1559-2243,1558-7894,Journal of Asia Business Studies,Q1,"Economics, Econometrics and Finance (miscellaneous) (Q1); Business and International Management (Q2); Strategy and Management (Q2)","Business, Management and Accounting; Economics, Econometrics and Finance"
1267,,,,,,,
1268,1059-9231,1528-6940,1059-9231,Journal of Asia-Pacific Business,Q3,"Business and International Management (Q3); Business, Management and Accounting (miscellaneous) (Q3)","Business, Management and Accounting"
1269,2515-964X,2515-964X,,Journal of Asian Business and Economic Studies,Q1,"Economics, Econometrics and Finance (miscellaneous) (Q1); Business and International Management (Q2)","Business, Management and Accounting; Economics, Econometrics and Finance"
1270,1049-0078,1049-0078,,Journal of Asian Economics,Q2,Economics and Econometrics (Q2); Finance (Q2),"Economics, Econometrics and Finance"
1271,0156-5826,0156-5826,,Journal of Australian Political Economy,Q3,Sociology and Political Science (Q3); Economics and Econometrics (Q4),"Economics, Econometrics and Finance; Social Sciences"
1272,1440-0405,1440-0405,2208-6773,Journal of Australian Taxation,Q4,Accounting (Q4); Finance (Q4),"Business, Management and Accounting; Economics, Econometrics and Finance"
1273,0378-4266,0378-4266,,Journal of Banking and Finance,Q1,Economics and Econometrics (Q1); Finance (Q1),"Economics, Econometrics and Finance"
1274,,,,,,,
1275,1745-6452,1750-2071,1745-6452,Journal of Banking Regulation,Q2,Economics and Econometrics (Q2); Finance (Q2),"Economics, Econometrics and Finance"
1276,2214-8043,2214-8051,2214-8043,Journal of Behavioral and Experimental Economics,Q1,Social Sciences (miscellaneous) (Q1); Applied Psychology (Q2); Economics and Econometrics (Q2),"Economics, Econometrics and Finance; Psychology; Social Sciences"
1277,2214-6350,2214-6350,2214-6369,Journal of Behavioral and Experimental Finance,Q1,Finance (Q1),"Economics, Econometrics and Finance"
1278,0894-3257,0894-3257,1099-0771,Journal of Behavioral Decision Making,Q1,Arts and Humanities (miscellaneous) (Q1); Sociology and Political Science (Q1); Applied Psychology (Q2); Decision Sciences (miscellaneous) (Q2); Strategy and Management (Q2),"Arts and Humanities; Business, Management and Accounting; Decision Sciences; Psychology; Social Sciences"
1279,1542-7560,1542-7579,1542-7560,Journal of Behavioral Finance,Q2,Finance (Q2); Experimental and Cognitive Psychology (Q3),"Economics, Econometrics and Finance; Psychology"
1280,2152-2812,2152-2812,2194-5888,Journal of Benefit-Cost Analysis,Q1,Public Administration (Q1); Sociology and Political Science (Q1); Economics and Econometrics (Q2),"Economics, Econometrics and Finance; Social Sciences"
1281,1387-6996,1387-6996,1573-6989,Journal of Bioeconomics,Q3,"Economics and Econometrics (Q3); Geography, Planning and Development (Q3)","Economics, Econometrics and Finance; Social Sciences"
1282,1054-3406,1054-3406,1520-5711,Journal of Biopharmaceutical Statistics,Q2,Pharmacology (Q2); Pharmacology (medical) (Q2); Statistics and Probability (Q2),"Mathematics; Medicine; Pharmacology, Toxicology and Pharmaceutics"
1283,1350-231X,1479-1803,1350-231X,Journal of Brand Management,Q1,Marketing (Q1); Strategy and Management (Q1),"Business, Management and Accounting"
1284,0735-0015,0735-0015,1537-2707,Journal of Business and Economic Statistics,Q1,"Economics and Econometrics (Q1); Social Sciences (miscellaneous) (Q1); Statistics and Probability (Q1); Statistics, Probability and Uncertainty (Q1)","Decision Sciences; Economics, Econometrics and Finance; Mathematics; Social Sciences"
1285,,,,,,,
1286,0885-8624,0885-8624,,Journal of Business and Industrial Marketing,Q1,Business and International Management (Q1); Marketing (Q2),"Business, Management and Accounting"
1287,2573-234X,2573-234X,2573-2358,Journal of Business Analytics,Q2,"Industrial and Manufacturing Engineering (Q2); Information Systems (Q2); Information Systems and Management (Q2); Management Information Systems (Q2); Artificial Intelligence (Q3); Management Science and Operations Research (Q3); Statistics, Probability and Uncertainty (Q3)","Business, Management and Accounting; Computer Science; Decision Sciences; Engineering"
1288,,,,,,,
1289,,,,,,,
1290,,,,,,,
1291,0889-3268,1573-353X,0889-3268,Journal of Business and Psychology,Q1,"Applied Psychology (Q1); Business and International Management (Q1); Business, Management and Accounting (miscellaneous) (Q1); Psychology (miscellaneous) (Q1)","Business, Management and Accounting; Psychology"
1292,1050-6519,1552-4574,1050-6519,Journal of Business and Technical Communication,Q2,"Business and International Management (Q2); Business, Management and Accounting (miscellaneous) (Q2); Communication (Q2)","Business, Management and Accounting; Social Sciences"
1293,,,,,,,
1294,2509-7962,2509-7970,2509-7962,Journal of Business Cycle Research,Q3,"Business and International Management (Q3); Economics and Econometrics (Q3); Finance (Q3); Statistics, Probability and Uncertainty (Q3)","Business, Management and Accounting; Decision Sciences; Economics, Econometrics and Finance"
1295,0044-2372,0044-2372,1861-8928,Journal of Business Economics,Q2,Business and International Management (Q2); Economics and Econometrics (Q2),"Business, Management and Accounting; Economics, Econometrics and Finance"
1296,1611-1699,2029-4433,1611-1699,Journal of Business Economics and Management,Q2,"Business, Management and Accounting (miscellaneous) (Q2); Economics and Econometrics (Q2)","Business, Management and Accounting; Economics, Econometrics and Finance"
1297,0167-4544,1573-0697,0167-4544,Journal of Business Ethics,Q1,"Arts and Humanities (miscellaneous) (Q1); Business and International Management (Q1); Business, Management and Accounting (miscellaneous) (Q1); Economics and Econometrics (Q1); Law (Q1)","Arts and Humanities; Business, Management and Accounting; Economics, Econometrics and Finance; Social Sciences"
1298,0306-686X,0306-686X,1468-5957,Journal of Business Finance and Accounting,Q1,"Accounting (Q1); Business, Management and Accounting (miscellaneous) (Q1); Finance (Q1)","Business, Management and Accounting; Economics, Econometrics and Finance"
1299,0021-9460,2754-205X,0021-9460,Journal of Business Law,Q4,Law (Q4),Social Sciences
1300,0735-3766,2158-1592,0735-3766,Journal of Business Logistics,Q1,"Business, Management and Accounting (miscellaneous) (Q1); Management Science and Operations Research (Q1)","Business, Management and Accounting; Decision Sciences"
1301,,,,,,,
1302,2246-2465,2246-2465,,Journal of Business Models,Q3,"Accounting (Q3); Business, Management and Accounting (miscellaneous) (Q3); Management of Technology and Innovation (Q3); Strategy and Management (Q3)","Business, Management and Accounting"
1303,0148-2963,0148-2963,,Journal of Business Research,Q1,Business and International Management (Q1); Management of Technology and Innovation (Q1); Marketing (Q1); Organizational Behavior and Human Resource Management (Q1); Strategy and Management (Q1),"Business, Management and Accounting"
1304,0275-6668,0275-6668,,Journal of Business Strategy,Q1,Management Information Systems (Q1); Strategy and Management (Q2),"Business, Management and Accounting"
1305,,,,,,,
1306,,,,,,,
1307,0883-9026,0883-9026,,Journal of Business Venturing,Q1,Business and International Management (Q1); Management of Technology and Innovation (Q1),"Business, Management and Accounting"
1308,2352-6734,2352-6734,,Journal of Business Venturing Insights,Q1,Business and International Management (Q1); Management of Technology and Innovation (Q1),"Business, Management and Accounting"
1309,1051-712X,1547-0628,1051-712X,Journal of Business-to-Business Marketing,Q2,Management Information Systems (Q2); Marketing (Q2),"Business, Management and Accounting"
1310,1069-0727,1069-0727,1552-4590,Journal of Career Assessment,Q1,Applied Psychology (Q1); Education (Q1); Organizational Behavior and Human Resource Management (Q1); Psychology (miscellaneous) (Q1),"Business, Management and Accounting; Psychology; Social Sciences"
1311,0894-8453,0894-8453,1556-0856,Journal of Career Development,Q1,Applied Psychology (Q1); Education (Q1); Organizational Behavior and Human Resource Management (Q1); Psychology (miscellaneous) (Q1),"Business, Management and Accounting; Psychology; Social Sciences"
1312,,,,,,,
1313,1548-7717,1548-7717,1548-7725,Journal of Cases on Information Technology,Q3,Information Systems (Q3); Information Systems and Management (Q3); Strategy and Management (Q3); Computer Science Applications (Q4),"Business, Management and Accounting; Computer Science; Decision Sciences"
1314,1469-7017,1479-1811,1469-7017,Journal of Change Management,Q2,Organizational Behavior and Human Resource Management (Q2); Strategy and Management (Q2),"Business, Management and Accounting"
1315,1938-8160,1938-8160,1938-8179,Journal of China Tourism Research,Q1,"Cultural Studies (Q1); Linguistics and Language (Q1); Tourism, Leisure and Hospitality Management (Q2)","Business, Management and Accounting; Social Sciences"
1316,1754-4408,1754-4416,1754-4408,Journal of Chinese Economic and Foreign Trade Studies,Q2,"Economics, Econometrics and Finance (miscellaneous) (Q2); Business and International Management (Q3); Organizational Behavior and Human Resource Management (Q3)","Business, Management and Accounting; Economics, Econometrics and Finance"
1317,1476-5284,1476-5284,1476-5292,Journal of Chinese Economic and Business Studies,Q1,"Economics, Econometrics and Finance (miscellaneous) (Q1)","Economics, Econometrics and Finance"
1318,,,,,,,
1319,1755-5345,1755-5345,,Journal of Choice Modelling,Q1,"Modeling and Simulation (Q1); Statistics, Probability and Uncertainty (Q2)",Decision Sciences; Mathematics
1320,0959-6526,0959-6526,1879-1786,Journal of Cleaner Production,Q1,"Environmental Science (miscellaneous) (Q1); Industrial and Manufacturing Engineering (Q1); Renewable Energy, Sustainability and the Environment (Q1); Strategy and Management (Q1)","Business, Management and Accounting; Energy; Engineering; Environmental Science"
1321,,,,,,,
1322,,,,,,,
1323,2405-8513,2405-8513,,Journal of Commodity Markets,Q1,Finance (Q1); Economics and Econometrics (Q2),"Economics, Econometrics and Finance"
1324,0021-9886,1468-5965,0021-9886,Journal of Common Market Studies,Q1,"Business and International Management (Q1); Business, Management and Accounting (miscellaneous) (Q1); Economics and Econometrics (Q1); Political Science and International Relations (Q1)","Business, Management and Accounting; Economics, Econometrics and Finance; Social Sciences"
1325,0021-9916,0021-9916,1460-2466,Journal of Communication,Q1,Communication (Q1); Linguistics and Language (Q1),Social Sciences
1326,1363-254X,1363-254X,,Journal of Communication Management,Q1,Communication (Q1); Strategy and Management (Q2),"Business, Management and Accounting; Social Sciences"
1327,,,,,,,
1328,0147-5967,1095-7227,0147-5967,Journal of Comparative Economics,Q1,Economics and Econometrics (Q1),"Economics, Econometrics and Finance"
1329,,,,,,,
1330,1387-6988,1387-6988,1572-5448,Journal of Comparative Policy Analysis: Research and Practice,Q1,Sociology and Political Science (Q1); Public Administration (Q2),Social Sciences
1331,1744-6414,1744-6422,1744-6414,Journal of Competition Law and Economics,Q1,Economics and Econometrics (Q1); Law (Q1),"Economics, Econometrics and Finance; Social Sciences"
1332,1061-8600,1061-8600,1537-2715,Journal of Computational and Graphical Statistics,Q1,"Discrete Mathematics and Combinatorics (Q1); Statistics and Probability (Q1); Statistics, Probability and Uncertainty (Q1)",Decision Sciences; Mathematics
1333,1460-1559,1460-1559,1755-2850,Journal of Computational Finance,Q3,Applied Mathematics (Q3); Computer Science Applications (Q3); Finance (Q3),"Computer Science; Economics, Econometrics and Finance; Mathematics"
1334,0887-4417,2380-2057,0887-4417,Journal of Computer Information Systems,Q1,Computer Networks and Communications (Q1); Education (Q1); Information Systems (Q1),Computer Science; Social Sciences
1335,0022-0027,1552-8766,0022-0027,Journal of Conflict Resolution,Q1,"Business, Management and Accounting (miscellaneous) (Q1); Political Science and International Relations (Q1); Sociology and Political Science (Q1)","Business, Management and Accounting; Social Sciences"
1336,,,,,,,
1337,0733-9364,1943-7862,0733-9364,Journal of Construction Engineering and Management,Q1,Building and Construction (Q1); Civil and Structural Engineering (Q1); Industrial Relations (Q1); Strategy and Management (Q1),"Business, Management and Accounting; Engineering"
1338,1072-0537,1521-0650,1072-0537,Journal of Constructivist Psychology,Q1,Linguistics and Language (Q1); Developmental and Educational Psychology (Q3); Social Psychology (Q3),Psychology; Social Sciences
1339,0022-0078,0022-0078,1745-6606,Journal of Consumer Affairs,Q1,"Economics, Econometrics and Finance (miscellaneous) (Q1); Sociology and Political Science (Q1)","Economics, Econometrics and Finance; Social Sciences"
1340,1472-0817,1479-1838,1472-0817,Journal of Consumer Behaviour,Q1,Applied Psychology (Q1); Social Psychology (Q1),Psychology
1341,0736-3761,0736-3761,,Journal of Consumer Marketing,Q1,Business and International Management (Q1); Marketing (Q2),"Business, Management and Accounting"
1342,0168-7034,0168-7034,1573-0700,Journal of Consumer Policy,Q2,"Business, Management and Accounting (miscellaneous) (Q2); Economics and Econometrics (Q2)","Business, Management and Accounting; Economics, Econometrics and Finance"
1343,1057-7408,1532-7663,1057-7408,Journal of Consumer Psychology,Q1,Applied Psychology (Q1); Marketing (Q1),"Business, Management and Accounting; Psychology"
1344,0093-5301,0093-5301,1537-5277,Journal of Consumer Research,Q1,Anthropology (Q1); Arts and Humanities (miscellaneous) (Q1); Business and International Management (Q1); Economics and Econometrics (Q1); Marketing (Q1),"Arts and Humanities; Business, Management and Accounting; Economics, Econometrics and Finance; Social Sciences"
1345,0899-8620,0899-8620,,"Journal of Consumer Satisfaction, Dissatisfaction and Complaining Behavior",Q3,Business and International Management (Q3); Applied Psychology (Q4); Marketing (Q4); Social Psychology (Q4),"Business, Management and Accounting; Psychology"
1346,1815-5669,1815-5669,,Journal of Contemporary Accounting and Economics,Q2,Accounting (Q2),"Business, Management and Accounting"
1347,,,,,,,
1348,,,,,,,
1349,1547-0148,1547-0148,1547-0156,Journal of Convention and Event Tourism,Q3,"Tourism, Leisure and Hospitality Management (Q3)","Business, Management and Accounting"
1350,1044-8136,1097-0053,1044-8136,Journal of Corporate Accounting and Finance,Q2,"Economics, Econometrics and Finance (miscellaneous) (Q2); Accounting (Q3)","Business, Management and Accounting; Economics, Econometrics and Finance"
1351,0929-1199,0929-1199,,Journal of Corporate Finance,Q1,Business and International Management (Q1); Economics and Econometrics (Q1); Finance (Q1); Strategy and Management (Q1),"Business, Management and Accounting; Economics, Econometrics and Finance"
1352,1473-5970,1757-8426,1473-5970,Journal of Corporate Law Studies,Q1,Law (Q1),Social Sciences
1353,1463-001X,1463-001X,1479-1048,Journal of Corporate Real Estate,Q2,"Business, Management and Accounting (miscellaneous) (Q2); Finance (Q2)","Business, Management and Accounting; Economics, Econometrics and Finance"
1354,,,,,,,
1355,,,,,,,
1356,2394-9643,2394-9643,2454-213X,Journal of Creating Value,Q3,"Business and International Management (Q3); Business, Management and Accounting (miscellaneous) (Q3); Marketing (Q3)","Business, Management and Accounting"
1357,0973-2586,0973-2594,0973-2586,Journal of Creative Communications,Q2,Communication (Q2),Social Sciences
1358,1744-6619,1755-9723,1744-6619,Journal of Credit Risk,Q4,Economics and Econometrics (Q4); Finance (Q4),"Economics, Econometrics and Finance"
1359,0022-0221,0022-0221,1552-5422,Journal of Cross-Cultural Psychology,Q1,Anthropology (Q1); Cultural Studies (Q1); Social Psychology (Q1),Psychology; Social Sciences
1360,1542-8052,1542-8052,1542-8044,Journal of Culinary Science and Technology,Q3,Food Science (Q3),Agricultural and Biological Sciences
1361,0885-2545,0885-2545,1573-6997,Journal of Cultural Economics,Q1,"Economics, Econometrics and Finance (miscellaneous) (Q1)","Economics, Econometrics and Finance"
1362,2044-1266,2044-1274,2044-1266,Journal of Cultural Heritage Management and Sustainable Development,Q1,"Conservation (Q1); Business, Management and Accounting (miscellaneous) (Q2); Geography, Planning and Development (Q2); Urban Studies (Q2)","Arts and Humanities; Business, Management and Accounting; Social Sciences"
1363,1064-1734,1064-1734,2164-7313,Journal of Current Issues and Research in Advertising,Q2,Marketing (Q2),"Business, Management and Accounting"
1364,,,,,,,
1365,1063-8016,1533-8010,1063-8016,Journal of Database Management,Q3,Hardware and Architecture (Q3); Information Systems (Q3); Software (Q3),Computer Science
1366,,,,,,,
1367,1246-0125,2116-7052,1246-0125,Journal of Decision Systems,Q1,Library and Information Sciences (Q1); Management Information Systems (Q1); Software (Q2),"Business, Management and Accounting; Computer Science; Social Sciences"
1368,2054-0892,2054-0892,2054-0906,Journal of Demographic Economics,Q2,"Demography (Q2); Geography, Planning and Development (Q2); Economics and Econometrics (Q3)","Economics, Econometrics and Finance; Social Sciences"
1369,,,,,,,
1370,2212-571X,2212-571X,,Journal of Destination Marketing and Management,Q1,"Business and International Management (Q1); Marketing (Q1); Strategy and Management (Q1); Tourism, Leisure and Hospitality Management (Q1)","Business, Management and Accounting"
1371,0304-3878,0304-3878,,Journal of Development Economics,Q1,Development (Q1); Economics and Econometrics (Q1),"Economics, Econometrics and Finance; Social Sciences"
1372,0022-0388,0022-0388,1743-9140,Journal of Development Studies,Q1,Development (Q1),Social Sciences
1373,2050-0076,2050-0084,2050-0076,Journal of Digital and Social Media Marketing,Q3,Communication (Q3); Marketing (Q4),"Business, Management and Accounting; Social Sciences"
1374,2773-0670,2773-0670,,Journal of Digital Economy,Q1,"Business, Management and Accounting (miscellaneous) (Q1); Economics, Econometrics and Finance (miscellaneous) (Q1); Social Sciences (miscellaneous) (Q1)","Business, Management and Accounting; Economics, Econometrics and Finance; Social Sciences"
1375,0022-0418,0022-0418,,Journal of Documentation,Q1,Library and Information Sciences (Q1); Information Systems (Q2),Computer Science; Social Sciences
1376,,,,,,,
1377,1066-9868,1066-9868,1528-6959,Journal of East-West Business,Q3,"Business and International Management (Q3); Development (Q3); Geography, Planning and Development (Q3)","Business, Management and Accounting; Social Sciences"
1378,,,,,,,
1379,2156-6674,2156-6674,,Journal of Econometric Methods,Q1,Applied Mathematics (Q1); Statistics and Probability (Q1); Economics and Econometrics (Q2),"Economics, Econometrics and Finance; Mathematics"
1380,0304-4076,0304-4076,1872-6895,Journal of Econometrics,Q1,Applied Mathematics (Q1); Economics and Econometrics (Q1),"Economics, Econometrics and Finance; Mathematics"
1381,2054-6246,2054-6238,2054-6246,Journal of Economic and Administrative Sciences,Q2,"Business, Management and Accounting (miscellaneous) (Q2); Economics and Econometrics (Q2)","Business, Management and Accounting; Economics, Econometrics and Finance"
1382,0747-9662,0747-9662,1875-8932,Journal of Economic and Social Measurement,Q3,Social Sciences (miscellaneous) (Q3),Social Sciences
1383,,,,,,,
1384,0167-2681,0167-2681,,Journal of Economic Behavior and Organization,Q1,Economics and Econometrics (Q1); Organizational Behavior and Human Resource Management (Q1),"Business, Management and Accounting; Economics, Econometrics and Finance"
1385,0254-8372,0254-8372,,Journal of Economic Development,Q4,Economics and Econometrics (Q4); Finance (Q4),"Economics, Econometrics and Finance"
1386,0165-1889,0165-1889,,Journal of Economic Dynamics and Control,Q1,Applied Mathematics (Q1); Control and Optimization (Q1); Economics and Econometrics (Q1),"Economics, Econometrics and Finance; Mathematics"
1387,1468-2702,1468-2702,1468-2710,Journal of Economic Geography,Q1,"Economics and Econometrics (Q1); Geography, Planning and Development (Q1)","Economics, Econometrics and Finance; Social Sciences"
1388,1381-4338,1573-7020,1381-4338,Journal of Economic Growth,Q1,Economics and Econometrics (Q1),"Economics, Econometrics and Finance"
1389,,,,,,,
1390,1225-651X,1976-5525,1225-651X,Journal of Economic Integration,Q2,"Economics, Econometrics and Finance (miscellaneous) (Q2)","Economics, Econometrics and Finance"
1391,1860-711X,1860-711X,1860-7128,Journal of Economic Interaction and Coordination,Q3,Business and International Management (Q3); Economics and Econometrics (Q3),"Business, Management and Accounting; Economics, Econometrics and Finance"
1392,0021-3624,1946-326X,0021-3624,Journal of Economic Issues,Q3,"Business, Management and Accounting (miscellaneous) (Q3); Economics and Econometrics (Q3)","Business, Management and Accounting; Economics, Econometrics and Finance"
1393,journal of economic literature,0022-0515,,Journal of Economic Literature,Q1,Economics and Econometrics (Q1),"Economics, Econometrics and Finance"
1394,1350-178X,1469-9427,1350-178X,Journal of Economic Methodology,Q2,"Economics, Econometrics and Finance (miscellaneous) (Q2)","Economics, Econometrics and Finance"
1395,0895-3309,0895-3309,1944-7965,Journal of Economic Perspectives,Q1,Economics and Econometrics (Q1),"Economics, Econometrics and Finance"
1396,1748-7870,1748-7889,1748-7870,Journal of Economic Policy Reform,Q1,"Economics, Econometrics and Finance (miscellaneous) (Q1); Business and International Management (Q2)","Business, Management and Accounting; Economics, Econometrics and Finance"
1397,0167-4870,0167-4870,,Journal of Economic Psychology,Q1,Applied Psychology (Q1); Economics and Econometrics (Q1); Sociology and Political Science (Q1),"Economics, Econometrics and Finance; Psychology; Social Sciences"
1398,,,,,,,
1399,,,,,,,
1400,0144-3585,0144-3585,,Journal of Economic Studies,Q1,"Economics, Econometrics and Finance (miscellaneous) (Q1)","Economics, Econometrics and Finance"
1401,0950-0804,1467-6419,0950-0804,Journal of Economic Surveys,Q1,Economics and Econometrics (Q1),"Economics, Econometrics and Finance"
1402,0022-0531,1095-7235,0022-0531,Journal of Economic Theory,Q1,Economics and Econometrics (Q1),"Economics, Econometrics and Finance"
1403,0931-8658,1617-7134,0931-8658,Journal of Economics/ Zeitschrift fur Nationalokonomie,Q3,"Business, Management and Accounting (miscellaneous) (Q3); Economics and Econometrics (Q3)","Business, Management and Accounting; Economics, Econometrics and Finance"
1404,0013-3035,0013-3035,,Ekonomicky Casopis,Q4,Economics and Econometrics (Q4),"Economics, Econometrics and Finance"
1405,1058-6407,1530-9134,1058-6407,Journal of Economics and Management Strategy,Q1,"Business, Management and Accounting (miscellaneous) (Q1); Economics and Econometrics (Q1); Management of Technology and Innovation (Q1); Strategy and Management (Q1)","Business, Management and Accounting; Economics, Econometrics and Finance"
1406,0148-6195,0148-6195,,Journal of Economics and Business,Q1,"Business, Management and Accounting (miscellaneous) (Q1); Economics and Econometrics (Q2); Finance (Q2)","Business, Management and Accounting; Economics, Econometrics and Finance"
1407,1859-0020,2632-5330,1859-0020,Journal of Economics and Development,Q1,"Business, Management and Accounting (miscellaneous) (Q1); Economics, Econometrics and Finance (miscellaneous) (Q1); Accounting (Q2); Economics and Econometrics (Q2)","Business, Management and Accounting; Economics, Econometrics and Finance"
1408,1055-0925,1055-0925,1938-9744,Journal of Economics and Finance,Q3,Economics and Econometrics (Q3); Finance (Q3),"Economics, Econometrics and Finance"
1409,,,,,,,
1410,0021-4027,2366-049X,0021-4027,Jahrbucher fur Nationalokonomie und Statistik,Q1,"Social Sciences (miscellaneous) (Q1); Business, Management and Accounting (miscellaneous) (Q2); Economics and Econometrics (Q2)","Business, Management and Accounting; Economics, Econometrics and Finance; Social Sciences"
1411,,,,,,,
1412,1472-4049,1472-4049,1747-7638,Journal of Ecotourism,Q1,"Geography, Planning and Development (Q1); Tourism, Leisure and Hospitality Management (Q2)","Business, Management and Accounting; Social Sciences"
1413,1363-9080,1363-9080,1469-9435,Journal of Education and Work,Q2,Education (Q2); Organizational Behavior and Human Resource Management (Q2); Public Administration (Q2),"Business, Management and Accounting; Social Sciences"
1414,0098-9495,1944-6470,0098-9495,Journal of Education Finance,Q3,Education (Q3); Finance (Q3); Public Administration (Q3),"Economics, Econometrics and Finance; Social Sciences"
1415,0883-2323,0883-2323,1940-3356,Journal of Education for Business,Q3,"Business, Management and Accounting (miscellaneous) (Q3); Education (Q3)","Business, Management and Accounting; Social Sciences"
1416,0957-8234,0957-8234,,Journal of Educational Administration,Q1,Education (Q1); Public Administration (Q1),Social Sciences
1417,,,,,,,
1418,1539-2937,1539-2937,1539-2929,Journal of Electronic Commerce in Organizations,Q3,Computer Networks and Communications (Q3); Computer Science Applications (Q3); Marketing (Q3); Strategy and Management (Q3),"Business, Management and Accounting; Computer Science"
1419,1938-9027,1938-9027,1526-6133,Journal of Electronic Commerce Research,Q1,"Economics, Econometrics and Finance (miscellaneous) (Q1); Computer Science Applications (Q2)","Computer Science; Economics, Econometrics and Finance"
1420,0972-6527,0973-0710,0972-6527,Journal of Emerging Market Finance,Q3,Economics and Econometrics (Q3); Finance (Q3),"Economics, Econometrics and Finance"
1421,1554-1908,1554-1908,1558-7940,Journal of Emerging Technologies in Accounting,Q2,Accounting (Q2); Computer Science Applications (Q2),"Business, Management and Accounting; Computer Science"
1422,0927-5398,0927-5398,,Journal of Empirical Finance,Q1,Economics and Econometrics (Q1); Finance (Q1),"Economics, Econometrics and Finance"
1423,1326-4443,1326-4443,,Journal of Empirical Generalisations in Marketing Science,Q4,Marketing (Q4),"Business, Management and Accounting"
1424,1740-1453,1740-1453,1740-1461,Journal of Empirical Legal Studies,Q1,Law (Q1); Education (Q2),Social Sciences
1425,0022-0787,2161-1920,0022-0787,Journal of Employment Counseling,Q3,Applied Psychology (Q3); Organizational Behavior and Human Resource Management (Q3); Psychology (miscellaneous) (Q3),"Business, Management and Accounting; Psychology"
1426,0361-4476,0361-4476,,Journal of Energy and Development,Q4,Economics and Econometrics (Q4); Energy (miscellaneous) (Q4),"Economics, Econometrics and Finance; Energy"
1427,0923-4748,1879-1719,0923-4748,Journal of Engineering and Technology Management - JET-M,Q1,Engineering (miscellaneous) (Q1); Industrial Relations (Q1); Information Systems and Management (Q1); Management Science and Operations Research (Q2); Strategy and Management (Q2),"Business, Management and Accounting; Decision Sciences; Engineering"
1428,1726-0531,1726-0531,,"Journal of Engineering, Design and Technology",Q1,Engineering (miscellaneous) (Q1),Engineering
1429,1741-0398,1741-0398,,Journal of Enterprise Information Management,Q1,Decision Sciences (miscellaneous) (Q1); Information Systems (Q1); Library and Information Sciences (Q1); Management of Technology and Innovation (Q1),"Business, Management and Accounting; Computer Science; Decision Sciences; Social Sciences"
1430,1750-6204,1750-6204,,Journal of Enterprising Communities,Q2,Business and International Management (Q2); Economics and Econometrics (Q2); Strategy and Management (Q2),"Business, Management and Accounting; Economics, Econometrics and Finance"
1431,0971-3557,0973-0745,0971-3557,Journal of Entrepreneurship,Q2,Business and International Management (Q2); Economics and Econometrics (Q2); Strategy and Management (Q2),"Business, Management and Accounting; Economics, Econometrics and Finance"
1432,2053-4604,2053-4604,2053-4612,Journal of Entrepreneurship in Emerging Economies,Q1,"Economics, Econometrics and Finance (miscellaneous) (Q1); Business and International Management (Q2); Marketing (Q2); Strategy and Management (Q2)","Business, Management and Accounting; Economics, Econometrics and Finance"
1433,1070-4965,1552-5465,1070-4965,Journal of Environment and Development,Q1,"Development (Q1); Geography, Planning and Development (Q1); Management, Monitoring, Policy and Law (Q2)",Environmental Science; Social Sciences
1434,0095-0696,1096-0449,0095-0696,Journal of Environmental Economics and Management,Q1,"Economics and Econometrics (Q1); Management, Monitoring, Policy and Law (Q1)","Economics, Econometrics and Finance; Environmental Science"
1435,0952-8873,1464-374X,0952-8873,Journal of Environmental Law,Q1,"Law (Q1); Management, Monitoring, Policy and Law (Q1)",Environmental Science; Social Sciences
1436,0964-0568,1360-0559,0964-0568,Journal of Environmental Planning and Management,Q1,"Environmental Science (miscellaneous) (Q1); Fluid Flow and Transfer Processes (Q1); Geography, Planning and Development (Q1); Management, Monitoring, Policy and Law (Q1); Water Science and Technology (Q1)",Chemical Engineering; Environmental Science; Social Sciences
1437,0272-4944,0272-4944,1522-9610,Journal of Environmental Psychology,Q1,Applied Psychology (Q1); Social Psychology (Q1),Psychology
1438,,,,,,,
1439,0391-5115,2499-8281,0391-5115,Journal of European Economic History,Q3,History (Q3); Economics and Econometrics (Q4),"Arts and Humanities; Economics, Econometrics and Finance"
1440,1350-1763,1466-4429,1350-1763,Journal of European Public Policy,Q1,Political Science and International Relations (Q1); Public Administration (Q1); Sociology and Political Science (Q1),Social Sciences
1441,1753-9269,1753-9277,1753-9269,Journal of European Real Estate Research,Q3,Accounting (Q3); Economics and Econometrics (Q3); Finance (Q3),"Business, Management and Accounting; Economics, Econometrics and Finance"
1442,0936-9937,0936-9937,1432-1386,Journal of Evolutionary Economics,Q2,"Business, Management and Accounting (miscellaneous) (Q2); Economics and Econometrics (Q2)","Business, Management and Accounting; Economics, Econometrics and Finance"
1443,1076-898X,1939-2192,1076-898X,Journal of Experimental Psychology: Applied,Q2,Experimental and Cognitive Psychology (Q2),Psychology
1444,0096-3445,0096-3445,1939-2222,Journal of Experimental Psychology: General,Q1,Developmental Neuroscience (Q1); Experimental and Cognitive Psychology (Q1); Medicine (miscellaneous) (Q1); Psychology (miscellaneous) (Q1),Medicine; Neuroscience; Psychology
1445,0278-7393,1939-1285,0278-7393,Journal of Experimental Psychology: Learning Memory and Cognition,Q1,Experimental and Cognitive Psychology (Q1); Linguistics and Language (Q1),Psychology; Social Sciences
1446,0022-1031,0022-1031,1096-0465,Journal of Experimental Social Psychology,Q1,Social Psychology (Q1); Sociology and Political Science (Q1),Psychology; Social Sciences
1447,1472-5967,1741-0983,1472-5967,Journal of Facilities Management,Q2,Business and International Management (Q2); Management of Technology and Innovation (Q2); Strategy and Management (Q2),"Business, Management and Accounting"
1448,1058-0476,1573-3475,1058-0476,Journal of Family and Economic Issues,Q2,Economics and Econometrics (Q2); Social Psychology (Q2),"Economics, Econometrics and Finance; Psychology"
1449,1877-8585,1877-8585,,Journal of Family Business Strategy,Q1,Economics and Econometrics (Q1); Strategy and Management (Q1),"Business, Management and Accounting; Economics, Econometrics and Finance"
1450,1361-2026,1361-2026,,Journal of Fashion Marketing and Management,Q1,Business and International Management (Q1); Marketing (Q2),"Business, Management and Accounting"
1451,,,,,,,
1452,0022-1090,0022-1090,1756-6916,Journal of Financial and Quantitative Analysis,Q1,Accounting (Q1); Economics and Econometrics (Q1); Finance (Q1),"Business, Management and Accounting; Economics, Econometrics and Finance"
1453,1052-3073,1947-7910,1052-3073,Journal of Financial Counseling and Planning,Q2,Economics and Econometrics (Q2); Finance (Q2),"Economics, Econometrics and Finance"
1454,1359-0790,1758-7239,1359-0790,Journal of Financial Crime,Q1,"Economics, Econometrics and Finance (miscellaneous) (Q1); Law (Q1)","Economics, Econometrics and Finance; Social Sciences"
1455,1479-8409,1479-8417,1479-8409,Journal of Financial Econometrics,Q1,Economics and Econometrics (Q1); Finance (Q1),"Economics, Econometrics and Finance"
1456,1757-6385,1757-6385,1757-6393,Journal of Financial Economic Policy,Q2,Economics and Econometrics (Q2); Finance (Q2),"Economics, Econometrics and Finance"
1457,0304-405X,0304-405X,,Journal of Financial Economics,Q1,Accounting (Q1); Economics and Econometrics (Q1); Finance (Q1); Strategy and Management (Q1),"Business, Management and Accounting; Economics, Econometrics and Finance"
1458,,,,,,,
1459,1042-9573,1096-0473,1042-9573,Journal of Financial Intermediation,Q1,Economics and Econometrics (Q1); Finance (Q1),"Economics, Econometrics and Finance"
1460,,,,,,,
1461,1366-4387,1759-8443,1366-4387,Journal of Financial Management of Property and Construction,Q2,Business and International Management (Q2); Finance (Q2); Accounting (Q3); Economics and Econometrics (Q3),"Business, Management and Accounting; Economics, Econometrics and Finance"
1462,2282-717X,2282-717X,,"Journal of Financial Management, Markets and Institutions",Q2,"Economics, Econometrics and Finance (miscellaneous) (Q2)","Economics, Econometrics and Finance"
1463,1386-4181,1386-4181,,Journal of Financial Markets,Q1,Economics and Econometrics (Q1); Finance (Q1),"Economics, Econometrics and Finance"
1464,2053-4833,2053-4841,2053-4833,Journal of Financial Regulation,Q1,Finance (Q1),"Economics, Econometrics and Finance"
1465,1358-1988,1358-1988,1740-0279,Journal of Financial Regulation and Compliance,Q2,Finance (Q2); Strategy and Management (Q2),"Business, Management and Accounting; Economics, Econometrics and Finance"
1466,,,,,,,
1467,1985-2517,2042-5856,1985-2517,Journal of Financial Reporting and Accounting,Q1,"Economics, Econometrics and Finance (miscellaneous) (Q1); Management Information Systems (Q1); Accounting (Q2)","Business, Management and Accounting; Economics, Econometrics and Finance"
1468,0270-2592,0270-2592,1475-6803,Journal of Financial Research,Q2,Finance (Q2); Accounting (Q3),"Business, Management and Accounting; Economics, Econometrics and Finance"
1469,1363-0539,1479-1846,1363-0539,Journal of Financial Services Marketing,Q2,Finance (Q2); Marketing (Q2),"Business, Management and Accounting; Economics, Econometrics and Finance"
1470,0920-8550,1573-0735,0920-8550,Journal of Financial Services Research,Q1,Accounting (Q1); Economics and Econometrics (Q1); Finance (Q1),"Business, Management and Accounting; Economics, Econometrics and Finance"
1471,1572-3089,1572-3089,,Journal of Financial Stability,Q1,"Economics, Econometrics and Finance (miscellaneous) (Q1); Finance (Q1)","Economics, Econometrics and Finance"
1472,journal of food distribution research,2643-3354,,Journal of Food Distribution Research,Q4,Agronomy and Crop Science (Q4); Economics and Econometrics (Q4); Food Science (Q4); Management Science and Operations Research (Q4); Marketing (Q4),"Agricultural and Biological Sciences; Business, Management and Accounting; Decision Sciences; Economics, Econometrics and Finance"
1473,1045-4446,1540-4102,1045-4446,Journal of Food Products Marketing,Q2,Business and International Management (Q2); Food Science (Q2); Marketing (Q2),"Agricultural and Biological Sciences; Business, Management and Accounting"
1474,1537-8020,1537-8039,1537-8020,Journal of Foodservice Business Research,Q2,Food Science (Q2),Agricultural and Biological Sciences
1475,0277-6693,0277-6693,1099-131X,Journal of Forecasting,Q2,"Computer Science Applications (Q2); Economics and Econometrics (Q2); Management Science and Operations Research (Q2); Modeling and Simulation (Q2); Statistics, Probability and Uncertainty (Q2); Strategy and Management (Q2)","Business, Management and Accounting; Computer Science; Decision Sciences; Economics, Econometrics and Finance; Mathematics"
1476,,,,,,,
1477,,,,,,,
1478,,,,,,,
1479,1104-6899,1104-6899,1618-1530,Journal of Forest Economics,Q3,"Ecology (Q3); Forestry (Q3); Geography, Planning and Development (Q3)",Agricultural and Biological Sciences; Environmental Science; Social Sciences
1480,1050-5350,1050-5350,1573-3602,Journal of Gambling Studies,Q1,Sociology and Political Science (Q1); Psychology (miscellaneous) (Q2),Psychology; Social Sciences
1481,0306-3070,1759-6106,0306-3070,Journal of General Management,Q2,"Business, Management and Accounting (miscellaneous) (Q2); Strategy and Management (Q3)","Business, Management and Accounting"
1482,,,,,,,
1483,2377-2999,2377-2999,,Journal of Global Economic Analysis,Q1,"Applied Mathematics (Q1); Economics and Econometrics (Q1); Statistics, Probability and Uncertainty (Q1)","Decision Sciences; Economics, Econometrics and Finance; Mathematics"
1484,2093-2685,2093-2685,2325-4483,Journal of Global Fashion Marketing,Q1,Cultural Studies (Q1); Management of Technology and Innovation (Q1); Marketing (Q1); Strategy and Management (Q1),"Business, Management and Accounting; Social Sciences"
1485,1062-7375,1062-7375,1533-7995,Journal of Global Information Management,Q1,Information Systems and Management (Q1); Business and International Management (Q2); Computer Science Applications (Q2); E-learning (Q2); Management Science and Operations Research (Q2); Strategy and Management (Q2),"Business, Management and Accounting; Computer Science; Decision Sciences; Social Sciences"
1486,1097-198X,1097-198X,2333-6846,Journal of Global Information Technology Management,Q2,Information Systems (Q2); Information Systems and Management (Q2); E-learning (Q3),Computer Science; Decision Sciences; Social Sciences
1487,0891-1762,0891-1762,1528-6975,Journal of Global Marketing,Q1,Business and International Management (Q1); Marketing (Q2),"Business, Management and Accounting"
1488,2049-8799,2049-8802,2049-8799,Journal of Global Mobility,Q2,Business and International Management (Q2); Organizational Behavior and Human Resource Management (Q3),"Business, Management and Accounting"
1489,2398-5364,2398-5372,2398-5364,Journal of Global Operations and Strategic Sourcing,Q2,Management Science and Operations Research (Q2); Organizational Behavior and Human Resource Management (Q2); Strategy and Management (Q2),"Business, Management and Accounting; Decision Sciences"
1490,2041-2568,2041-2568,2041-2576,Journal of Global Responsibility,Q1,Business and International Management (Q1),"Business, Management and Accounting"
1491,2163-9159,2163-9159,2163-9167,Journal of Global Scholars of Marketing Science: Bridging Asia and the World,Q1,Arts and Humanities (miscellaneous) (Q1); Social Sciences (miscellaneous) (Q1); Marketing (Q2),"Arts and Humanities; Business, Management and Accounting; Social Sciences"
1492,2470-4067,2470-4067,2470-4075,Journal of Global Sport Management,Q2,"Strategy and Management (Q2); Tourism, Leisure and Hospitality Management (Q2)","Business, Management and Accounting"
1493,1948-1837,1948-1837,2194-6353,Journal of Globalization and Development,Q3,"Development (Q3); Economics, Econometrics and Finance (miscellaneous) (Q3); Geography, Planning and Development (Q3)","Economics, Econometrics and Finance; Social Sciences"
1494,2155-3815,2155-3815,,Journal of Governmental and Nonprofit Accounting,Q3,Accounting (Q3),"Business, Management and Accounting"
1495,0167-6296,1879-1646,0167-6296,Journal of Health Economics,Q1,"Health Policy (Q1); Public Health, Environmental and Occupational Health (Q1)",Medicine
1496,0361-6878,1527-1927,0361-6878,"Journal of Health Politics, Policy and Law",Q1,Health Policy (Q1),Medicine
1497,1355-8196,1758-1060,1355-8196,Journal of Health Services Research and Policy,Q1,"Health Policy (Q1); Public Health, Environmental and Occupational Health (Q1)",Medicine
1498,1477-7266,1477-7266,,Journal of Health Organization and Management,Q2,"Business, Management and Accounting (miscellaneous) (Q2); Health Policy (Q2); Organizational Behavior and Human Resource Management (Q2)","Business, Management and Accounting; Medicine"
1499,,,,,,,
1500,1096-9012,1944-7396,1096-9012,Journal of Healthcare Management,Q2,Health Policy (Q2); Leadership and Management (Q2); Medicine (miscellaneous) (Q2); Strategy and Management (Q2),"Business, Management and Accounting; Medicine; Nursing"
1501,1743-873X,1743-873X,1747-6631,Journal of Heritage Tourism,Q1,"History (Q1); Tourism, Leisure and Hospitality Management (Q2)","Arts and Humanities; Business, Management and Accounting"
1502,1360-080X,1469-9508,1360-080X,Journal of Higher Education Policy and Management,Q1,Education (Q1); Public Administration (Q1),Social Sciences
1503,1755-750X,1755-7518,1755-750X,Journal of Historical Research in Marketing,Q3,Marketing (Q3),"Business, Management and Accounting"
1504,1096-3758,2325-6540,1096-3758,Journal of Hospitality and Tourism Education,Q2,"Education (Q2); Tourism, Leisure and Hospitality Management (Q2)","Business, Management and Accounting; Social Sciences"
1505,2514-9792,2514-9806,2514-9792,Journal of Hospitality and Tourism Insights,Q1,"Tourism, Leisure and Hospitality Management (Q1)","Business, Management and Accounting"
1506,1447-6770,1839-5260,1447-6770,Journal of Hospitality and Tourism Management,Q1,"Tourism, Leisure and Hospitality Management (Q1)","Business, Management and Accounting"
1507,1096-3480,1096-3480,1557-7554,Journal of Hospitality and Tourism Research,Q1,"Education (Q1); Tourism, Leisure and Hospitality Management (Q1)","Business, Management and Accounting; Social Sciences"
1508,1757-9880,1757-9880,1757-9899,Journal of Hospitality and Tourism Technology,Q1,"Computer Science Applications (Q1); Information Systems (Q1); Tourism, Leisure and Hospitality Management (Q1)","Business, Management and Accounting; Computer Science"
1509,1936-8623,1936-8631,1936-8623,Journal of Hospitality Marketing and Management,Q1,"Management Information Systems (Q1); Marketing (Q1); Tourism, Leisure and Hospitality Management (Q1)","Business, Management and Accounting"
1510,1473-8376,1473-8376,,"Journal of Hospitality, Leisure, Sport and Tourism Education",Q1,"Education (Q1); Tourism, Leisure and Hospitality Management (Q1)","Business, Management and Accounting; Social Sciences"
1511,1051-1377,1096-0791,1051-1377,Journal of Housing Economics,Q2,Economics and Econometrics (Q2),"Economics, Econometrics and Finance"
1512,1052-7001,2691-1337,1052-7001,Journal of Housing Research,Q3,"Business, Management and Accounting (miscellaneous) (Q3); Economics, Econometrics and Finance (miscellaneous) (Q3); Urban Studies (Q3)","Business, Management and Accounting; Economics, Econometrics and Finance; Social Sciences"
1513,1932-8575,1932-8664,1932-8575,Journal of Human Capital,Q1,"Economics, Econometrics and Finance (miscellaneous) (Q1)","Economics, Econometrics and Finance"
1514,1945-2829,1945-2837,1945-2829,Journal of Human Development and Capabilities,Q1,Anthropology (Q1); Development (Q1),Social Sciences
1515,0022-166X,1548-8004,0022-166X,Journal of Human Resources,Q1,Economics and Econometrics (Q1); Management of Technology and Innovation (Q1); Organizational Behavior and Human Resource Management (Q1); Strategy and Management (Q1),"Business, Management and Accounting; Economics, Econometrics and Finance"
1516,1533-2845,1533-2845,1533-2853,Journal of Human Resources in Hospitality and Tourism,Q3,"Organizational Behavior and Human Resource Management (Q3); Tourism, Leisure and Hospitality Management (Q3)","Business, Management and Accounting"
1517,2042-6747,2042-6747,2042-6755,Journal of Humanitarian Logistics and Supply Chain Management,Q2,Management Information Systems (Q2); Management Science and Operations Research (Q2),"Business, Management and Accounting; Decision Sciences"
1518,,,,,,,
1519,,,,,,,
1520,1755-4195,1755-4195,1755-4209,Journal of Indian Business Research,Q2,"Business, Management and Accounting (miscellaneous) (Q2)","Business, Management and Accounting"
1521,2085-8272,2338-5847,2085-8272,Journal of Indonesian Economy and Business,Q3,"Accounting (Q3); Business and International Management (Q3); Business, Management and Accounting (miscellaneous) (Q3); Economics and Econometrics (Q3); Management Information Systems (Q3); Management of Technology and Innovation (Q3)","Business, Management and Accounting; Economics, Econometrics and Finance"
1522,0391-2078,0391-2078,1972-4977,Journal of Industrial and Business Economics,Q1,"Economics, Econometrics and Finance (miscellaneous) (Q1); Business and International Management (Q2); Business, Management and Accounting (miscellaneous) (Q2); Economics and Econometrics (Q2)","Business, Management and Accounting; Economics, Econometrics and Finance"
1523,1547-5816,1547-5816,1553-166X,Journal of Industrial and Management Optimization,Q3,Applied Mathematics (Q3); Business and International Management (Q3); Control and Optimization (Q3); Strategy and Management (Q3),"Business, Management and Accounting; Mathematics"
1524,2452-414X,2452-414X,,Journal of Industrial Information Integration,Q1,Industrial and Manufacturing Engineering (Q1); Information Systems and Management (Q1),Decision Sciences; Engineering
1525,0022-1856,0022-1856,1472-9296,Journal of Industrial Relations,Q1,Industrial Relations (Q1); Business and International Management (Q2),"Business, Management and Accounting"
1526,1566-1679,1566-1679,1573-7012,"Journal of Industry, Competition and Trade",Q2,Industrial Relations (Q2); Economics and Econometrics (Q3),"Business, Management and Accounting; Economics, Econometrics and Finance"
1527,0219-6492,0219-6492,1793-6926,Journal of Information and Knowledge Management,Q3,Computer Networks and Communications (Q3); Library and Information Sciences (Q3); Computer Science Applications (Q4),Computer Science; Social Sciences
1528,1477-996X,1758-8871,1477-996X,"Journal of Information, Communication and Ethics in Society",Q1,Communication (Q1); Philosophy (Q1); Sociology and Political Science (Q1); Computer Networks and Communications (Q2); E-learning (Q2),Arts and Humanities; Computer Science; Social Sciences
1529,0888-7985,0888-7985,1558-7959,Journal of Information Systems,Q1,Information Systems and Management (Q1); Accounting (Q2); Human-Computer Interaction (Q2); Information Systems (Q2); Management Information Systems (Q2); Management of Technology and Innovation (Q2); Software (Q2),"Business, Management and Accounting; Computer Science; Decision Sciences"
1530,,,,,,,
1531,1055-3096,2574-3872,1055-3096,Journal of Information Systems Education,Q2,Education (Q2); E-learning (Q2); Engineering (miscellaneous) (Q2),Engineering; Social Sciences
1532,0268-3962,1466-4437,0268-3962,Journal of Information Technology,Q1,Information Systems (Q1); Library and Information Sciences (Q1); Strategy and Management (Q1),"Business, Management and Accounting; Computer Science; Social Sciences"
1533,1522-8053,1522-8053,2333-6897,Journal of Information Technology Case and Application Research,Q3,Information Systems and Management (Q3); Management Science and Operations Research (Q4),Decision Sciences
1534,1547-9714,1539-3585,1547-9714,Journal of Information Technology Education: Research,Q1,Computer Science (miscellaneous) (Q1); Education (Q1); E-learning (Q2),Computer Science; Social Sciences
1535,2444-569X,2444-569X,2530-7614,Journal of Innovation and Knowledge,Q1,Business and International Management (Q1); Economics and Econometrics (Q1); Management of Technology and Innovation (Q1); Marketing (Q1),"Business, Management and Accounting; Economics, Econometrics and Finance"
1536,2032-5355,2032-5355,,Journal of Innovation Economics and Management,Q2,Business and International Management (Q2); Economics and Econometrics (Q2); Management of Technology and Innovation (Q2); Strategy and Management (Q2),"Business, Management and Accounting; Economics, Econometrics and Finance"
1537,2183-0606,2183-0606,,Journal of Innovation Management,Q2,Engineering (miscellaneous) (Q2); Management of Technology and Innovation (Q2),"Business, Management and Accounting; Engineering"
1538,0932-4569,0932-4569,1614-0559,Journal of Institutional and Theoretical Economics,Q4,Economics and Econometrics (Q4),"Economics, Econometrics and Finance"
1539,1744-1374,1744-1374,1744-1382,Journal of Institutional Economics,Q1,"Economics, Econometrics and Finance (miscellaneous) (Q1)","Economics, Econometrics and Finance"
1540,,,,,,,
1541,1469-1930,1758-7468,1469-1930,Journal of Intellectual Capital,Q1,"Business, Management and Accounting (miscellaneous) (Q1); Education (Q1)","Business, Management and Accounting; Social Sciences"
1542,1747-1532,1747-1540,1747-1532,Journal of Intellectual Property Law and Practice,Q2,Law (Q2),Social Sciences
1543,0925-9902,1573-7675,0925-9902,Journal of Intelligent Information Systems,Q2,Artificial Intelligence (Q2); Computer Networks and Communications (Q2); Hardware and Architecture (Q2); Information Systems (Q2); Software (Q2),Computer Science
1544,0956-5515,1572-8145,0956-5515,Journal of Intelligent Manufacturing,Q1,Artificial Intelligence (Q1); Industrial and Manufacturing Engineering (Q1); Software (Q1),Computer Science; Engineering
1545,1547-2450,1547-2450,1547-2442,"Journal of Intelligent Transportation Systems: Technology, Planning, and Operations",Q1,Aerospace Engineering (Q1); Applied Mathematics (Q1); Automotive Engineering (Q1); Computer Science Applications (Q1); Control and Systems Engineering (Q1); Information Systems (Q1); Software (Q1),Computer Science; Engineering; Mathematics
1546,1525-2019,1525-2019,,Journal of Interactive Advertising,Q1,Communication (Q1); Marketing (Q1),"Business, Management and Accounting; Social Sciences"
1547,1094-9968,1094-9968,1520-6653,Journal of Interactive Marketing,Q1,Business and International Management (Q1); Marketing (Q1),"Business, Management and Accounting"
1548,1404-1634,1404-1634,,Journal of Intercultural Communication,Q1,Cultural Studies (Q1); Communication (Q2); Gender Studies (Q2); Linguistics and Language (Q2); Education (Q3); Public Administration (Q3); Strategy and Management (Q3),"Business, Management and Accounting; Social Sciences"
1549,0260-1079,2321-5305,0260-1079,Journal of Interdisciplinary Economics,Q4,Economics and Econometrics (Q4),"Economics, Econometrics and Finance"
1550,1542-6297,1558-8025,1542-6297,Journal of International Accounting Research,Q2,Accounting (Q2); Business and International Management (Q2),"Business, Management and Accounting"
1551,1061-9518,1061-9518,,"Journal of International Accounting, Auditing and Taxation",Q2,Accounting (Q2); Finance (Q2),"Business, Management and Accounting; Economics, Econometrics and Finance"
1552,,,,,,,
1553,,,,,,,
1554,,,,,,,
1555,1649-4946,2044-4575,1649-4946,Journal of International Business Education,Q4,"Business and International Management (Q4); Business, Management and Accounting (miscellaneous) (Q4); Marketing (Q4); Strategy and Management (Q4)","Business, Management and Accounting"
1556,2522-0691,2522-0691,2522-0705,Journal of International Business Policy,Q1,Business and International Management (Q1); Management of Technology and Innovation (Q1),"Business, Management and Accounting"
1557,0047-2506,0047-2506,1478-6990,Journal of International Business Studies,Q1,"Business and International Management (Q1); Business, Management and Accounting (miscellaneous) (Q1); Economics and Econometrics (Q1); Management of Technology and Innovation (Q1); Strategy and Management (Q1)","Business, Management and Accounting; Economics, Econometrics and Finance"
1558,,,,,,,
1559,0896-1530,0896-1530,1528-7068,Journal of International Consumer Marketing,Q2,Management Information Systems (Q2); Marketing (Q2),"Business, Management and Accounting"
1560,0954-1748,1099-1328,0954-1748,Journal of International Development,Q2,"Development (Q2); Geography, Planning and Development (Q2)",Social Sciences
1561,1369-3034,1464-3758,1369-3034,Journal of International Economic Law,Q1,"Economics, Econometrics and Finance (miscellaneous) (Q1); Law (Q1)","Economics, Econometrics and Finance; Social Sciences"
1562,,,,,,,
1563,0022-1996,1873-0353,0022-1996,Journal of International Economics,Q1,Economics and Econometrics (Q1); Finance (Q1),"Economics, Econometrics and Finance"
1564,2046-469X,2046-469X,1836-3261,Journal of International Education in Business,Q2,"Business, Management and Accounting (miscellaneous) (Q2); Education (Q2)","Business, Management and Accounting; Social Sciences"
1565,,,,,,,
1566,0954-1314,0954-1314,1467-646X,Journal of International Financial Management and Accounting,Q1,"Accounting (Q1); Business, Management and Accounting (miscellaneous) (Q1); Finance (Q1)","Business, Management and Accounting; Economics, Econometrics and Finance"
1567,1042-4431,1042-4431,,"Journal of International Financial Markets, Institutions and Money",Q1,Economics and Econometrics (Q1); Finance (Q1),"Economics, Econometrics and Finance"
1568,0897-4438,0897-4438,1528-6983,Journal of International Food and Agribusiness Marketing,Q2,Business and International Management (Q2); Food Science (Q2); Marketing (Q3),"Agricultural and Biological Sciences; Business, Management and Accounting"
1569,1075-4253,1075-4253,,Journal of International Management,Q1,Business and International Management (Q1); Finance (Q1); Strategy and Management (Q1),"Business, Management and Accounting; Economics, Econometrics and Finance"
1570,1069-031X,1547-7215,1069-031X,Journal of International Marketing,Q1,Business and International Management (Q1); Economics and Econometrics (Q1); Marketing (Q1),"Business, Management and Accounting; Economics, Econometrics and Finance"
1571,,,,,,,
1572,,,,,,,
1573,1488-3473,1488-3473,1874-6365,Journal of International Migration and Integration,Q1,Anthropology (Q1); Cultural Studies (Q1); Demography (Q1),Social Sciences
1574,0261-5606,0261-5606,,Journal of International Money and Finance,Q1,Economics and Econometrics (Q1); Finance (Q1),"Economics, Econometrics and Finance"
1575,1408-6980,1408-6980,1581-1980,Journal of International Relations and Development,Q1,"Development (Q1); Geography, Planning and Development (Q1); Political Science and International Relations (Q1)",Social Sciences
1576,,,,,,,
1577,,,,,,,
1578,1533-2861,1533-287X,1533-2861,Journal of Internet Commerce,Q2,Human-Computer Interaction (Q2); Management of Technology and Innovation (Q2),"Business, Management and Accounting; Computer Science"
1579,1068-0896,2168-8613,1068-0896,Journal of Investing,Q3,Finance (Q3); Strategy and Management (Q3); Management of Technology and Innovation (Q4),"Business, Management and Accounting; Economics, Econometrics and Finance"
1580,,,,,,,
1581,,,,,,,
1582,,,,,,,
1583,1759-0817,1759-0817,1759-0825,Journal of Islamic Accounting and Business Research,Q2,Business and International Management (Q2); Strategy and Management (Q2); Accounting (Q3),"Business, Management and Accounting"
1584,,,,,,,
1585,1759-0833,1759-0833,1759-0841,Journal of Islamic Marketing,Q2,Marketing (Q2),"Business, Management and Accounting"
1586,1367-3270,1758-7484,1367-3270,Journal of Knowledge Management,Q1,Management of Technology and Innovation (Q1); Strategy and Management (Q1),"Business, Management and Accounting"
1587,,,,,,,
1588,,,,,,,
1589,2471-4607,2471-4607,,Journal of Labor and Society,Q1,Cultural Studies (Q1); History (Q1); Political Science and International Relations (Q2); Social Sciences (miscellaneous) (Q2); Sociology and Political Science (Q2); Economics and Econometrics (Q3),"Arts and Humanities; Economics, Econometrics and Finance; Social Sciences"
1590,0734-306X,0734-306X,1537-5307,Journal of Labor Economics,Q1,Economics and Econometrics (Q1); Industrial Relations (Q1),"Business, Management and Accounting; Economics, Econometrics and Finance"
1591,0195-3613,0195-3613,1936-4768,Journal of Labor Research,Q3,Management of Technology and Innovation (Q3); Organizational Behavior and Human Resource Management (Q3); Strategy and Management (Q3),"Business, Management and Accounting"
1592,,,,,,,
1593,0263-323X,1467-6478,0263-323X,Journal of Law and Society,Q1,Law (Q1); Sociology and Political Science (Q1),Social Sciences
1594,,,,,,,
1595,8756-6222,1465-7341,8756-6222,"Journal of Law, Economics, and Organization",Q1,Economics and Econometrics (Q1); Law (Q1); Organizational Behavior and Human Resource Management (Q1),"Business, Management and Accounting; Economics, Econometrics and Finance; Social Sciences"
1596,,,,,,,
1597,1548-0518,1939-7089,1548-0518,Journal of Leadership and Organizational Studies,Q1,Business and International Management (Q1); Management Science and Operations Research (Q1); Organizational Behavior and Human Resource Management (Q1); Sociology and Political Science (Q1); Strategy and Management (Q1),"Business, Management and Accounting; Decision Sciences; Social Sciences"
1598,,,,,,,
1599,,,,,,,
1600,,,,,,,
1601,,,,,,,
1602,0022-2216,0022-2216,2159-6417,Journal of Leisure Research,Q1,"Sociology and Political Science (Q1); Environmental Science (miscellaneous) (Q2); Tourism, Leisure and Hospitality Management (Q2)","Business, Management and Accounting; Environmental Science; Social Sciences"
1603,0164-0704,0164-0704,,Journal of Macroeconomics,Q2,Economics and Econometrics (Q2),"Economics, Econometrics and Finance"
1604,0276-1467,1552-6534,0276-1467,Journal of Macromarketing,Q2,Marketing (Q2),"Business, Management and Accounting"
1605,,,,,,,
1606,0149-2063,0149-2063,1557-1211,Journal of Management,Q1,Finance (Q1); Strategy and Management (Q1),"Business, Management and Accounting; Economics, Econometrics and Finance"
1607,1833-3672,1839-3527,1833-3672,Journal of Management and Organization,Q2,Business and International Management (Q2); Organizational Behavior and Human Resource Management (Q2),"Business, Management and Accounting"
1608,1049-2127,1558-8033,1049-2127,Journal of Management Accounting Research,Q1,Accounting (Q1); Business and International Management (Q1),"Business, Management and Accounting"
1609,2327-0012,2327-0039,2327-0012,Journal of Management Analytics,Q2,"Business, Management and Accounting (miscellaneous) (Q2); Statistics and Probability (Q2); Statistics, Probability and Uncertainty (Q2)","Business, Management and Accounting; Decision Sciences; Mathematics"
1610,1385-3457,1572-963X,1385-3457,Journal of Management and Governance,Q1,Business and International Management (Q1),"Business, Management and Accounting"
1611,2191-4761,2191-477X,2191-4761,Journal of Management Control,Q1,Management Information Systems (Q1); Management Science and Operations Research (Q1); Accounting (Q2); Management of Technology and Innovation (Q2); Strategy and Management (Q2),"Business, Management and Accounting; Decision Sciences"
1612,0262-1711,0262-1711,,Journal of Management Development,Q1,"Business, Management and Accounting (miscellaneous) (Q1); History (Q1); Organizational Behavior and Human Resource Management (Q2)","Arts and Humanities; Business, Management and Accounting"
1613,1052-5629,1052-5629,1552-6658,Journal of Management Education,Q1,"Business, Management and Accounting (miscellaneous) (Q1); Education (Q1)","Business, Management and Accounting; Social Sciences"
1614,1751-1348,1758-7751,1751-1348,Journal of Management History,Q1,"History (Q1); History and Philosophy of Science (Q2); Business, Management and Accounting (miscellaneous) (Q3)","Arts and Humanities; Business, Management and Accounting"
1615,0742-597X,1943-5479,0742-597X,Journal of Management in Engineering,Q1,Engineering (miscellaneous) (Q1); Industrial Relations (Q1); Management Science and Operations Research (Q1); Strategy and Management (Q1),"Business, Management and Accounting; Decision Sciences; Engineering"
1616,0742-1222,1557-928X,0742-1222,Journal of Management Information Systems,Q1,Computer Science Applications (Q1); Information Systems and Management (Q1); Management Information Systems (Q1); Management Science and Operations Research (Q1),"Business, Management and Accounting; Computer Science; Decision Sciences"
1617,1056-4926,1552-6542,1056-4926,Journal of Management Inquiry,Q1,"Business, Management and Accounting (miscellaneous) (Q1); Management of Technology and Innovation (Q1); Strategy and Management (Q1)","Business, Management and Accounting"
1618,1476-6086,1942-258X,1476-6086,"Journal of Management, Spirituality and Religion",Q1,Philosophy (Q1); Religious Studies (Q1); Organizational Behavior and Human Resource Management (Q3); Strategy and Management (Q3),"Arts and Humanities; Business, Management and Accounting"
1619,0022-2380,0022-2380,1467-6486,Journal of Management Studies,Q1,Business and International Management (Q1); Management of Technology and Innovation (Q1); Strategy and Management (Q1),"Business, Management and Accounting"
1620,,,,,,,
1621,0268-3946,0268-3946,,Journal of Managerial Psychology,Q1,Management Science and Operations Research (Q1); Social Psychology (Q1); Applied Psychology (Q2); Organizational Behavior and Human Resource Management (Q2),"Business, Management and Accounting; Decision Sciences; Psychology"
1622,0278-6125,0278-6125,,Journal of Manufacturing Systems,Q1,Control and Systems Engineering (Q1); Hardware and Architecture (Q1); Industrial and Manufacturing Engineering (Q1); Software (Q1),Computer Science; Engineering
1623,1741-038X,1741-038X,,Journal of Manufacturing Technology Management,Q1,Computer Science Applications (Q1); Control and Systems Engineering (Q1); Industrial and Manufacturing Engineering (Q1); Software (Q1); Strategy and Management (Q1),"Business, Management and Accounting; Computer Science; Engineering"
1624,0022-2410,2162-4127,0022-2410,Journal of Maritime Law and Commerce,Q4,Law (Q4); Political Science and International Relations (Q4),Social Sciences
1625,0022-2429,1547-7185,0022-2429,Journal of Marketing,Q1,Business and International Management (Q1); Economics and Econometrics (Q1); Marketing (Q1),"Business, Management and Accounting; Economics, Econometrics and Finance"
1626,2050-3318,2050-3318,2050-3326,Journal of Marketing Analytics,Q1,"Economics, Econometrics and Finance (miscellaneous) (Q1); Statistics, Probability and Uncertainty (Q1); Marketing (Q2); Strategy and Management (Q2)","Business, Management and Accounting; Decision Sciences; Economics, Econometrics and Finance"
1627,1352-7266,1466-4445,1352-7266,Journal of Marketing Communications,Q1,Business and International Management (Q1); Marketing (Q2),"Business, Management and Accounting"
1628,0273-4753,0273-4753,1552-6550,Journal of Marketing Education,Q1,Education (Q1); Marketing (Q2),"Business, Management and Accounting; Social Sciences"
1629,0884-1241,1540-7144,0884-1241,Journal of Marketing for Higher Education,Q1,Education (Q1); Marketing (Q2),"Business, Management and Accounting; Social Sciences"
1630,0267-257X,0267-257X,1472-1376,Journal of Marketing Management,Q1,Marketing (Q1); Strategy and Management (Q1),"Business, Management and Accounting"
1631,0022-2437,0022-2437,1547-7193,Journal of Marketing Research,Q1,Business and International Management (Q1); Economics and Econometrics (Q1); Marketing (Q1),"Business, Management and Accounting; Economics, Econometrics and Finance"
1632,1069-6679,1069-6679,1944-7175,Journal of Marketing Theory and Practice,Q1,Marketing (Q1),"Business, Management and Accounting"
1633,,,,,,,
1634,0304-4068,0304-4068,1873-1538,Journal of Mathematical Economics,Q1,Applied Mathematics (Q1); Economics and Econometrics (Q2),"Economics, Econometrics and Finance; Mathematics"
1635,0899-7764,0899-7764,1532-7736,Journal of Media Economics,Q2,Communication (Q2); Economics and Econometrics (Q2),"Economics, Econometrics and Finance; Social Sciences"
1636,1369-6998,1369-6998,1941-837X,Journal of Medical Economics,Q2,Health Policy (Q2),Medicine
1637,,,,,,,
1638,1746-5664,1746-5672,1746-5664,Journal of Modelling in Management,Q2,Decision Sciences (miscellaneous) (Q2); Management Science and Operations Research (Q2); Strategy and Management (Q2),"Business, Management and Accounting; Decision Sciences"
1639,,,,,,,
1640,0304-3932,0304-3932,,Journal of Monetary Economics,Q1,Economics and Econometrics (Q1); Finance (Q1),"Economics, Econometrics and Finance"
1641,1368-5201,1758-7808,1368-5201,Journal of Money Laundering Control,Q1,"Economics, Econometrics and Finance (miscellaneous) (Q1); Law (Q1); Public Administration (Q2)","Economics, Econometrics and Finance; Social Sciences"
1642,0022-2879,1538-4616,0022-2879,"Journal of Money, Credit and Banking",Q1,Accounting (Q1); Economics and Econometrics (Q1); Finance (Q1),"Business, Management and Accounting; Economics, Econometrics and Finance"
1643,1057-9214,1057-9214,1099-1360,Journal of Multi-Criteria Decision Analysis,Q2,Decision Sciences (miscellaneous) (Q2); Strategy and Management (Q2),"Business, Management and Accounting; Decision Sciences"
1644,1042-444X,1042-444X,,Journal of Multinational Financial Management,Q1,Economics and Econometrics (Q1); Finance (Q1),"Economics, Econometrics and Finance"
1645,0047-259X,0047-259X,1095-7243,Journal of Multivariate Analysis,Q1,"Numerical Analysis (Q1); Statistics and Probability (Q1); Statistics, Probability and Uncertainty (Q1)",Decision Sciences; Mathematics
1646,,,,,,,
1647,1048-5252,1029-0311,1048-5252,Journal of Nonparametric Statistics,Q3,"Statistics and Probability (Q3); Statistics, Probability and Uncertainty (Q3)",Decision Sciences; Mathematics
1648,1049-5142,1540-6997,1049-5142,Journal of Nonprofit and Public Sector Marketing,Q2,Marketing (Q2),"Business, Management and Accounting"
1649,0966-0429,0966-0429,1365-2834,Journal of Nursing Management,Q1,Leadership and Management (Q1),Nursing
1650,0963-1798,2044-8325,0963-1798,Journal of Occupational and Organizational Psychology,Q1,Applied Psychology (Q1); Organizational Behavior and Human Resource Management (Q1),"Business, Management and Accounting; Psychology"
1651,1076-8998,1939-1307,1076-8998,Journal of Occupational Health Psychology,Q1,"Applied Psychology (Q1); Public Health, Environmental and Occupational Health (Q1)",Medicine; Psychology
1652,1744-6740,1744-6740,1755-2710,Journal of Operational Risk,Q4,Business and International Management (Q4); Economics and Econometrics (Q4); Finance (Q4),"Business, Management and Accounting; Economics, Econometrics and Finance"
1653,0272-6963,1873-1317,0272-6963,Journal of Operations Management,Q1,Computer Science Applications (Q1); Industrial and Manufacturing Engineering (Q1); Management Science and Operations Research (Q1); Strategy and Management (Q1),"Business, Management and Accounting; Computer Science; Decision Sciences; Engineering"
1654,0022-3239,0022-3239,1573-2878,Journal of Optimization Theory and Applications,Q1,Control and Optimization (Q1); Applied Mathematics (Q2); Management Science and Operations Research (Q2),Decision Sciences; Mathematics
1655,1546-2234,1546-5012,1546-2234,Journal of Organizational and End User Computing,Q2,Computer Science Applications (Q2); Strategy and Management (Q2); Human-Computer Interaction (Q3),"Business, Management and Accounting; Computer Science"
1656,0894-3796,1099-1379,0894-3796,Journal of Organizational Behavior,Q1,Applied Psychology (Q1); Organizational Behavior and Human Resource Management (Q1); Psychology (miscellaneous) (Q1); Sociology and Political Science (Q1),"Business, Management and Accounting; Psychology; Social Sciences"
1657,1649-7627,1649-7627,2047-9999,Journal of Organizational Behavior Education,Q4,"Business and International Management (Q4); Business, Management and Accounting (miscellaneous) (Q4); Industrial Relations (Q4); Organizational Behavior and Human Resource Management (Q4)","Business, Management and Accounting"
1658,0160-8061,0160-8061,1540-8604,Journal of Organizational Behavior Management,Q2,Management of Technology and Innovation (Q2); Strategy and Management (Q2); Applied Psychology (Q3),"Business, Management and Accounting; Psychology"
1659,0953-4814,0953-4814,,Journal of Organizational Change Management,Q1,Decision Sciences (miscellaneous) (Q1); Management of Technology and Innovation (Q2); Organizational Behavior and Human Resource Management (Q2); Strategy and Management (Q2),"Business, Management and Accounting; Decision Sciences"
1660,1091-9392,1532-7744,1091-9392,Journal of Organizational Computing and Electronic Commerce,Q2,Computational Theory and Mathematics (Q2); Information Systems (Q2); Computer Science Applications (Q3),Computer Science
1661,2051-6614,2051-6614,2051-6622,Journal of Organizational Effectiveness,Q2,Organizational Behavior and Human Resource Management (Q2),"Business, Management and Accounting"
1662,2046-6749,2046-6757,2046-6749,Journal of Organizational Ethnography,Q1,Cultural Studies (Q1); Anthropology (Q2); Organizational Behavior and Human Resource Management (Q3); Strategy and Management (Q3),"Business, Management and Accounting; Social Sciences"
1663,2213-0780,2213-0780,,Journal of Outdoor Recreation and Tourism,Q1,"Tourism, Leisure and Hospitality Management (Q1)","Business, Management and Accounting"
1664,0735-1968,2160-6862,0735-1968,Journal of Park and Recreation Administration,Q2,"Social Sciences (miscellaneous) (Q2); Urban Studies (Q2); Nature and Landscape Conservation (Q3); Tourism, Leisure and Hospitality Management (Q3)","Business, Management and Accounting; Environmental Science; Social Sciences"
1665,1474-7472,1474-7472,1475-3022,Journal of Pension Economics and Finance,Q2,Economics and Econometrics (Q2); Finance (Q2); Organizational Behavior and Human Resource Management (Q2),"Business, Management and Accounting; Economics, Econometrics and Finance"
1666,,,,,,,
1667,0887-3828,1943-5509,0887-3828,Journal of Performance of Constructed Facilities,Q2,"Building and Construction (Q2); Civil and Structural Engineering (Q2); Safety, Risk, Reliability and Quality (Q2)",Engineering
1668,0885-3134,1557-7813,0885-3134,Journal of Personal Selling and Sales Management,Q1,Business and International Management (Q1); Human Factors and Ergonomics (Q1); Management of Technology and Innovation (Q1); Marketing (Q1),"Business, Management and Accounting; Social Sciences"
1669,0022-3506,0022-3506,1467-6494,Journal of Personality,Q1,Social Psychology (Q1),Psychology
1670,0022-3514,0022-3514,1939-1315,Journal of Personality and Social Psychology,Q1,Social Psychology (Q1); Sociology and Political Science (Q1),Psychology; Social Sciences
1671,1866-5888,1866-5888,2190-5150,Journal of Personnel Psychology,Q2,Applied Psychology (Q2); Organizational Behavior and Human Resource Management (Q2),"Business, Management and Accounting; Psychology"
1672,,,,,,,
1673,1753-8335,1753-8343,1753-8335,Journal of Place Management and Development,Q1,"Urban Studies (Q1); Business and International Management (Q2); Geography, Planning and Development (Q2); Marketing (Q2); Strategy and Management (Q2); Tourism, Leisure and Hospitality Management (Q2)","Business, Management and Accounting; Social Sciences"
1674,0276-8739,0276-8739,1520-6688,Journal of Policy Analysis and Management,Q1,"Business, Management and Accounting (miscellaneous) (Q1); Public Administration (Q1); Sociology and Political Science (Q1)","Business, Management and Accounting; Social Sciences"
1675,0161-8938,0161-8938,,Journal of Policy Modeling,Q2,Economics and Econometrics (Q2),"Economics, Econometrics and Finance"
1676,1940-7963,1940-7963,1940-7971,"Journal of Policy Research in Tourism, Leisure and Events",Q2,"Geography, Planning and Development (Q2); Tourism, Leisure and Hospitality Management (Q2)","Business, Management and Accounting; Social Sciences"
1677,0022-3808,0022-3808,1537-534X,Journal of Political Economy,Q1,Economics and Econometrics (Q1),"Economics, Econometrics and Finance"
1678,,,,,,,
1679,,,,,,,
1680,1537-7857,1537-7857,1537-7865,Journal of Political Marketing,Q1,Sociology and Political Science (Q1); Marketing (Q2),"Business, Management and Accounting; Social Sciences"
1681,2158-379X,2158-3803,2158-379X,Journal of Political Power,Q1,Sociology and Political Science (Q1),Social Sciences
1682,0933-1433,1432-1475,0933-1433,Journal of Population Economics,Q1,Demography (Q1); Economics and Econometrics (Q1),"Economics, Econometrics and Finance; Social Sciences"
1683,1443-2447,1835-9469,1443-2447,Journal of Population Research,Q2,Demography (Q2),Social Sciences
1684,0160-3477,0160-3477,1557-7821,Journal of Post Keynesian Economics,Q3,Economics and Econometrics (Q3),"Economics, Econometrics and Finance"
1685,1061-0421,1061-0421,,Journal of Product and Brand Management,Q1,Management of Technology and Innovation (Q1); Marketing (Q1); Strategy and Management (Q1),"Business, Management and Accounting"
1686,0737-6782,1540-5885,0737-6782,Journal of Product Innovation Management,Q1,Engineering (miscellaneous) (Q1); Management of Technology and Innovation (Q1); Strategy and Management (Q1),"Business, Management and Accounting; Engineering"
1687,0895-562X,0895-562X,1573-0441,Journal of Productivity Analysis,Q1,Social Sciences (miscellaneous) (Q1); Business and International Management (Q2); Economics and Econometrics (Q2),"Business, Management and Accounting; Economics, Econometrics and Finance; Social Sciences"
1688,,,,,,,
1689,2051-8803,2051-8811,2051-8803,Journal of Professions and Organization,Q2,Business and International Management (Q2); Organizational Behavior and Human Resource Management (Q2); Strategy and Management (Q2),"Business, Management and Accounting"
1690,1049-6491,1049-6491,1540-7594,Journal of Promotion Management,Q2,Marketing (Q2),"Business, Management and Accounting"
1691,1463-578X,1463-578X,,Journal of Property Investment and Finance,Q2,"Business, Management and Accounting (miscellaneous) (Q2); Economics, Econometrics and Finance (miscellaneous) (Q2); Finance (Q2)","Business, Management and Accounting; Economics, Econometrics and Finance"
1692,,,,,,,
1693,0959-9916,1466-4453,0959-9916,Journal of Property Research,Q2,"Geography, Planning and Development (Q2); Urban Studies (Q2)",Social Sciences
1694,1053-1858,1477-9803,1053-1858,Journal of Public Administration Research and Theory,Q1,Marketing (Q1); Public Administration (Q1); Sociology and Political Science (Q1),"Business, Management and Accounting; Social Sciences"
1695,1472-3891,1479-1854,1472-3891,Journal of Public Affairs,Q2,Political Science and International Relations (Q2); Public Administration (Q2),Social Sciences
1696,1096-3367,1096-3367,1945-1814,"Journal of Public Budgeting, Accounting and Financial Management",Q1,"Business, Management and Accounting (miscellaneous) (Q1); Public Administration (Q1); Economics and Econometrics (Q2); Finance (Q2); Strategy and Management (Q2)","Business, Management and Accounting; Economics, Econometrics and Finance; Social Sciences"
1697,1097-3923,1467-9779,1097-3923,Journal of Public Economic Theory,Q2,Sociology and Political Science (Q2); Economics and Econometrics (Q3); Finance (Q3),"Economics, Econometrics and Finance; Social Sciences"
1698,0047-2727,0047-2727,,Journal of Public Economics,Q1,Economics and Econometrics (Q1); Finance (Q1),"Economics, Econometrics and Finance"
1699,2515-6918,2515-6918,2515-6926,Journal of Public Finance and Public Choice,Q2,"Economics, Econometrics and Finance (miscellaneous) (Q2); Public Administration (Q2)","Economics, Econometrics and Finance; Social Sciences"
1700,0143-814X,1469-7815,0143-814X,Journal of Public Policy,Q1,"Public Administration (Q1); Management, Monitoring, Policy and Law (Q2)",Environmental Science; Social Sciences
1701,0743-9156,0743-9156,1547-7207,Journal of Public Policy and Marketing,Q1,Business and International Management (Q1); Economics and Econometrics (Q1); Marketing (Q1),"Business, Management and Accounting; Economics, Econometrics and Finance"
1702,,,,,,,
1703,1062-726X,1062-726X,1532-754X,Journal of Public Relations Research,Q1,Public Administration (Q1); Sociology and Political Science (Q1),Social Sciences
1704,1077-291X,1077-291X,2375-0901,Journal of Public Transportation,Q1,"Geography, Planning and Development (Q1); Urban Studies (Q1); Transportation (Q2)",Social Sciences
1705,1478-4092,1478-4092,,Journal of Purchasing and Supply Management,Q1,Marketing (Q1); Strategy and Management (Q1),"Business, Management and Accounting"
1706,1528-008X,1528-008X,1528-0098,Journal of Quality Assurance in Hospitality and Tourism,Q2,"Tourism, Leisure and Hospitality Management (Q2)","Business, Management and Accounting"
1707,1355-2511,1355-2511,,Journal of Quality in Maintenance Engineering,Q2,"Industrial and Manufacturing Engineering (Q2); Safety, Risk, Reliability and Quality (Q2); Strategy and Management (Q2)","Business, Management and Accounting; Engineering"
1708,0022-4065,0022-4065,,Journal of Quality Technology,Q2,"Industrial and Manufacturing Engineering (Q2); Management Science and Operations Research (Q2); Safety, Risk, Reliability and Quality (Q2); Strategy and Management (Q2)","Business, Management and Accounting; Decision Sciences; Engineering"
1709,0971-1554,0971-1554,2364-1045,Journal of Quantitative Economics,Q3,"Business and International Management (Q3); Development (Q3); Economics and Econometrics (Q3); Economics, Econometrics and Finance (miscellaneous) (Q3)","Business, Management and Accounting; Economics, Econometrics and Finance; Social Sciences"
1710,0895-5638,1573-045X,0895-5638,Journal of Real Estate Finance and Economics,Q1,Urban Studies (Q1); Accounting (Q2); Economics and Econometrics (Q2); Finance (Q2),"Business, Management and Accounting; Economics, Econometrics and Finance; Social Sciences"
1711,0927-7544,0927-7544,,Journal of Real Estate Literature,Q2,"Economics, Econometrics and Finance (miscellaneous) (Q2); Urban Studies (Q2); Business, Management and Accounting (miscellaneous) (Q3); Finance (Q3)","Business, Management and Accounting; Economics, Econometrics and Finance; Social Sciences"
1712,1083-5547,1083-5547,,Journal of Real Estate Portfolio Management,Q2,"Urban Studies (Q2); Economics, Econometrics and Finance (miscellaneous) (Q3); Finance (Q3); Management Information Systems (Q3)","Business, Management and Accounting; Economics, Econometrics and Finance; Social Sciences"
1713,,,,,,,
1714,0896-5803,2691-1175,0896-5803,Journal of Real Estate Research,Q2,"Business, Management and Accounting (miscellaneous) (Q2); Economics, Econometrics and Finance (miscellaneous) (Q2); Finance (Q2); Urban Studies (Q2)","Business, Management and Accounting; Economics, Econometrics and Finance; Social Sciences"
1715,0022-4146,1467-9787,0022-4146,Journal of Regional Science,Q1,Development (Q1); Environmental Science (miscellaneous) (Q1),Environmental Science; Social Sciences
1716,0922-680X,1573-0468,0922-680X,Journal of Regulatory Economics,Q3,Economics and Econometrics (Q3),"Economics, Econometrics and Finance"
1717,1533-2667,1533-2675,1533-2667,Journal of Relationship Marketing,Q2,Marketing (Q2),"Business, Management and Accounting"
1718,,,,,,,
1719,2040-7122,2040-7122,,Journal of Research in Interactive Marketing,Q1,Marketing (Q1),"Business, Management and Accounting"
1720,1471-5201,1471-5201,1471-521X,Journal of Research in Marketing and Entrepreneurship,Q2,Business and International Management (Q2); Marketing (Q2); Strategy and Management (Q2),"Business, Management and Accounting"
1721,0092-6566,0092-6566,1095-7251,Journal of Research in Personality,Q1,Psychology (miscellaneous) (Q1); Social Psychology (Q1),Psychology
1722,0022-4359,0022-4359,,Journal of Retailing,Q1,Marketing (Q1),"Business, Management and Accounting"
1723,0969-6989,0969-6989,,Journal of Retailing and Consumer Services,Q1,Marketing (Q1),"Business, Management and Accounting"
1724,2326-6899,2326-6902,2326-6899,Journal of Retirement,Q3,Finance (Q3); Geriatrics and Gerontology (Q4); Life-span and Life-course Studies (Q4); Organizational Behavior and Human Resource Management (Q4),"Business, Management and Accounting; Economics, Econometrics and Finance; Medicine; Social Sciences"
1725,1476-6930,1476-6930,1477-657X,Journal of Revenue and Pricing Management,Q3,Business and International Management (Q3); Economics and Econometrics (Q3); Finance (Q3); Strategy and Management (Q3),"Business, Management and Accounting; Economics, Econometrics and Finance"
1726,1465-1211,1755-2842,1465-1211,Journal of Risk,Q4,Finance (Q4); Strategy and Management (Q4),"Business, Management and Accounting; Economics, Econometrics and Finance"
1727,0022-4367,1539-6975,0022-4367,Journal of Risk and Insurance,Q1,Accounting (Q1); Economics and Econometrics (Q1); Finance (Q1),"Business, Management and Accounting; Economics, Econometrics and Finance"
1728,0895-5646,1573-0476,0895-5646,Journal of Risk and Uncertainty,Q1,Accounting (Q1); Economics and Econometrics (Q1); Finance (Q1),"Business, Management and Accounting; Economics, Econometrics and Finance"
1729,1752-8887,1752-8887,1752-8895,Journal of Risk Management in Financial Institutions,Q4,"Finance (Q4); Statistics and Probability (Q4); Statistics, Probability and Uncertainty (Q4)","Decision Sciences; Economics, Econometrics and Finance; Mathematics"
1730,1366-9877,1466-4461,1366-9877,Journal of Risk Research,Q1,"Social Sciences (miscellaneous) (Q1); Engineering (miscellaneous) (Q2); Safety, Risk, Reliability and Quality (Q2); Strategy and Management (Q2)","Business, Management and Accounting; Engineering; Social Sciences"
1731,0022-4375,0022-4375,,Journal of Safety Research,Q1,"Safety, Risk, Reliability and Quality (Q1)",Engineering
1732,1094-6136,1094-6136,1099-1425,Journal of Scheduling,Q1,Engineering (miscellaneous) (Q1); Artificial Intelligence (Q2); Management Science and Operations Research (Q2); Software (Q2),Computer Science; Decision Sciences; Engineering
1733,2053-4620,2053-4639,2053-4620,Journal of Science and Technology Policy Management,Q2,Industrial Relations (Q2); Management of Technology and Innovation (Q2); Management Science and Operations Research (Q2); Strategy and Management (Q2),"Business, Management and Accounting; Decision Sciences"
1734,,,,,,,
1735,1757-5818,1757-5818,,Journal of Service Management,Q1,"Business, Management and Accounting (miscellaneous) (Q1); Strategy and Management (Q1); Tourism, Leisure and Hospitality Management (Q1)","Business, Management and Accounting"
1736,1094-6705,1094-6705,1552-7379,Journal of Service Research,Q1,Information Systems (Q1); Organizational Behavior and Human Resource Management (Q1); Sociology and Political Science (Q1),"Business, Management and Accounting; Computer Science; Social Sciences"
1737,2055-6225,2055-6225,,Journal of Service Theory and Practice,Q1,Strategy and Management (Q1),"Business, Management and Accounting"
1738,0887-6045,0887-6045,,Journal of Services Marketing,Q1,Marketing (Q1),"Business, Management and Accounting"
1739,,,,,,,
1740,1747-7778,1747-7778,1747-7786,Journal of Simulation,Q2,Industrial and Manufacturing Engineering (Q2); Modeling and Simulation (Q2); Management Science and Operations Research (Q3); Software (Q3),Computer Science; Decision Sciences; Engineering; Mathematics
1741,1462-6004,1462-6004,,Journal of Small Business and Enterprise Development,Q1,"Business, Management and Accounting (miscellaneous) (Q1); Strategy and Management (Q2)","Business, Management and Accounting"
1742,0827-6331,0827-6331,2169-2610,Journal of Small Business and Entrepreneurship,Q2,Business and International Management (Q2); Strategy and Management (Q2),"Business, Management and Accounting"
1743,0047-2778,0047-2778,1540-627X,Journal of Small Business Management,Q1,"Business, Management and Accounting (miscellaneous) (Q1); Management of Technology and Innovation (Q1); Strategy and Management (Q1)","Business, Management and Accounting"
1744,1081-8510,1081-8510,2380-1751,Journal of Small Business Strategy,Q2,Strategy and Management (Q2),"Business, Management and Accounting"
1745,0972-5792,2199-6873,0972-5792,Journal of Social and Economic Development,Q2,"Economics, Econometrics and Finance (miscellaneous) (Q2); Education (Q2); Social Sciences (miscellaneous) (Q2)","Economics, Econometrics and Finance; Social Sciences"
1746,1942-0676,1942-0684,1942-0676,Journal of Social Entrepreneurship,Q1,Development (Q1); Business and International Management (Q2); Economics and Econometrics (Q2),"Business, Management and Accounting; Economics, Econometrics and Finance; Social Sciences"
1747,0022-4537,0022-4537,1540-4560,Journal of Social Issues,Q1,Social Sciences (miscellaneous) (Q1),Social Sciences
1748,2042-6763,2042-6763,2042-6771,Journal of Social Marketing,Q2,Management of Technology and Innovation (Q2); Marketing (Q2),"Business, Management and Accounting"
1749,0047-2794,1469-7823,0047-2794,Journal of Social Policy,Q1,"Management, Monitoring, Policy and Law (Q1); Public Administration (Q1); Social Sciences (miscellaneous) (Q1); Social Work (Q1)",Environmental Science; Social Sciences
1750,0022-4545,0022-4545,1940-1183,Journal of Social Psychology,Q2,Social Psychology (Q2),Psychology
1751,0278-839X,0278-839X,,"Journal of Social, Political, and Economic Studies",Q4,"Economics, Econometrics and Finance (miscellaneous) (Q4); Political Science and International Relations (Q4); Sociology and Political Science (Q4)","Economics, Econometrics and Finance; Social Sciences"
1752,1440-7833,1741-2978,1440-7833,Journal of Sociology,Q1,Sociology and Political Science (Q1),Social Sciences
1753,0973-1741,0973-1741,0973-1733,Journal of South Asian Development,Q1,"History (Q1); Economics, Econometrics and Finance (miscellaneous) (Q2); Social Sciences (miscellaneous) (Q2); Business and International Management (Q3); Development (Q3)","Arts and Humanities; Business, Management and Accounting; Economics, Econometrics and Finance; Social Sciences"
1754,2339-5095,2339-5095,2339-5206,Journal of Southeast Asian Economies,Q2,Political Science and International Relations (Q2); Economics and Econometrics (Q3); Finance (Q3),"Economics, Econometrics and Finance; Social Sciences"
1755,0022-4634,1474-0680,0022-4634,Journal of Southeast Asian Studies,Q2,"History (Q2); Sociology and Political Science (Q3); Geography, Planning and Development (Q4)",Arts and Humanities; Social Sciences
1756,0193-7235,0193-7235,1552-7638,Journal of Sport and Social Issues,Q1,Sociology and Political Science (Q1),Social Sciences
1757,1477-5085,1477-5085,1029-5399,Journal of Sport and Tourism,Q2,"Tourism, Leisure and Hospitality Management (Q2)","Business, Management and Accounting"
1758,,,,,,,
1759,2330-0574,2330-0574,,Journal of Sport for Development,Q2,"Sociology and Political Science (Q2); Development (Q3); Tourism, Leisure and Hospitality Management (Q3)","Business, Management and Accounting; Social Sciences"
1760,0094-1700,0094-1700,2155-8450,Journal of Sport History,Q3,Cultural Studies (Q3); History (Q3); Sports Science (Q4),Arts and Humanities; Health Professions; Social Sciences
1761,0888-4773,1543-270X,0888-4773,Journal of Sport Management,Q1,"Decision Sciences (miscellaneous) (Q1); Organizational Behavior and Human Resource Management (Q1); Orthopedics and Sports Medicine (Q1); Physical Therapy, Sports Therapy and Rehabilitation (Q1); Sports Science (Q1)","Business, Management and Accounting; Decision Sciences; Health Professions; Medicine"
1762,1527-0025,1527-0025,1552-7794,Journal of Sports Economics,Q1,"Economics, Econometrics and Finance (miscellaneous) (Q1); Sports Science (Q2)","Economics, Econometrics and Finance; Health Professions"
1763,,,,,,,
1764,0094-9655,1563-5163,0094-9655,Journal of Statistical Computation and Simulation,Q2,"Applied Mathematics (Q2); Modeling and Simulation (Q2); Statistics and Probability (Q2); Statistics, Probability and Uncertainty (Q2)",Decision Sciences; Mathematics
1765,0378-3758,0378-3758,,Journal of Statistical Planning and Inference,Q2,"Applied Mathematics (Q2); Statistics and Probability (Q2); Statistics, Probability and Uncertainty (Q2)",Decision Sciences; Mathematics
1766,0256-422X,0256-422X,,Journal of Statistical Research,Q4,Demography (Q4); Modeling and Simulation (Q4); Social Sciences (miscellaneous) (Q4); Statistics and Probability (Q4),Mathematics; Social Sciences
1767,1548-7660,1548-7660,,Journal of Statistical Software,Q1,"Software (Q1); Statistics and Probability (Q1); Statistics, Probability and Uncertainty (Q1)",Computer Science; Decision Sciences; Mathematics
1768,1538-7887,1538-7887,2214-1766,Journal of Statistical Theory and Applications,Q2,Applied Mathematics (Q2); Computer Science Applications (Q2); Statistics and Probability (Q2),Computer Science; Mathematics
1769,,,,,,,
1770,,2693-9169,,Journal of Statistics and Data Science Education,Q1,Education (Q1); Management Science and Operations Research (Q1); Statistics and Probability (Q1),Decision Sciences; Mathematics; Social Sciences
1771,0963-8687,0963-8687,,Journal of Strategic Information Systems,Q1,Information Systems (Q1); Information Systems and Management (Q1); Management Information Systems (Q1),"Business, Management and Accounting; Computer Science; Decision Sciences"
1772,0965-254X,0965-254X,1466-4488,Journal of Strategic Marketing,Q1,Strategy and Management (Q1); Marketing (Q2),"Business, Management and Accounting"
1773,3050-7901,3050-7901,3050-791X,Journal of Strategy and Innovation,-,Computer Science Applications; Information Systems and Management; Management of Technology and Innovation; Marketing; Strategy and Management,"Business, Management and Accounting; Computer Science; Decision Sciences"
1774,1755-425X,1755-425X,1755-4268,Journal of Strategy and Management,Q1,Business and International Management (Q1); Strategy and Management (Q1),"Business, Management and Accounting"
1775,1523-2409,1523-2409,1745-493X,Journal of Supply Chain Management,Q1,"Economics, Econometrics and Finance (miscellaneous) (Q1); Information Systems (Q1); Management Information Systems (Q1); Marketing (Q1)","Business, Management and Accounting; Computer Science; Economics, Econometrics and Finance"
1776,2043-0795,2043-0809,2043-0795,Journal of Sustainable Finance and Investment,Q1,"Business and International Management (Q1); Economics, Econometrics and Finance (miscellaneous) (Q1); Finance (Q1)","Business, Management and Accounting; Economics, Econometrics and Finance"
1777,1949-8276,1949-8276,1949-8284,Journal of Sustainable Real Estate,Q2,"Geography, Planning and Development (Q2); Nature and Landscape Conservation (Q2); Urban Studies (Q2); Management, Monitoring, Policy and Law (Q3)",Environmental Science; Social Sciences
1778,0966-9582,0966-9582,1747-7646,Journal of Sustainable Tourism,Q1,"Geography, Planning and Development (Q1); Tourism, Leisure and Hospitality Management (Q1)","Business, Management and Accounting; Social Sciences"
1779,1328-7265,1758-8847,1328-7265,Journal of Systems and Information Technology,Q2,Computer Science (miscellaneous) (Q2); Information Systems (Q2); Management Information Systems (Q2),"Business, Management and Accounting; Computer Science"
1780,,,,,,,
1781,,,,,,,
1782,,,,,,,
1783,0897-5930,0897-5930,1528-6991,Journal of Teaching in International Business,Q3,"Business, Management and Accounting (miscellaneous) (Q3); Education (Q3)","Business, Management and Accounting; Social Sciences"
1784,1531-3220,1531-3239,1531-3220,Journal of Teaching in Travel and Tourism,Q2,"Education (Q2); Tourism, Leisure and Hospitality Management (Q3)","Business, Management and Accounting; Social Sciences"
1785,0718-2724,0718-2724,,Journal of Technology Management and Innovation,Q3,Management of Technology and Innovation (Q3),"Business, Management and Accounting"
1786,,,,,,,
1787,0892-9912,0892-9912,1573-7047,Journal of Technology Transfer,Q1,Accounting (Q1); Business and International Management (Q1); Engineering (miscellaneous) (Q1),"Business, Management and Accounting; Engineering"
1788,0092-0703,0092-0703,1552-7824,Journal of the Academy of Marketing Science,Q1,Business and International Management (Q1); Economics and Econometrics (Q1); Marketing (Q1),"Business, Management and Accounting; Economics, Econometrics and Finance"
1789,0162-1459,0162-1459,1537-274X,Journal of the American Statistical Association,Q1,"Statistics and Probability (Q1); Statistics, Probability and Uncertainty (Q1)",Decision Sciences; Mathematics
1790,0198-9073,1558-8017,0198-9073,Journal of the American Taxation Association,Q1,Accounting (Q1); Finance (Q1),"Business, Management and Accounting; Economics, Econometrics and Finance"
1791,1354-7860,1354-7860,1469-9648,Journal of the Asia Pacific Economy,Q2,"Development (Q2); Geography, Planning and Development (Q2); Political Science and International Relations (Q2)",Social Sciences
1792,2378-1815,2378-1823,2378-1815,Journal of the Association for Consumer Research,Q1,Applied Psychology (Q1); Economics and Econometrics (Q1); Marketing (Q1),"Business, Management and Accounting; Economics, Econometrics and Finance; Psychology"
1793,1536-9323,1558-3457,1536-9323,Journal of the Association for Information Systems,Q1,Computer Science Applications (Q1); Information Systems (Q1),Computer Science
1794,2333-5955,2333-5963,2333-5955,Journal of the Association of Environmental and Resource Economists,Q1,"Economics and Econometrics (Q1); Management, Monitoring, Policy and Law (Q1); Nature and Landscape Conservation (Q1)","Economics, Econometrics and Finance; Environmental Science"
1795,,,,,,,
1796,1832-911X,1832-911X,,Journal of the Australasian Tax Teachers Association,Q4,Accounting (Q4); Finance (Q4); Law (Q4),"Business, Management and Accounting; Economics, Econometrics and Finance; Social Sciences"
1797,0022-4995,1568-5209,0022-4995,Journal of the Economic and Social History of the Orient,Q1,History (Q1); Economics and Econometrics (Q2); Sociology and Political Science (Q2),"Arts and Humanities; Economics, Econometrics and Finance; Social Sciences"
1798,2212-828X,2212-828X,,Journal of the Economics of Ageing,Q2,Economics and Econometrics (Q2); Life-span and Life-course Studies (Q2),"Economics, Econometrics and Finance; Social Sciences"
1799,1542-4766,1542-4774,1542-4766,Journal of the European Economic Association,Q1,"Economics, Econometrics and Finance (miscellaneous) (Q1)","Economics, Econometrics and Finance"
1800,1053-8372,1469-9656,1053-8372,Journal of the History of Economic Thought,Q1,"Arts and Humanities (miscellaneous) (Q1); History and Philosophy of Science (Q1); Economics, Econometrics and Finance (miscellaneous) (Q2)","Arts and Humanities; Economics, Econometrics and Finance"
1801,2643-7015,2643-7015,2643-7023,Journal of the International Council for Small Business,Q3,"Accounting (Q3); Business and International Management (Q3); Business, Management and Accounting (miscellaneous) (Q3)","Business, Management and Accounting"
1802,,,,,,,
1803,0889-1583,0889-1583,1095-8681,Journal of the Japanese and International Economies,Q1,Political Science and International Relations (Q1); Economics and Econometrics (Q2); Finance (Q2),"Economics, Econometrics and Finance; Social Sciences"
1804,1868-7865,1868-7873,1868-7865,Journal of the Knowledge Economy,Q2,Economics and Econometrics (Q2),"Economics, Econometrics and Finance"
1805,2221-2264,2221-2264,,Zhournal Novoi Ekonomicheskoi Associacii /Journal of the New Economic Association,Q3,Economics and Econometrics (Q3); Finance (Q3),"Economics, Econometrics and Finance"
1806,0160-5682,0160-5682,1476-9360,Journal of the Operational Research Society,Q1,"Management Information Systems (Q1); Modeling and Simulation (Q1); Management Science and Operations Research (Q2); Marketing (Q2); Statistics, Probability and Uncertainty (Q2); Strategy and Management (Q2)","Business, Management and Accounting; Decision Sciences; Mathematics"
1807,0453-4514,0453-4514,,Journal of the Operations Research Society of Japan,Q4,Decision Sciences (miscellaneous) (Q4); Management Science and Operations Research (Q4),Decision Sciences
1808,1467-985X,0964-1998,1467-985X,Journal of the Royal Statistical Society. Series A: Statistics in Society,Q1,"Social Sciences (miscellaneous) (Q1); Statistics and Probability (Q1); Statistics, Probability and Uncertainty (Q1); Economics and Econometrics (Q2)","Decision Sciences; Economics, Econometrics and Finance; Mathematics; Social Sciences"
1809,1467-9868,1467-9868,1369-7412,Journal of the Royal Statistical Society. Series B: Statistical Methodology,Q1,"Statistics and Probability (Q1); Statistics, Probability and Uncertainty (Q1)",Decision Sciences; Mathematics
1810,1467-9876,0035-9254,1467-9876,Journal of the Royal Statistical Society. Series C: Applied Statistics,Q2,"Statistics and Probability (Q2); Statistics, Probability and Uncertainty (Q2)",Decision Sciences; Mathematics
1811,,,,,,,
1812,0081-4776,0081-4776,,Journal of the Statistical and Social Inquiry Society of Ireland,Q3,"Sociology and Political Science (Q3); Economics and Econometrics (Q4); Statistics, Probability and Uncertainty (Q4)","Decision Sciences; Economics, Econometrics and Finance; Social Sciences"
1813,,,,,,,
1814,0894-9840,1572-9230,0894-9840,Journal of Theoretical Probability,Q2,"Mathematics (miscellaneous) (Q2); Statistics and Probability (Q2); Statistics, Probability and Uncertainty (Q2)",Decision Sciences; Mathematics
1815,0143-9782,0143-9782,1467-9892,Journal of Time Series Analysis,Q1,"Applied Mathematics (Q1); Statistics and Probability (Q1); Statistics, Probability and Uncertainty (Q1)",Decision Sciences; Mathematics
1816,1941-1928,1941-1928,2194-6507,Journal of Time Series Econometrics,Q4,Economics and Econometrics (Q4),"Economics, Econometrics and Finance"
1817,1476-6825,1476-6825,1747-7654,Journal of Tourism and Cultural Change,Q1,"Cultural Studies (Q1); Geography, Planning and Development (Q2); Nature and Landscape Conservation (Q2); Tourism, Leisure and Hospitality Management (Q2); Transportation (Q2)","Business, Management and Accounting; Environmental Science; Social Sciences"
1818,2182-1453,1645-9261,2182-1453,Journal of Tourism and Development,Q3,"Geography, Planning and Development (Q3); Tourism, Leisure and Hospitality Management (Q4)","Business, Management and Accounting; Social Sciences"
1819,1804-5650,1804-5650,,Journal of Tourism and Services,Q2,"Tourism, Leisure and Hospitality Management (Q2)","Business, Management and Accounting"
1820,2055-5911,2055-5911,2055-592X,Journal of Tourism Futures,Q1,"Geography, Planning and Development (Q1); Management, Monitoring, Policy and Law (Q1); Nature and Landscape Conservation (Q1); Tourism, Leisure and Hospitality Management (Q1)","Business, Management and Accounting; Environmental Science; Social Sciences"
1821,1755-182X,1755-1838,1755-182X,Journal of Tourism History,Q1,"Cultural Studies (Q1); History (Q1); Geography, Planning and Development (Q3); Tourism, Leisure and Hospitality Management (Q3); Transportation (Q3)","Arts and Humanities; Business, Management and Accounting; Social Sciences"
1822,2529-1947,2529-1947,,"Journal of Tourism, Heritage and Services Marketing",Q2,"Geography, Planning and Development (Q2); Marketing (Q3); Tourism, Leisure and Hospitality Management (Q3)","Business, Management and Accounting; Social Sciences"
1823,,,,,,,
1824,1547-5778,1547-5778,1547-5786,Journal of Transnational Management,Q4,"Development (Q4); Geography, Planning and Development (Q4); Management, Monitoring, Policy and Law (Q4)",Environmental Science; Social Sciences
1825,2214-1405,2214-1413,2214-1405,Journal of Transport and Health,Q1,"Safety Research (Q1); Safety, Risk, Reliability and Quality (Q1); Health Policy (Q2); Pollution (Q2); Public Health, Environmental and Occupational Health (Q2); Transportation (Q2)",Engineering; Environmental Science; Medicine; Social Sciences
1826,1938-7849,1938-7849,,Journal of Transport and Land Use,Q1,"Geography, Planning and Development (Q1); Urban Studies (Q1); Transportation (Q2)",Social Sciences
1827,0966-6923,0966-6923,,Journal of Transport Geography,Q1,"Environmental Science (miscellaneous) (Q1); Geography, Planning and Development (Q1); Transportation (Q1)",Environmental Science; Social Sciences
1828,0022-5266,0022-5266,1759-3999,Journal of Transport History,Q1,"History (Q1); Arts and Humanities (miscellaneous) (Q2); Geography, Planning and Development (Q3); Transportation (Q4)",Arts and Humanities; Social Sciences
1829,0022-5258,1754-5951,0022-5258,Journal of Transport Economics and Policy,Q3,"Economics and Econometrics (Q3); Management, Monitoring, Policy and Law (Q3); Transportation (Q4)","Economics, Econometrics and Finance; Environmental Science; Social Sciences"
1830,,,,,,,
1831,1938-7741,1938-7741,1938-775X,Journal of Transportation Security,Q2,Law (Q2); Political Science and International Relations (Q2); Sociology and Political Science (Q2); Management Science and Operations Research (Q3); Safety Research (Q3); Transportation (Q3),Decision Sciences; Social Sciences
1832,1054-8408,1054-8408,1540-7306,Journal of Travel and Tourism Marketing,Q1,"Marketing (Q1); Tourism, Leisure and Hospitality Management (Q1)","Business, Management and Accounting"
1833,,,,,,,
1834,0047-2875,1552-6763,0047-2875,Journal of Travel Research,Q1,"Geography, Planning and Development (Q1); Tourism, Leisure and Hospitality Management (Q1); Transportation (Q1)","Business, Management and Accounting; Social Sciences"
1835,2151-5581,2151-559X,2151-5581,Journal of Trust Research,Q1,"Business, Management and Accounting (miscellaneous) (Q1); Social Psychology (Q1); Sociology and Political Science (Q1); Applied Psychology (Q2)","Business, Management and Accounting; Psychology; Social Sciences"
1836,1449-9789,1449-9789,,Journal of University Teaching and Learning Practice,Q1,Education (Q1),Social Sciences
1837,0735-2166,0735-2166,1467-9906,Journal of Urban Affairs,Q1,"Geography, Planning and Development (Q1); Sociology and Political Science (Q1); Urban Studies (Q1)",Social Sciences
1838,0094-1190,1095-9068,0094-1190,Journal of Urban Economics,Q1,Economics and Econometrics (Q1); Urban Studies (Q1),"Economics, Econometrics and Finance; Social Sciences"
1839,0733-9488,0733-9488,,"Journal of the Urban Planning and Development Division, ASCE",Q2,"Civil and Structural Engineering (Q2); Development (Q2); Geography, Planning and Development (Q2); Urban Studies (Q2)",Engineering; Social Sciences
1840,1356-7667,1356-7667,1479-1870,Journal of Vacation Marketing,Q1,"Tourism, Leisure and Hospitality Management (Q1)","Business, Management and Accounting"
1841,0001-8791,1095-9084,0001-8791,Journal of Vocational Behavior,Q1,Applied Psychology (Q1); Education (Q1); Life-span and Life-course Studies (Q1); Organizational Behavior and Human Resource Management (Q1),"Business, Management and Accounting; Psychology; Social Sciences"
1842,1363-6820,1747-5090,1363-6820,Journal of Vocational Education and Training,Q1,Education (Q1),Social Sciences
1843,1931-4361,1931-437X,1931-4361,Journal of Wine Economics,Q1,"Horticulture (Q1); Business, Management and Accounting (miscellaneous) (Q2); Food Science (Q2)","Agricultural and Biological Sciences; Business, Management and Accounting"
1844,1366-5626,1366-5626,,Journal of Workplace Learning,Q2,Development (Q2); Organizational Behavior and Human Resource Management (Q2); Social Psychology (Q2),"Business, Management and Accounting; Psychology; Social Sciences"
1845,1090-9516,1090-9516,,Journal of World Business,Q1,Business and International Management (Q1); Finance (Q1); Marketing (Q1),"Business, Management and Accounting; Economics, Econometrics and Finance"
1846,1660-7112,1660-7112,2211-9000,Journal of World Investment and Trade,Q1,"Business and International Management (Q1); Economics, Econometrics and Finance (miscellaneous) (Q1); Law (Q1); Political Science and International Relations (Q1)","Business, Management and Accounting; Economics, Econometrics and Finance; Social Sciences"
1847,1011-6702,2210-2795,1011-6702,Journal of World Trade,Q1,Law (Q1); Economics and Econometrics (Q2); Political Science and International Relations (Q2),"Economics, Econometrics and Finance; Social Sciences"
1848,1614-4007,1614-4015,1614-4007,Transition Studies Review,Q4,Development (Q4),Social Sciences
1849,1930-2975,1930-2975,,Judgment and Decision Making,Q1,Decision Sciences (miscellaneous) (Q1); Applied Psychology (Q2); Economics and Econometrics (Q2),"Decision Sciences; Economics, Econometrics and Finance; Psychology"
1850,,,,,,,
1851,,,,,,,
1852,,,,,,,
1853,,,,,,,
1854,,,,,,,
1855,,,,,,,
1856,0961-5768,1757-8442,0961-5768,King's Law Journal,Q3,Law (Q3),Social Sciences
1857,0219-1377,0219-1377,0219-3116,Knowledge and Information Systems,Q1,Information Systems (Q1); Artificial Intelligence (Q2); Hardware and Architecture (Q2); Human-Computer Interaction (Q2); Software (Q2),Computer Science
1858,1092-4604,1099-1441,1092-4604,Knowledge and Process Management,Q3,Management of Technology and Innovation (Q3); Strategy and Management (Q3),"Business, Management and Accounting"
1859,1477-8238,1477-8238,1477-8246,Knowledge Management Research and Practice,Q1,Library and Information Sciences (Q1); Management Information Systems (Q1); Business and International Management (Q2); Management of Technology and Innovation (Q2); Management Science and Operations Research (Q2); Strategy and Management (Q2),"Business, Management and Accounting; Decision Sciences; Social Sciences"
1860,,,,,,,
1861,,,,,,,
1862,,,,,,,
1863,,,,,,,
1864,1229-3288,2508-7193,1229-3288,Korean Accounting Review,Q4,Accounting (Q4),"Business, Management and Accounting"
1865,0023-5962,1467-6435,0023-5962,Kyklos,Q1,Arts and Humanities (miscellaneous) (Q1); Economics and Econometrics (Q2),"Arts and Humanities; Economics, Econometrics and Finance"
1866,,,,,,,
1867,0023-656X,0023-656X,1469-9702,Labor History,Q1,History (Q1); Organizational Behavior and Human Resource Management (Q3),"Arts and Humanities; Business, Management and Accounting"
1868,0160-449X,0160-449X,1538-9758,Labor Studies Journal,Q1,Arts and Humanities (miscellaneous) (Q1); Industrial Relations (Q2); Sociology and Political Science (Q2),"Arts and Humanities; Business, Management and Accounting; Social Sciences"
1869,1547-6715,1558-1454,1547-6715,Labor: Studies in Working-Class History,Q3,History (Q3); Industrial Relations (Q4); Sociology and Political Science (Q4),"Arts and Humanities; Business, Management and Accounting; Social Sciences"
1870,1121-7081,1121-7081,1467-9914,Labour,Q1,"History (Q1); Demography (Q2); Geography, Planning and Development (Q3); Industrial Relations (Q3); Organizational Behavior and Human Resource Management (Q3)","Arts and Humanities; Business, Management and Accounting; Social Sciences"
1871,0700-3862,0700-3862,1911-4842,Labour/Le Travail,Q2,History (Q2); Industrial Relations (Q4); Organizational Behavior and Human Resource Management (Q4),"Arts and Humanities; Business, Management and Accounting"
1872,1030-1763,2325-5676,1030-1763,Labour and Industry,Q2,"Economics, Econometrics and Finance (miscellaneous) (Q2); Industrial Relations (Q3); Organizational Behavior and Human Resource Management (Q3); Public Administration (Q3)","Business, Management and Accounting; Economics, Econometrics and Finance; Social Sciences"
1873,0927-5371,0927-5371,,Labour Economics,Q1,Economics and Econometrics (Q1); Organizational Behavior and Human Resource Management (Q1),"Business, Management and Accounting; Economics, Econometrics and Finance"
1874,0961-5652,0961-5652,1745-8188,Labour History Review,Q3,History (Q3); Organizational Behavior and Human Resource Management (Q4); Social Sciences (miscellaneous) (Q4),"Arts and Humanities; Business, Management and Accounting; Social Sciences"
1875,0023-6942,0023-6942,,Labour History,Q3,History (Q3); Industrial Relations (Q4); Organizational Behavior and Human Resource Management (Q4); Sociology and Political Science (Q4),"Arts and Humanities; Business, Management and Accounting; Social Sciences"
1876,,,,,,,
1877,,,,,,,
1878,0023-7639,0023-7639,1543-8325,Land Economics,Q2,Economics and Econometrics (Q2); Environmental Science (miscellaneous) (Q2),"Economics, Econometrics and Finance; Environmental Science"
1879,0264-8377,0264-8377,,Land Use Policy,Q1,"Forestry (Q1); Geography, Planning and Development (Q1); Management, Monitoring, Policy and Law (Q1); Nature and Landscape Conservation (Q1)",Agricultural and Biological Sciences; Environmental Science; Social Sciences
1880,0271-5309,0271-5309,,Language and Communication,Q1,Communication (Q1); Linguistics and Language (Q1); Social Psychology (Q2); Experimental and Cognitive Psychology (Q3),Psychology; Social Sciences
1881,,,,,,,
1882,1752-1440,1752-1459,1752-1440,Law and Financial Markets Review,Q3,Finance (Q3); Law (Q3),"Economics, Econometrics and Finance; Social Sciences"
1883,0265-8240,0265-8240,1467-9930,Law and Policy,Q1,Law (Q1); Sociology and Political Science (Q2),Social Sciences
1884,,,,,,,
1885,1742-7150,1742-7150,1742-7169,Leadership,Q1,Sociology and Political Science (Q1); Strategy and Management (Q1),"Business, Management and Accounting; Social Sciences"
1886,0143-7739,0143-7739,,Leadership and Organization Development Journal,Q1,"Business, Management and Accounting (miscellaneous) (Q1); Organizational Behavior and Human Resource Management (Q2)","Business, Management and Accounting"
1887,1751-1879,1751-1879,1751-1887,Leadership in Health Services,Q2,"Business, Management and Accounting (miscellaneous) (Q2); Health Policy (Q2)","Business, Management and Accounting; Medicine"
1888,1033-2839,1839-3713,1033-2839,Legal Education Review,Q2,Law (Q2),Social Sciences
1889,,,,,,,
1890,1566-6573,1875-6433,1566-6573,Legal Issues of Economic Integration,Q2,Law (Q2); Economics and Econometrics (Q3),"Economics, Econometrics and Finance; Social Sciences"
1891,1492-7713,1492-7713,2151-2221,Leisure/ Loisir,Q3,"Geography, Planning and Development (Q3); Tourism, Leisure and Hospitality Management (Q3)","Business, Management and Accounting; Social Sciences"
1892,0149-0400,1521-0588,0149-0400,Leisure Sciences,Q1,"Sociology and Political Science (Q1); Environmental Science (miscellaneous) (Q2); Tourism, Leisure and Hospitality Management (Q2)","Business, Management and Accounting; Environmental Science; Social Sciences"
1893,0261-4367,1466-4496,0261-4367,Leisure Studies,Q1,"Geography, Planning and Development (Q1); Tourism, Leisure and Hospitality Management (Q2)","Business, Management and Accounting; Social Sciences"
1894,1150-8809,1150-8809,,Cahiers Scientifiques du Transport,Q4,Transportation (Q4),Social Sciences
1895,1864-404X,1864-4031,1864-404X,Letters in Spatial and Resource Sciences,Q2,"Demography (Q2); Geography, Planning and Development (Q2); Urban Studies (Q2); Economics and Econometrics (Q3)","Economics, Econometrics and Finance; Social Sciences"
1896,0143-5124,0143-5124,,Library Management,Q2,Library and Information Sciences (Q2),Social Sciences
1897,1380-7870,1572-9249,1380-7870,Lifetime Data Analysis,Q1,Applied Mathematics (Q1); Medicine (miscellaneous) (Q1),Mathematics; Medicine
1898,,,,,,,
1899,,,,,,,
1900,0269-0942,1470-9325,0269-0942,Local Economy,Q2,"Economics, Econometrics and Finance (miscellaneous) (Q2)","Economics, Econometrics and Finance"
1901,0300-3930,0300-3930,1743-9388,Local Government Studies,Q1,Development (Q1); Sociology and Political Science (Q1),Social Sciences
1902,0705-3436,0705-3436,1705-0154,Loisir et Societe,Q3,Sociology and Political Science (Q3); Metals and Alloys (Q4),Materials Science; Social Sciences
1903,0024-6301,0024-6301,1873-1872,Long Range Planning,Q1,"Finance (Q1); Geography, Planning and Development (Q1); Strategy and Management (Q1)","Business, Management and Accounting; Economics, Econometrics and Finance; Social Sciences"
1904,,,,,,,
1905,,,,,,,
1906,1365-1005,1469-8056,1365-1005,Macroeconomic Dynamics,Q3,Economics and Econometrics (Q3),"Economics, Econometrics and Finance"
1907,1752-0843,1752-0843,1752-0851,Macroeconomics and Finance in Emerging Market Economies,Q3,Economics and Econometrics (Q3); Finance (Q3),"Economics, Econometrics and Finance"
1908,,,,,,,
1909,1511-4554,1511-4554,,Malaysian Journal of Economic Studies,Q3,"Economics, Econometrics and Finance (miscellaneous) (Q3)","Economics, Econometrics and Finance"
1910,1286-4692,1286-4692,,Management (France),Q2,"Business, Management and Accounting (miscellaneous) (Q2); Strategy and Management (Q2)","Business, Management and Accounting"
1911,1744-9359,1744-9359,1744-9367,Management and Organizational History,Q1,History (Q1); Business and International Management (Q3); Strategy and Management (Q3),"Arts and Humanities; Business, Management and Accounting"
1912,2752-9819,2752-9819,2752-9827,Management and Sustainability,Q1,"Business, Management and Accounting (miscellaneous) (Q1); Business and International Management (Q2); Management of Technology and Innovation (Q2); Strategy and Management (Q2)","Business, Management and Accounting"
1913,,,,,,,
1914,,,,,,,
1915,1044-5005,1044-5005,1096-1224,Management Accounting Research,Q1,Accounting (Q1); Finance (Q1); Information Systems and Management (Q1),"Business, Management and Accounting; Decision Sciences; Economics, Econometrics and Finance"
1916,,,,,,,
1917,0258-042X,2321-0710,0258-042X,Management and Labour Studies,Q2,Industrial Relations (Q2); Business and International Management (Q3); Organizational Behavior and Human Resource Management (Q3),"Business, Management and Accounting"
1918,1740-8776,1740-8776,1740-8784,Management and Organization Review,Q1,Business and International Management (Q1); Strategy and Management (Q1),"Business, Management and Accounting"
1919,0893-3189,0893-3189,1552-6798,Management Communication Quarterly,Q1,Communication (Q1); Strategy and Management (Q2),"Business, Management and Accounting; Social Sciences"
1920,,,,,,,
1921,0025-1747,0025-1747,,Management Decision,Q1,"Business, Management and Accounting (miscellaneous) (Q1); Management Science and Operations Research (Q1)","Business, Management and Accounting; Decision Sciences"
1922,0938-8249,0938-8249,1861-8901,Management International Review,Q1,Business and International Management (Q1); Strategy and Management (Q1),"Business, Management and Accounting"
1923,1350-5076,1461-7307,1350-5076,Management Learning,Q1,Decision Sciences (miscellaneous) (Q1); Management of Technology and Innovation (Q1); Strategy and Management (Q1),"Business, Management and Accounting; Decision Sciences"
1924,1477-7835,1758-6119,1477-7835,Management of Environmental Quality,Q1,"Biochemistry, Genetics and Molecular Biology (miscellaneous) (Q1); Management, Monitoring, Policy and Law (Q1); Public Health, Environmental and Occupational Health (Q1)","Biochemistry, Genetics and Molecular Biology; Environmental Science; Medicine"
1925,1536-5433,1536-5433,1558-0946,Management Research,Q3,Business and International Management (Q3); Strategy and Management (Q3),"Business, Management and Accounting"
1926,2040-8269,2040-8269,,Management Research Review,Q1,"Business, Management and Accounting (miscellaneous) (Q1)","Business, Management and Accounting"
1927,2198-1620,2198-1639,2198-1620,Management Review Quarterly,Q1,"Business, Management and Accounting (miscellaneous) (Q1); Strategy and Management (Q1)","Business, Management and Accounting"
1928,0025-1909,0025-1909,1526-5501,Management Science,Q1,Management Science and Operations Research (Q1); Strategy and Management (Q1),"Business, Management and Accounting; Decision Sciences"
1929,2379-2981,2379-2981,,Management Teaching Review,Q3,"Business, Management and Accounting (miscellaneous) (Q3); Education (Q3)","Business, Management and Accounting; Social Sciences"
1930,1331-0194,1846-3363,1331-0194,Management (Croatia),Q4,"Business, Management and Accounting (miscellaneous) (Q4); Strategy and Management (Q4)","Business, Management and Accounting"
1931,0143-6570,1099-1468,0143-6570,Managerial and Decision Economics,Q2,Business and International Management (Q2); Management of Technology and Innovation (Q2); Management Science and Operations Research (Q2); Strategy and Management (Q2),"Business, Management and Accounting; Decision Sciences"
1932,0268-6902,0268-6902,,Managerial Auditing Journal,Q1,"Economics, Econometrics and Finance (miscellaneous) (Q1); Accounting (Q2); Business, Management and Accounting (miscellaneous) (Q2); Organizational Behavior and Human Resource Management (Q2)","Business, Management and Accounting; Economics, Econometrics and Finance"
1933,0307-4358,0307-4358,1758-7743,Managerial Finance,Q2,"Business, Management and Accounting (miscellaneous) (Q2); Finance (Q2); Strategy and Management (Q2)","Business, Management and Accounting; Economics, Econometrics and Finance"
1934,2375-0472,2375-0480,2375-0472,Managing Sport and Leisure,Q2,"Tourism, Leisure and Hospitality Management (Q2)","Business, Management and Accounting"
1935,1742-3945,1742-3945,,Manchester Journal of International Economic Law,Q3,Law (Q3); Economics and Econometrics (Q4),"Economics, Econometrics and Finance; Social Sciences"
1936,1463-6786,1463-6786,1467-9957,Manchester School,Q3,Economics and Econometrics (Q3),"Economics, Econometrics and Finance"
1937,1523-4614,1526-5498,1523-4614,Manufacturing and Service Operations Management,Q1,Management Science and Operations Research (Q1); Strategy and Management (Q1),"Business, Management and Accounting; Decision Sciences"
1938,0973-8029,0973-8029,0025-2921,Margin,Q3,"Development (Q3); Economics, Econometrics and Finance (miscellaneous) (Q3)","Economics, Econometrics and Finance; Social Sciences"
1939,0308-597X,0308-597X,,Marine Policy,Q1,"Aquatic Science (Q1); Economics and Econometrics (Q1); Environmental Science (miscellaneous) (Q1); Law (Q1); Management, Monitoring, Policy and Law (Q1)","Agricultural and Biological Sciences; Economics, Econometrics and Finance; Environmental Science; Social Sciences"
1940,0738-1360,2334-5985,0738-1360,Marine Resource Economics,Q2,"Economics and Econometrics (Q2); Geography, Planning and Development (Q2); Oceanography (Q2); Management, Monitoring, Policy and Law (Q3)","Earth and Planetary Sciences; Economics, Econometrics and Finance; Environmental Science; Social Sciences"
1941,2397-3757,2397-3757,2397-3765,Maritime Business Review,Q2,Business and International Management (Q2); Management of Technology and Innovation (Q2); Strategy and Management (Q2); Transportation (Q2),"Business, Management and Accounting; Social Sciences"
1942,1479-2931,1479-294X,1479-2931,Maritime Economics and Logistics,Q1,"Economics, Econometrics and Finance (miscellaneous) (Q1); Transportation (Q1)","Economics, Econometrics and Finance; Social Sciences"
1943,0308-8839,0308-8839,1464-5254,Maritime Policy and Management,Q1,"Geography, Planning and Development (Q1); Management, Monitoring, Policy and Law (Q1); Ocean Engineering (Q1); Transportation (Q1)",Engineering; Environmental Science; Social Sciences
1944,,,,,,,
1945,,,,,,,
1946,1052-8008,1052-8008,2153-9987,Marketing Education Review,Q2,Education (Q2),Social Sciences
1947,,,,,,,
1948,0263-4503,0263-4503,,Marketing Intelligence and Planning,Q1,Marketing (Q1),"Business, Management and Accounting"
1949,0923-0645,1573-059X,0923-0645,Marketing Letters,Q1,Business and International Management (Q1); Economics and Econometrics (Q1); Marketing (Q1),"Business, Management and Accounting; Economics, Econometrics and Finance"
1950,0732-2399,0732-2399,1526-548X,Marketing Science,Q1,Business and International Management (Q1); Economics and Econometrics (Q1); Marketing (Q1),"Business, Management and Accounting; Economics, Econometrics and Finance"
1951,1470-5931,1470-5931,1741-301X,Marketing Theory,Q1,Marketing (Q1),"Business, Management and Accounting"
1952,0960-1627,0960-1627,1467-9965,Mathematical Finance,Q1,Accounting (Q1); Applied Mathematics (Q1); Economics and Econometrics (Q1); Finance (Q1); Social Sciences (miscellaneous) (Q1),"Business, Management and Accounting; Economics, Econometrics and Finance; Mathematics; Social Sciences"
1953,,,,,,,
1954,1066-5307,1934-8045,1066-5307,Mathematical Methods of Statistics,Q4,"Statistics and Probability (Q4); Statistics, Probability and Uncertainty (Q4)",Decision Sciences; Mathematics
1955,0165-4896,0165-4896,,Mathematical Social Sciences,Q3,"Psychology (miscellaneous) (Q3); Social Sciences (miscellaneous) (Q3); Sociology and Political Science (Q3); Statistics, Probability and Uncertainty (Q4)",Decision Sciences; Psychology; Social Sciences
1956,1862-9679,1862-9660,1862-9679,Mathematics and Financial Economics,Q2,"Finance (Q2); Statistics and Probability (Q2); Statistics, Probability and Uncertainty (Q3)","Decision Sciences; Economics, Econometrics and Finance; Mathematics"
1957,0364-765X,1526-5471,0364-765X,Mathematics of Operations Research,Q1,Computer Science Applications (Q1); Management Science and Operations Research (Q1); Mathematics (miscellaneous) (Q1),Computer Science; Decision Sciences; Mathematics
1958,1368-3047,1368-3047,,Measuring Business Excellence,Q2,"Business, Management and Accounting (miscellaneous) (Q2); Organizational Behavior and Human Resource Management (Q2)","Business, Management and Accounting"
1959,,,,,,,
1960,0163-4437,0163-4437,1460-3675,"Media, Culture and Society",Q1,Communication (Q1); Sociology and Political Science (Q1),Social Sciences
1961,0968-5332,2047-9441,0968-5332,Medical Law International,Q2,Law (Q2); Medicine (miscellaneous) (Q3),Medicine; Social Sciences
1962,2049-372X,2049-3738,2049-372X,Meditari Accountancy Research,Q1,"Economics, Econometrics and Finance (miscellaneous) (Q1); Accounting (Q2)","Business, Management and Accounting; Economics, Econometrics and Finance"
1963,,,,,,,
1964,0025-8938,0025-8938,,Melbourne University Law Review,Q4,Law (Q4),Social Sciences
1965,0026-1335,1435-926X,0026-1335,Metrika,Q2,"Statistics and Probability (Q2); Statistics, Probability and Uncertainty (Q2)",Decision Sciences; Mathematics
1966,0026-1386,0026-1386,1467-999X,Metroeconomica,Q3,Economics and Econometrics (Q3),"Economics, Econometrics and Finance"
1967,0026-1424,0026-1424,2281-695X,Metron,Q3,Statistics and Probability (Q3),Mathematics
1968,,,,,,,
1969,1793-8120,1793-8120,1793-8171,Middle East Development Journal,Q2,"Economics, Econometrics and Finance (miscellaneous) (Q2); Sociology and Political Science (Q2); Development (Q3)","Economics, Econometrics and Finance; Social Sciences"
1970,0305-8298,0305-8298,1477-9021,Millennium: Journal of International Studies,Q1,Political Science and International Relations (Q1); Sociology and Political Science (Q1),Social Sciences
1971,0976-3996,2321-7081,0976-3996,Millennial Asia,Q1,"Cultural Studies (Q1); Development (Q2); Economics, Econometrics and Finance (miscellaneous) (Q2); Political Science and International Relations (Q2); Sociology and Political Science (Q2)","Economics, Econometrics and Finance; Social Sciences"
1972,2191-2203,2191-2203,2191-2211,Mineral Economics,Q1,"Economic Geology (Q1); Economics, Econometrics and Finance (miscellaneous) (Q1); Geography, Planning and Development (Q1); Social Sciences (miscellaneous) (Q1)","Earth and Planetary Sciences; Economics, Econometrics and Finance; Social Sciences"
1973,,,,,,,
1974,0276-7783,0276-7783,2162-9730,MIS Quarterly: Management Information Systems,Q1,Computer Science Applications (Q1); Information Systems (Q1); Information Systems and Management (Q1); Management Information Systems (Q1),"Business, Management and Accounting; Computer Science; Decision Sciences"
1975,1540-1960,1540-1979,1540-1960,MIS Quarterly Executive,Q2,Economics and Econometrics (Q2),"Economics, Econometrics and Finance"
1976,1532-9194,1532-9194,,MIT Sloan Management Review,Q2,Business and International Management (Q2); Decision Sciences (miscellaneous) (Q2); Management of Technology and Innovation (Q2); Strategy and Management (Q2),"Business, Management and Accounting; Decision Sciences"
1977,1574-1699,1574-1699,,Model Assisted Statistics and Applications,Q4,Applied Mathematics (Q4); Modeling and Simulation (Q4); Statistics and Probability (Q4),Mathematics
1978,,,,,,,
1979,,,,,,,
1980,,,,,,,
1981,1569-3961,0929-9629,1569-3961,Monte Carlo Methods and Applications,Q4,Applied Mathematics (Q4); Statistics and Probability (Q4),Mathematics
1982,0146-7239,1573-6644,0146-7239,Motivation and Emotion,Q1,Experimental and Cognitive Psychology (Q1); Social Psychology (Q1),Psychology
1983,1525-383X,1525-383X,2054-1686,Multinational Business Review,Q1,"Business, Management and Accounting (miscellaneous) (Q1); Business and International Management (Q2)","Business, Management and Accounting"
1984,1096-1879,1096-1879,,Multinational Finance Journal,Q4,"Business, Management and Accounting (miscellaneous) (Q4)","Business, Management and Accounting"
1985,1387-6740,1569-9935,1387-6740,Narrative Inquiry,Q1,History (Q1); Literature and Literary Theory (Q1); Social Sciences (miscellaneous) (Q2); Education (Q3),Arts and Humanities; Social Sciences
1986,,,,,,,
1987,0027-9501,1741-3036,0027-9501,National Institute Economic Review,Q4,"Economics, Econometrics and Finance (miscellaneous) (Q4)","Economics, Econometrics and Finance"
1988,0028-0283,1944-7477,0028-0283,National Tax Journal,Q1,Accounting (Q1); Economics and Econometrics (Q1); Finance (Q1),"Business, Management and Accounting; Economics, Econometrics and Finance"
1989,0894-069X,1520-6750,0894-069X,Naval Research Logistics,Q1,Management Science and Operations Research (Q1); Modeling and Simulation (Q1); Ocean Engineering (Q1),Decision Sciences; Engineering; Mathematics
1990,0889-3365,1537-2642,0889-3365,NBER Macroeconomics Annual,Q1,Economics and Econometrics (Q1),"Economics, Econometrics and Finance"
1991,1750-4708,1750-4716,1750-4708,Negotiation and Conflict Management Research,Q3,Communication (Q3); Strategy and Management (Q4),"Business, Management and Accounting; Social Sciences"
1992,0748-4526,1571-9979,0748-4526,Negotiation Journal,Q2,Social Sciences (miscellaneous) (Q2); Management of Technology and Innovation (Q3); Strategy and Management (Q3),"Business, Management and Accounting; Social Sciences"
1993,,,,,,,
1994,1566-113X,1572-9427,1566-113X,Networks and Spatial Economics,Q2,Computer Networks and Communications (Q2); Artificial Intelligence (Q3); Software (Q3),Computer Science
1995,1097-6736,1534-875X,1097-6736,New Directions for Evaluation,Q2,Education (Q2); Management Science and Operations Research (Q2); Strategy and Management (Q2),"Business, Management and Accounting; Decision Sciences; Social Sciences"
1996,1550-333X,1550-333X,2574-8904,New England Journal of Entrepreneurship,Q2,Business and International Management (Q2); Public Administration (Q2); Accounting (Q3); Economics and Econometrics (Q3); Organizational Behavior and Human Resource Management (Q3); Strategy and Management (Q3),"Business, Management and Accounting; Economics, Econometrics and Finance; Social Sciences"
1997,,,,,,,
1998,,,,,,,
1999,1356-3467,1469-9923,1356-3467,New Political Economy,Q1,"Development (Q1); Geography, Planning and Development (Q1); Political Science and International Relations (Q1)",Social Sciences
2000,0268-1072,0268-1072,1468-005X,"New Technology, Work and Employment",Q1,Human Factors and Ergonomics (Q1); Management of Technology and Innovation (Q1); Strategy and Management (Q1),"Business, Management and Accounting; Social Sciences"
2001,,,,,,,
2002,,,,,,,
2003,0077-9954,0077-9954,1943-4863,New Zealand Economic Papers,Q3,"Economics, Econometrics and Finance (miscellaneous) (Q3)","Economics, Econometrics and Finance"
2004,,,,,,,
2005,,,,,,,
2006,,,,,,,
2007,,,,,,,
2008,,,,,,,
2009,,,,,,,
2010,,,,,,,
2011,,,,,,,
2012,,,,,,,
2013,,,,,,,
2014,,,,,,,
2015,0899-7640,1552-7395,0899-7640,Nonprofit and Voluntary Sector Quarterly,Q1,Social Sciences (miscellaneous) (Q1),Social Sciences
2016,1048-6682,1048-6682,1542-7854,Nonprofit Management and Leadership,Q2,Strategy and Management (Q2),"Business, Management and Accounting"
2017,,,,,,,
2018,,,,,,,
2019,1092-0277,1092-0277,,North American Actuarial Journal,Q2,"Economics and Econometrics (Q2); Statistics and Probability (Q2); Statistics, Probability and Uncertainty (Q2)","Decision Sciences; Economics, Econometrics and Finance; Mathematics"
2020,,,,,,,
2021,,,,,,,
2022,,,,,,,
2023,0196-3228,0196-3228,,Northwestern Journal of International Law and Business,Q3,Law (Q3); Business and International Management (Q4); Strategy and Management (Q4),"Business, Management and Accounting; Social Sciences"
2024,,,,,,,
2025,0103-6351,0103-6351,1980-5381,Nova Economia,Q4,"Economics, Econometrics and Finance (miscellaneous) (Q4)","Economics, Econometrics and Finance"
2026,,,,,,,
2027,,,,,,,
2028,0305-0483,0305-0483,,Omega (United Kingdom),Q1,Information Systems and Management (Q1); Management Science and Operations Research (Q1); Strategy and Management (Q1),"Business, Management and Accounting; Decision Sciences"
2029,1468-4527,1468-4527,1468-4535,Online Information Review,Q1,Computer Science Applications (Q1); Information Systems (Q1); Library and Information Sciences (Q1),Computer Science; Social Sciences
2030,1753-0229,1753-0229,1753-0237,OPEC Energy Review,Q3,Economics and Econometrics (Q3); Energy (miscellaneous) (Q3),"Economics, Econometrics and Finance; Energy"
2031,0923-7992,0923-7992,1573-708X,Open Economies Review,Q3,Economics and Econometrics (Q3),"Economics, Econometrics and Finance"
2032,1109-2858,1109-2858,1866-1505,Operational Research,Q1,"Modeling and Simulation (Q1); Numerical Analysis (Q1); Computational Theory and Mathematics (Q2); Management of Technology and Innovation (Q2); Management Science and Operations Research (Q2); Statistics, Probability and Uncertainty (Q2); Strategy and Management (Q2)","Business, Management and Accounting; Computer Science; Decision Sciences; Mathematics"
2033,1979-3561,1979-3561,2579-9363,Operations and Supply Chain Management,Q2,"Information Systems and Management (Q2); Management Information Systems (Q2); Management Science and Operations Research (Q3); Statistics, Probability and Uncertainty (Q3)","Business, Management and Accounting; Decision Sciences"
2034,1936-9735,1936-9743,1936-9735,Operations Management Research,Q1,Industrial and Manufacturing Engineering (Q1); Management of Technology and Innovation (Q1); Management Science and Operations Research (Q1); Strategy and Management (Q1),"Business, Management and Accounting; Decision Sciences; Engineering"
2035,0030-364X,0030-364X,1526-5463,Operations Research,Q1,Computer Science Applications (Q1); Management Science and Operations Research (Q1),Computer Science; Decision Sciences
2036,0167-6377,0167-6377,,Operations Research Letters,Q2,Applied Mathematics (Q2); Industrial and Manufacturing Engineering (Q2); Management Science and Operations Research (Q2); Software (Q2),Computer Science; Decision Sciences; Engineering; Mathematics
2037,0030-3887,0030-3887,0975-0320,OPSEARCH,Q2,Management Information Systems (Q2); Computer Science Applications (Q3); Information Systems (Q3); Management Science and Operations Research (Q3),"Business, Management and Accounting; Computer Science; Decision Sciences"
2038,0143-2087,1099-1514,0143-2087,Optimal Control Applications and Methods,Q2,Control and Optimization (Q2); Applied Mathematics (Q3); Control and Systems Engineering (Q3); Software (Q3),Computer Science; Engineering; Mathematics
2039,0233-1934,1029-4945,0233-1934,Optimization,Q1,Control and Optimization (Q1); Applied Mathematics (Q2); Management Science and Operations Research (Q2),Decision Sciences; Mathematics
2040,0171-6468,0171-6468,1436-6304,OR Spectrum,Q2,"Business, Management and Accounting (miscellaneous) (Q2); Management Science and Operations Research (Q2)","Business, Management and Accounting; Decision Sciences"
2041,,,,,,,
2042,1350-5084,1350-5084,1461-7323,Organization,Q1,"Business, Management and Accounting (miscellaneous) (Q1); Management of Technology and Innovation (Q1); Strategy and Management (Q1)","Business, Management and Accounting"
2043,1086-0266,1552-7417,1086-0266,Organization and Environment,Q1,Environmental Science (miscellaneous) (Q1); Organizational Behavior and Human Resource Management (Q1),"Business, Management and Accounting; Environmental Science"
2044,0889-6402,0889-6402,,Organization Development Journal,Q4,Organizational Behavior and Human Resource Management (Q4),"Business, Management and Accounting"
2045,1541-6518,1541-6518,2753-8567,Organization Management Journal,Q2,Business and International Management (Q2); Education (Q2); Organizational Behavior and Human Resource Management (Q2); Strategy and Management (Q2),"Business, Management and Accounting; Social Sciences"
2046,1047-7039,1526-5455,1047-7039,Organization Science,Q1,Management of Technology and Innovation (Q1); Organizational Behavior and Human Resource Management (Q1); Strategy and Management (Q1),"Business, Management and Accounting"
2047,0170-8406,1741-3044,0170-8406,Organization Studies,Q1,Management of Technology and Innovation (Q1); Organizational Behavior and Human Resource Management (Q1); Strategy and Management (Q1),"Business, Management and Accounting"
2048,2631-7877,2631-7877,,Organization Theory,Q1,Organizational Behavior and Human Resource Management (Q1); Strategy and Management (Q1),"Business, Management and Accounting"
2049,0749-5978,0749-5978,1095-9920,Organizational Behavior and Human Decision Processes,Q1,Applied Psychology (Q1); Organizational Behavior and Human Resource Management (Q1),"Business, Management and Accounting; Psychology"
2050,0090-2616,0090-2616,,Organizational Dynamics,Q1,Applied Psychology (Q1); Organizational Behavior and Human Resource Management (Q1); Sociology and Political Science (Q1),"Business, Management and Accounting; Psychology; Social Sciences"
2051,2041-3866,2041-3866,2041-3874,Organizational Psychology Review,Q1,Applied Psychology (Q1); Organizational Behavior and Human Resource Management (Q1); Social Psychology (Q1),"Business, Management and Accounting; Psychology"
2052,1094-4281,1552-7425,1094-4281,Organizational Research Methods,Q1,Decision Sciences (miscellaneous) (Q1); Management of Technology and Innovation (Q1); Strategy and Management (Q1),"Business, Management and Accounting; Decision Sciences"
2053,osgoode hall law journal,2817-5069,,Osgoode Hall Law Journal,Q2,Law (Q2),Social Sciences
2054,,,,,,,
2055,0305-9049,0305-9049,1468-0084,Oxford Bulletin of Economics and Statistics,Q1,"Social Sciences (miscellaneous) (Q1); Statistics and Probability (Q1); Statistics, Probability and Uncertainty (Q1); Economics and Econometrics (Q2)","Decision Sciences; Economics, Econometrics and Finance; Mathematics; Social Sciences"
2056,1360-0818,1469-9966,1360-0818,Oxford Development Studies,Q2,"Development (Q2); Geography, Planning and Development (Q2)",Social Sciences
2057,0030-7653,0030-7653,1464-3812,Oxford Economic Papers,Q2,Economics and Econometrics (Q2),"Economics, Econometrics and Finance"
2058,0143-6503,1464-3820,0143-6503,Oxford Journal of Legal Studies,Q2,Law (Q2),Social Sciences
2059,0266-903X,1460-2121,0266-903X,Oxford Review of Economic Policy,Q2,"Economics and Econometrics (Q2); Management, Monitoring, Policy and Law (Q2)","Economics, Econometrics and Finance; Environmental Science"
2060,1472-9342,1757-8469,1472-9342,Oxford University Commonwealth Law Journal,Q4,Law (Q4),Social Sciences
2061,,,,,,,
2062,0114-0582,2041-5494,0114-0582,Pacific Accounting Review,Q2,Accounting (Q2); Finance (Q2),"Business, Management and Accounting; Economics, Econometrics and Finance"
2063,0030-851X,0030-851X,1715-3379,Pacific Affairs,Q1,"Sociology and Political Science (Q1); Geography, Planning and Development (Q2)",Social Sciences
2064,1943-7544,1943-7536,1943-7544,Pacific Asia Journal of the Association for Information Systems,Q1,Information Systems and Management (Q1); Computer Science Applications (Q2); Human-Computer Interaction (Q2); Information Systems (Q2); Management Information Systems (Q2),"Business, Management and Accounting; Computer Science; Decision Sciences"
2065,,,,,,,
2066,1361-374X,1361-374X,1468-0106,Pacific Economic Review,Q2,"Geography, Planning and Development (Q2); Aerospace Engineering (Q3); Development (Q3); Economics and Econometrics (Q3)","Economics, Econometrics and Finance; Engineering; Social Sciences"
2067,1444-5921,1444-5921,2201-6716,Pacific Rim Property Research Journal,Q4,"Economics, Econometrics and Finance (miscellaneous) (Q4)","Economics, Econometrics and Finance"
2068,0927-538X,0927-538X,,Pacific Basin Finance Journal,Q1,Economics and Econometrics (Q1); Finance (Q1),"Economics, Econometrics and Finance"
2069,0030-9729,0030-9729,,Pakistan Development Review,Q4,"Development (Q4); Geography, Planning and Development (Q4)",Social Sciences
2070,,,,,,,
2071,,,,,,,
2072,1012-9367,2310-3515,1012-9367,Pakistan Journal of Statistics,Q4,Statistics and Probability (Q4),Mathematics
2073,1056-8190,1435-5957,1056-8190,Papers in Regional Science,Q1,"Environmental Science (miscellaneous) (Q1); Geography, Planning and Development (Q1)",Environmental Science; Social Sciences
2074,0031-2290,1460-2482,0031-2290,Parliamentary Affairs,Q1,Law (Q1); Sociology and Political Science (Q1),Social Sciences
2075,1695-7121,1695-7121,2529-959X,PASOS Revista de Turismo y Patrimonio Cultural,Q2,"Anthropology (Q2); Cultural Studies (Q2); Geography, Planning and Development (Q3); Social Sciences (miscellaneous) (Q3); Tourism, Leisure and Hospitality Management (Q4)","Business, Management and Accounting; Social Sciences"
2076,1554-8597,1554-8597,1079-2457,"Peace Economics, Peace Science and Public Policy",Q2,"Economics and Econometrics (Q2); Political Science and International Relations (Q2); Sociology and Political Science (Q2); Management, Monitoring, Policy and Law (Q3)","Economics, Econometrics and Finance; Environmental Science; Social Sciences"
2077,,,,,,,
2078,,,,,,,
2079,1467-8047,1467-8047,,Performance Measurement and Metrics,Q1,Literature and Literary Theory (Q1); Library and Information Sciences (Q2),Arts and Humanities; Social Sciences
2080,0191-8869,0191-8869,,Personality and Individual Differences,Q1,Psychology (miscellaneous) (Q1),Psychology
2081,0146-1672,0146-1672,1552-7433,Personality and Social Psychology Bulletin,Q1,Social Psychology (Q1),Psychology
2082,0031-5826,0031-5826,1744-6570,Personnel Psychology,Q1,Applied Psychology (Q1); Organizational Behavior and Human Resource Management (Q1),"Business, Management and Accounting; Psychology"
2083,0048-3486,0048-3486,,Personnel Review,Q1,Applied Psychology (Q1); Industrial Relations (Q1); Organizational Behavior and Human Resource Management (Q1),"Business, Management and Accounting; Psychology"
2084,,,,,,,
2085,,,,,,,
2086,1170-7690,1170-7690,1179-2027,PharmacoEconomics,Q1,"Health Policy (Q1); Pharmacology (Q1); Public Health, Environmental and Occupational Health (Q1)","Medicine; Pharmacology, Toxicology and Pharmaceutics"
2087,,,,,,,
2088,1655-1516,2984-8156,1655-1516,Philippine Review of Economics,Q4,Economics and Econometrics (Q4),"Economics, Econometrics and Finance"
2089,0048-3915,1088-4963,0048-3915,Philosophy and Public Affairs,Q1,History and Philosophy of Science (Q1); Political Science and International Relations (Q1); Social Sciences (miscellaneous) (Q1),Arts and Humanities; Social Sciences
2090,1740-3812,2052-9597,1740-3812,Philosophy of Management,Q1,History and Philosophy of Science (Q1); Business and International Management (Q2); Management of Technology and Innovation (Q2); Strategy and Management (Q2); Organizational Behavior and Human Resource Management (Q3),"Arts and Humanities; Business, Management and Accounting"
2091,0048-3931,1552-7441,0048-3931,Philosophy of the Social Sciences,Q1,Philosophy (Q1); Social Sciences (miscellaneous) (Q2),Arts and Humanities; Social Sciences
2092,,,,,,,
2093,1751-8040,1751-8040,1751-8059,Place Branding and Public Diplomacy,Q2,Marketing (Q2); Strategy and Management (Q2),"Business, Management and Accounting"
2094,0305-5736,0305-5736,1470-8442,Policy and Politics,Q1,"Public Administration (Q1); Sociology and Political Science (Q1); Management, Monitoring, Policy and Law (Q2)",Environmental Science; Social Sciences
2095,1449-4035,1839-3373,1449-4035,Policy and Society,Q1,Political Science and International Relations (Q1); Public Administration (Q1); Sociology and Political Science (Q1),Social Sciences
2096,0032-2687,0032-2687,1573-0891,Policy Sciences,Q1,"Development (Q1); Management, Monitoring, Policy and Law (Q1); Public Administration (Q1); Social Sciences (miscellaneous) (Q1); Sociology and Political Science (Q1)",Environmental Science; Social Sciences
2097,0144-2872,1470-1006,0144-2872,Policy Studies,Q1,Political Science and International Relations (Q1),Social Sciences
2098,0190-292X,0190-292X,1541-0072,Policy Studies Journal,Q1,"Management, Monitoring, Policy and Law (Q1); Public Administration (Q1); Sociology and Political Science (Q1)",Environmental Science; Social Sciences
2099,1058-4609,1058-4609,1091-7675,Political Communication,Q1,Communication (Q1); Sociology and Political Science (Q1),Social Sciences
2100,1467-923X,1467-923X,0032-3179,Political Quarterly,Q2,Sociology and Political Science (Q2),Social Sciences
2101,1538-165X,0032-3195,1538-165X,Political Science Quarterly,Q1,Sociology and Political Science (Q1),Social Sciences
2102,0032-3217,0032-3217,1467-9248,Political Studies,Q1,Sociology and Political Science (Q1),Social Sciences
2103,0032-3233,2336-8225,0032-3233,Politicka Ekonomie,Q3,Economics and Econometrics (Q3); Sociology and Political Science (Q3),"Economics, Econometrics and Finance; Social Sciences"
2104,1743-923X,1743-923X,1743-9248,Politics and Gender,Q1,Gender Studies (Q1); Sociology and Political Science (Q1),Social Sciences
2105,0032-3292,0032-3292,1552-7514,Politics and Society,Q1,Political Science and International Relations (Q1); Social Sciences (miscellaneous) (Q1); Sociology and Political Science (Q1),Social Sciences
2106,1470-594X,1470-594X,1741-3060,"Politics, Philosophy and Economics",Q1,Philosophy (Q1); Sociology and Political Science (Q1); Economics and Econometrics (Q2),"Arts and Humanities; Economics, Econometrics and Finance; Social Sciences"
2107,1634-2941,1958-9190,1634-2941,Population,Q2,Demography (Q2),Social Sciences
2108,0098-7921,1728-4457,0098-7921,Population and Development Review,Q1,Demography (Q1); Development (Q1); Sociology and Political Science (Q1),Social Sciences
2109,0199-0039,1573-7810,0199-0039,Population and Environment,Q1,Demography (Q1); Environmental Science (miscellaneous) (Q2),Environmental Science; Social Sciences
2110,,,,,,,
2111,0167-5923,1573-7829,0167-5923,Population Research and Policy Review,Q1,"Demography (Q1); Management, Monitoring, Policy and Law (Q2)",Environmental Science; Social Sciences
2112,0032-4728,0032-4728,1477-4747,Population Studies,Q1,Demography (Q1); History (Q1),Arts and Humanities; Social Sciences
2113,1544-8444,1544-8444,1544-8452,"Population, Space and Place",Q1,"Demography (Q1); Geography, Planning and Development (Q1)",Social Sciences
2114,1617-982X,1617-9838,1617-982X,Portuguese Economic Journal,Q2,"Economics and Econometrics (Q2); Economics, Econometrics and Finance (miscellaneous) (Q2)","Economics, Econometrics and Finance"
2115,1463-1377,1465-3958,1463-1377,Post-Communist Economies,Q3,Economics and Econometrics (Q3),"Economics, Econometrics and Finance"
2116,1060-586X,1060-586X,,Post-Soviet Affairs,Q1,Economics and Econometrics (Q1); Political Science and International Relations (Q1); Sociology and Political Science (Q1),"Economics, Econometrics and Finance; Social Sciences"
2117,1210-0455,2336-730X,1210-0455,Prague Economic Papers,Q3,Economics and Econometrics (Q3); Finance (Q3),"Economics, Econometrics and Finance"
2118,prism,2578-3505,2578-3491,Prism,Q2,Literature and Literary Theory (Q2); Linguistics and Language (Q3),Arts and Humanities; Social Sciences
2119,0178-8051,0178-8051,1432-2064,Probability Theory and Related Fields,Q1,"Analysis (Q1); Statistics and Probability (Q1); Statistics, Probability and Uncertainty (Q1)",Decision Sciences; Mathematics
2120,0301-7036,0301-7036,2007-8951,Problemas del Desarrollo,Q3,Development (Q3); Economics and Econometrics (Q3),"Economics, Econometrics and Finance; Social Sciences"
2121,,,,,,,
2122,1059-1478,1059-1478,1937-5956,Production and Operations Management,Q1,Industrial and Manufacturing Engineering (Q1); Management of Technology and Innovation (Q1); Management Science and Operations Research (Q1),"Business, Management and Accounting; Decision Sciences; Engineering"
2123,0953-7287,0953-7287,1366-5871,Production Planning and Control,Q1,Computer Science Applications (Q1); Industrial and Manufacturing Engineering (Q1); Management Science and Operations Research (Q1); Strategy and Management (Q1),"Business, Management and Accounting; Computer Science; Decision Sciences; Engineering"
2124,1464-9934,1477-027X,1464-9934,Progress in Development Studies,Q2,Development (Q2),Social Sciences
2125,2666-7215,2666-7215,,Project Leadership and Society,Q1,Public Administration (Q1); Social Sciences (miscellaneous) (Q1); Sociology and Political Science (Q1),Social Sciences
2126,8756-9728,1938-9507,8756-9728,Project Management Journal,Q1,Business and International Management (Q1); Management of Technology and Innovation (Q1); Strategy and Management (Q1),"Business, Management and Accounting"
2127,0810-9028,0810-9028,1470-1030,Prometheus: Critical Studies in Innovation,Q3,"Earth-Surface Processes (Q3); Geography, Planning and Development (Q3); Strategy and Management (Q3); Management of Technology and Innovation (Q4); Research and Theory (Q4)","Business, Management and Accounting; Earth and Planetary Sciences; Nursing; Social Sciences"
2128,0263-7472,0263-7472,,Property Management,Q3,"Business, Management and Accounting (miscellaneous) (Q3); Finance (Q3); Tourism, Leisure and Hospitality Management (Q3)","Business, Management and Accounting; Economics, Econometrics and Finance"
2129,0033-2909,0033-2909,1939-1455,Psychological Bulletin,Q1,History and Philosophy of Science (Q1); Psychology (miscellaneous) (Q1),Arts and Humanities; Psychology
2130,1082-989X,1082-989X,1939-1463,Psychological Methods,Q1,History and Philosophy of Science (Q1); Psychology (miscellaneous) (Q1),Arts and Humanities; Psychology
2131,0340-0727,1430-2772,0340-0727,Psychological Research,Q1,Arts and Humanities (miscellaneous) (Q1); Medicine (miscellaneous) (Q1); Developmental and Educational Psychology (Q2); Experimental and Cognitive Psychology (Q2),Arts and Humanities; Medicine; Psychology
2132,0033-295X,1939-1471,0033-295X,Psychological Review,Q1,History and Philosophy of Science (Q1); Psychology (miscellaneous) (Q1),Arts and Humanities; Psychology
2133,0956-7976,0956-7976,1467-9280,Psychological Science,Q1,Psychology (miscellaneous) (Q1),Psychology
2134,0742-6046,0742-6046,1520-6793,Psychology and Marketing,Q1,Applied Psychology (Q1); Marketing (Q1),"Business, Management and Accounting; Psychology"
2135,0361-6843,1471-6402,0361-6843,Psychology of Women Quarterly,Q1,Arts and Humanities (miscellaneous) (Q1); Developmental and Educational Psychology (Q1); Gender Studies (Q1); Psychology (miscellaneous) (Q1),Arts and Humanities; Psychology; Social Sciences
2136,0271-2075,0271-2075,1099-162X,Public Administration and Development,Q1,Development (Q1); Public Administration (Q1),Social Sciences
2137,0734-9149,2327-4433,0734-9149,Public Administration Quarterly,Q3,Public Administration (Q3),Social Sciences
2138,0033-3352,0033-3352,1540-6210,Public Administration Review,Q1,Marketing (Q1); Public Administration (Q1); Sociology and Political Science (Q1),"Business, Management and Accounting; Social Sciences"
2139,0033-3298,1467-9299,0033-3298,Public Administration,Q1,Public Administration (Q1); Sociology and Political Science (Q1),Social Sciences
2140,0275-1100,0275-1100,1540-5850,Public Budgeting and Finance,Q3,Economics and Econometrics (Q3); Finance (Q3); Public Administration (Q3),"Economics, Econometrics and Finance; Social Sciences"
2141,0048-5829,1573-7101,0048-5829,Public Choice,Q1,Economics and Econometrics (Q1); Sociology and Political Science (Q1),"Economics, Econometrics and Finance; Social Sciences"
2142,0015-2218,0015-2218,1614-0974,FinanzArchiv,Q3,Finance (Q3),"Economics, Econometrics and Finance"
2143,,,,,,,
2144,1091-1421,1552-7530,1091-1421,Public Finance Review,Q2,Economics and Econometrics (Q2); Finance (Q2); Public Administration (Q2),"Economics, Econometrics and Finance; Social Sciences"
2145,0033-3565,0033-3565,2754-219X,Public Law,Q3,Law (Q3),Social Sciences
2146,1471-9037,1471-9045,1471-9037,Public Management Review,Q1,Public Administration (Q1),Social Sciences
2147,0954-0962,1467-9302,0954-0962,Public Money and Management,Q1,"Sociology and Political Science (Q1); Accounting (Q2); Business, Management and Accounting (miscellaneous) (Q2); Finance (Q2); Public Administration (Q2)","Business, Management and Accounting; Economics, Econometrics and Finance; Social Sciences"
2148,0033-362X,0033-362X,1537-5331,Public Opinion Quarterly,Q1,Communication (Q1); History (Q1); History and Philosophy of Science (Q1); Social Sciences (miscellaneous) (Q1); Sociology and Political Science (Q1),Arts and Humanities; Social Sciences
2149,1530-9576,1530-9576,1557-9271,Public Performance and Management Review,Q1,Public Administration (Q1); Strategy and Management (Q1),"Business, Management and Accounting; Social Sciences"
2150,0091-0260,0091-0260,1945-7421,Public Personnel Management,Q1,Management of Technology and Innovation (Q1); Organizational Behavior and Human Resource Management (Q1); Public Administration (Q1); Strategy and Management (Q1),"Business, Management and Accounting; Social Sciences"
2151,0952-0767,0952-0767,1749-4192,Public Policy and Administration,Q1,Public Administration (Q1); Sociology and Political Science (Q1),Social Sciences
2152,,,,,,,
2153,2046-147X,2046-1488,2046-147X,Public Relations Inquiry,Q1,Linguistics and Language (Q1); Communication (Q2); Strategy and Management (Q2); Marketing (Q3); Organizational Behavior and Human Resource Management (Q3),"Business, Management and Accounting; Social Sciences"
2154,0363-8111,0363-8111,,Public Relations Review,Q1,Communication (Q1); Organizational Behavior and Human Resource Management (Q1); Marketing (Q2),"Business, Management and Accounting; Social Sciences"
2155,1053-8801,1936-4792,1053-8801,Publishing Research Quarterly,Q2,Business and International Management (Q2); Communication (Q2); Computer Science Applications (Q2); Management of Technology and Innovation (Q2); Media Technology (Q2); Marketing (Q3),"Business, Management and Accounting; Computer Science; Engineering; Social Sciences"
2156,2633-9048,2633-9048,,Q Open,Q2,"Agricultural and Biological Sciences (miscellaneous) (Q2); Development (Q2); Economics and Econometrics (Q2); Economics, Econometrics and Finance (miscellaneous) (Q2); Food Science (Q2)","Agricultural and Biological Sciences; Economics, Econometrics and Finance; Social Sciences"
2157,1352-2752,1352-2752,,Qualitative Market Research,Q2,Marketing (Q2),"Business, Management and Accounting"
2158,1176-6093,1176-6093,,Qualitative Research in Accounting and Management,Q1,Business and International Management (Q1); Accounting (Q2),"Business, Management and Accounting"
2159,1755-4179,1755-4187,1755-4179,Qualitative Research in Financial Markets,Q2,Economics and Econometrics (Q2); Finance (Q2); Strategy and Management (Q2),"Business, Management and Accounting; Economics, Econometrics and Finance"
2160,1746-5648,1746-5648,1746-5656,Qualitative Research in Organizations and Management,Q2,"Business, Management and Accounting (miscellaneous) (Q2); Organizational Behavior and Human Resource Management (Q2)","Business, Management and Accounting"
2161,0033-5177,0033-5177,1573-7845,Quality and Quantity,Q1,Social Sciences (miscellaneous) (Q1); Statistics and Probability (Q2),Mathematics; Social Sciences
2162,1068-6967,1068-6967,,Quality Management Journal,Q2,"Business, Management and Accounting (miscellaneous) (Q2)","Business, Management and Accounting"
2163,0962-9343,1573-2649,0962-9343,Quality of Life Research,Q1,"Public Health, Environmental and Occupational Health (Q1)",Medicine
2164,1684-3703,1684-3703,,Quality Technology and Quantitative Management,Q1,"Business and International Management (Q1); Industrial Relations (Q1); Information Systems and Management (Q1); Management Science and Operations Research (Q1); Statistics, Probability and Uncertainty (Q1); Management of Technology and Innovation (Q2)","Business, Management and Accounting; Decision Sciences"
2165,1759-7323,1759-7323,1759-7331,Quantitative Economics,Q1,Economics and Econometrics (Q1),"Economics, Econometrics and Finance"
2166,1469-7688,1469-7696,1469-7688,Quantitative Finance,Q1,"Economics, Econometrics and Finance (miscellaneous) (Q1); Finance (Q2)","Economics, Econometrics and Finance"
2167,1570-7156,1570-7156,1573-711X,Quantitative Marketing and Economics,Q1,"Economics, Econometrics and Finance (miscellaneous) (Q1); Marketing (Q1)","Business, Management and Accounting; Economics, Econometrics and Finance"
2168,1747-0218,1747-0218,1747-0226,Quarterly Journal of Experimental Psychology,Q2,Experimental and Cognitive Psychology (Q2); Medicine (miscellaneous) (Q2); Neuropsychology and Physiological Psychology (Q2); Physiology (Q2); Physiology (medical) (Q2); Psychology (miscellaneous) (Q2),"Biochemistry, Genetics and Molecular Biology; Medicine; Psychology"
2169,2010-1392,2010-1406,2010-1392,Quarterly Journal of Finance,Q2,Economics and Econometrics (Q2); Finance (Q2); Strategy and Management (Q2),"Business, Management and Accounting; Economics, Econometrics and Finance"
2170,,,,,,,
2171,1554-0626,1554-0634,1554-0626,Quarterly Journal of Political Science,Q1,Political Science and International Relations (Q1); Sociology and Political Science (Q1),Social Sciences
2172,1062-9769,1062-9769,,Quarterly Review of Economics and Finance,Q2,Economics and Econometrics (Q2); Finance (Q2),"Economics, Econometrics and Finance"
2173,2045-9807,2045-9815,2045-9807,Queen Mary Journal of Intellectual Property,Q4,Law (Q4),Social Sciences
2174,0033-6297,1543-2750,0033-6297,Quest,Q2,Education (Q2); Sports Science (Q3),Health Professions; Social Sciences
2175,,,,,,,
2176,0033-6807,1467-9310,0033-6807,R and D Management,Q1,"Business and International Management (Q1); Business, Management and Accounting (miscellaneous) (Q1); Management of Technology and Innovation (Q1); Strategy and Management (Q1)","Business, Management and Accounting"
2177,0034-7590,2178-938X,0034-7590,RAE Revista de Administracao de Empresas,Q3,"Information Systems and Management (Q3); Business and International Management (Q4); Business, Management and Accounting (miscellaneous) (Q4); Development (Q4); Education (Q4); Industrial Relations (Q4); Management of Technology and Innovation (Q4); Management Science and Operations Research (Q4); Marketing (Q4); Organizational Behavior and Human Resource Management (Q4); Public Administration (Q4); Strategy and Management (Q4)","Business, Management and Accounting; Decision Sciences; Social Sciences"
2178,0741-6261,1756-2171,0741-6261,RAND Journal of Economics,Q1,Economics and Econometrics (Q1),"Economics, Econometrics and Finance"
2179,1043-4631,1461-7358,1043-4631,Rationality and Society,Q2,Social Sciences (miscellaneous) (Q2); Sociology and Political Science (Q2),Social Sciences
2180,,,,,,,
2181,1080-8620,1540-6229,1080-8620,Real Estate Economics,Q1,Accounting (Q1); Economics and Econometrics (Q1); Finance (Q1),"Business, Management and Accounting; Economics, Econometrics and Finance"
2182,,,,,,,
2183,,,,,,,
2184,,,,,,,
2185,,,,,,,
2186,0956-5698,0956-5698,,Records Management Journal,Q2,Library and Information Sciences (Q2); Management Information Systems (Q3),"Business, Management and Accounting; Social Sciences"
2187,0034-2971,1782-1509,0034-2971,Reflets et Perspectives de la Vie Economique,Q4,"Economics, Econometrics and Finance (miscellaneous) (Q4)","Economics, Econometrics and Finance"
2188,0166-0462,1879-2308,0166-0462,Regional Science and Urban Economics,Q1,Economics and Econometrics (Q1); Urban Studies (Q1),"Economics, Econometrics and Finance; Social Sciences"
2189,0034-3404,1360-0591,0034-3404,Regional Studies,Q1,Environmental Science (miscellaneous) (Q1); Social Sciences (miscellaneous) (Q1),Environmental Science; Social Sciences
2190,2168-1376,2168-1376,,"Regional Studies, Regional Science",Q2,"Economics and Econometrics (Q2); Geography, Planning and Development (Q2); Sociology and Political Science (Q2)","Economics, Econometrics and Finance; Social Sciences"
2191,1748-5991,1748-5983,1748-5991,Regulation and Governance,Q1,Law (Q1); Public Administration (Q1); Sociology and Political Science (Q1),Social Sciences
2192,0034-379X,0034-379X,1703-8138,Relations Industrielles,Q3,Social Sciences (miscellaneous) (Q3); Management of Technology and Innovation (Q4); Organizational Behavior and Human Resource Management (Q4); Strategy and Management (Q4),"Business, Management and Accounting; Social Sciences"
2193,0951-8320,1879-0836,0951-8320,Reliability Engineering and System Safety,Q1,"Applied Mathematics (Q1); Industrial and Manufacturing Engineering (Q1); Safety, Risk, Reliability and Quality (Q1)",Engineering; Mathematics
2194,1364-0321,1364-0321,1879-0690,Renewable and Sustainable Energy Reviews,Q1,"Renewable Energy, Sustainability and the Environment (Q1)",Energy
2195,0958-2029,0958-2029,1471-5449,Research Evaluation,Q1,Library and Information Sciences (Q1); Education (Q2),Social Sciences
2196,0885-2111,0885-2111,,Research in Consumer Behavior,-,"Business, Management and Accounting (miscellaneous); Marketing","Business, Management and Accounting"
2197,1090-9443,1090-9451,1090-9443,Research in Economics,Q3,Economics and Econometrics (Q3),"Economics, Econometrics and Finance"
2198,0193-2306,0193-2306,,Research in Experimental Economics,-,Economics and Econometrics,"Economics, Econometrics and Finance"
2199,0196-3821,0196-3821,,Research in Finance,-,Finance,"Economics, Econometrics and Finance"
2200,,,,,,,
2201,,,,,,,
2202,0275-5319,0275-5319,,Research in International Business and Finance,Q1,"Business, Management and Accounting (miscellaneous) (Q1); Finance (Q1)","Business, Management and Accounting; Economics, Econometrics and Finance"
2203,0191-3085,0191-3085,,Research in Organizational Behavior,Q1,Experimental and Cognitive Psychology (Q1); Organizational Behavior and Human Resource Management (Q1); Social Psychology (Q1),"Business, Management and Accounting; Psychology"
2204,0743-4154,0743-4154,,Research in the History of Economic Thought and Methodology,-,"Arts and Humanities (miscellaneous); Economics, Econometrics and Finance (miscellaneous); History and Philosophy of Science","Arts and Humanities; Economics, Econometrics and Finance"
2205,0733-558X,0733-558X,,Research in the Sociology of Organizations,-,Organizational Behavior and Human Resource Management; Social Sciences (miscellaneous); Sociology and Political Science,"Business, Management and Accounting; Social Sciences"
2206,2210-5395,2210-5395,,Research in Transportation Business and Management,Q1,"Business and International Management (Q1); Decision Sciences (miscellaneous) (Q1); Economics, Econometrics and Finance (miscellaneous) (Q1); Management Science and Operations Research (Q1); Strategy and Management (Q1); Tourism, Leisure and Hospitality Management (Q1); Transportation (Q2)","Business, Management and Accounting; Decision Sciences; Economics, Econometrics and Finance; Social Sciences"
2207,0739-8859,0739-8859,,Research in Transportation Economics,Q1,"Economics, Econometrics and Finance (miscellaneous) (Q1); Transportation (Q2)","Economics, Econometrics and Finance; Social Sciences"
2208,1574-0765,1574-0765,,Research on Professional Responsibility and Ethics in Accounting,-,Accounting; Psychology (miscellaneous),"Business, Management and Accounting; Psychology"
2209,0048-7333,0048-7333,,Research Policy,Q1,Engineering (miscellaneous) (Q1); Management of Technology and Innovation (Q1); Management Science and Operations Research (Q1); Strategy and Management (Q1),"Business, Management and Accounting; Decision Sciences; Engineering"
2210,0895-6308,1930-0166,0895-6308,Research Technology Management,Q2,Engineering (miscellaneous) (Q2); Management of Technology and Innovation (Q2); Strategy and Management (Q2),"Business, Management and Accounting; Engineering"
2211,0928-7655,0928-7655,,Resource and Energy Economics,Q1,Economics and Econometrics (Q1),"Economics, Econometrics and Finance"
2212,0301-4207,0301-4207,,Resources Policy,Q1,"Economics and Econometrics (Q1); Law (Q1); Management, Monitoring, Policy and Law (Q1); Sociology and Political Science (Q1)","Economics, Econometrics and Finance; Environmental Science; Social Sciences"
2213,,,,,,,
2214,0893-5696,1475-8059,0893-5696,Rethinking Marxism,Q3,Sociology and Political Science (Q3),Social Sciences
2215,,,,,,,
2216,1475-7702,1475-7702,1758-7700,Review of Accounting and Finance,Q1,"Economics, Econometrics and Finance (miscellaneous) (Q1); Accounting (Q2); Finance (Q2)","Business, Management and Accounting; Economics, Econometrics and Finance"
2217,1380-6653,1573-7136,1380-6653,Review of Accounting Studies,Q1,"Accounting (Q1); Business, Management and Accounting (miscellaneous) (Q1)","Business, Management and Accounting"
2218,0305-6244,0305-6244,1740-1720,Review of African Political Economy,Q1,"Development (Q1); Geography, Planning and Development (Q1); Political Science and International Relations (Q1)",Social Sciences
2219,2045-9920,2045-9920,2045-9939,Review of Asset Pricing Studies,Q1,Economics and Econometrics (Q1); Finance (Q1),"Economics, Econometrics and Finance"
2220,2326-6198,2326-6201,2326-6198,Review of Behavioral Economics,Q3,"Economics, Econometrics and Finance (miscellaneous) (Q3); Social Sciences (miscellaneous) (Q3); Social Psychology (Q4)","Economics, Econometrics and Finance; Psychology; Social Sciences"
2221,1940-5979,1940-5987,1940-5979,Review of Behavioral Finance,Q2,Finance (Q2); Accounting (Q3); Strategy and Management (Q3),"Business, Management and Accounting; Economics, Econometrics and Finance"
2222,2693-9312,2693-9312,2693-9320,Review of Corporate Finance,Q1,"Accounting (Q1); Economics, Econometrics and Finance (miscellaneous) (Q1); Finance (Q1)","Business, Management and Accounting; Economics, Econometrics and Finance"
2223,2046-9128,2046-9136,2046-9128,Review of Corporate Finance Studies,Q1,Business and International Management (Q1); Economics and Econometrics (Q1); Finance (Q1),"Business, Management and Accounting; Economics, Econometrics and Finance"
2224,1380-6645,1380-6645,1573-7144,Review of Derivatives Research,Q3,"Economics, Econometrics and Finance (miscellaneous) (Q3); Finance (Q3)","Economics, Econometrics and Finance"
2225,1363-6669,1467-9361,1363-6669,Review of Development Economics,Q1,"Development (Q1); Geography, Planning and Development (Q1)",Social Sciences
2226,1973-3909,1973-3909,,Review of Economic Analysis,Q4,Economics and Econometrics (Q4),"Economics, Econometrics and Finance"
2227,,,,,,,
2228,1434-4742,1434-4750,1434-4742,Review of Economic Design,Q3,"Economics, Econometrics and Finance (miscellaneous) (Q3)","Economics, Econometrics and Finance"
2229,1094-2025,1096-6099,1094-2025,Review of Economic Dynamics,Q1,Economics and Econometrics (Q1),"Economics, Econometrics and Finance"
2230,2366-035X,0948-5139,2366-035X,Review of Economics,Q3,"Economics, Econometrics and Finance (miscellaneous) (Q3)","Economics, Econometrics and Finance"
2231,2631-3561,2631-3561,2356-9980,Review of Economics and Political Science,Q1,"Economics, Econometrics and Finance (miscellaneous) (Q1); Applied Mathematics (Q2); Political Science and International Relations (Q2); Sociology and Political Science (Q2); Statistics and Probability (Q2)","Economics, Econometrics and Finance; Mathematics; Social Sciences"
2232,1569-5239,1573-7152,1569-5239,Review of Economics of the Household,Q1,Social Sciences (miscellaneous) (Q1); Economics and Econometrics (Q2),"Economics, Econometrics and Finance; Social Sciences"
2233,1750-6816,1750-6824,1750-6816,Review of Environmental Economics and Policy,Q1,"Economics and Econometrics (Q1); Management, Monitoring, Policy and Law (Q1)","Economics, Econometrics and Finance; Environmental Science"
2234,1572-3097,1573-692X,1572-3097,Review of Finance,Q1,Accounting (Q1); Economics and Econometrics (Q1); Finance (Q1),"Business, Management and Accounting; Economics, Econometrics and Finance"
2235,1058-3300,1058-3300,1873-5924,Review of Financial Economics,Q3,Economics and Econometrics (Q3); Finance (Q3),"Economics, Econometrics and Finance"
2236,,,,,,,
2237,1475-4991,0034-6586,1475-4991,Review of Income and Wealth,Q1,Economics and Econometrics (Q1),"Economics, Econometrics and Finance"
2238,0889-938X,0889-938X,1573-7160,Review of Industrial Organization,Q2,Economics and Econometrics (Q2); Management of Technology and Innovation (Q2); Organizational Behavior and Human Resource Management (Q2); Strategy and Management (Q2),"Business, Management and Accounting; Economics, Econometrics and Finance"
2239,2059-6014,2059-6014,,Review of International Business and Strategy,Q2,Business and International Management (Q2); Strategy and Management (Q2),"Business, Management and Accounting"
2240,0965-7576,0965-7576,1467-9396,Review of International Economics,Q1,"Development (Q1); Geography, Planning and Development (Q1)",Social Sciences
2241,1559-7431,1559-744X,1559-7431,Review of International Organizations,Q1,Economics and Econometrics (Q1); Organizational Behavior and Human Resource Management (Q1); Political Science and International Relations (Q1),"Business, Management and Accounting; Economics, Econometrics and Finance; Social Sciences"
2242,0969-2290,0969-2290,1466-4526,Review of International Political Economy,Q1,Economics and Econometrics (Q1); Political Science and International Relations (Q1); Sociology and Political Science (Q1),"Economics, Econometrics and Finance; Social Sciences"
2243,0260-2105,1469-9044,0260-2105,Review of International Studies,Q1,Political Science and International Relations (Q1); Sociology and Political Science (Q1),Social Sciences
2244,,,,,,,
2245,2049-5323,2049-5331,2049-5323,Review of Keynesian Economics,Q2,Economics and Econometrics (Q2),"Economics, Econometrics and Finance"
2246,2194-6000,2194-6000,1555-5879,Review of Law and Economics,Q3,"Economics, Econometrics and Finance (miscellaneous) (Q3); Law (Q3)","Economics, Econometrics and Finance; Social Sciences"
2247,1863-6691,1863-6683,1863-6691,Review of Managerial Science,Q1,"Business, Management and Accounting (miscellaneous) (Q1)","Business, Management and Accounting"
2248,,,,,,,
2249,1546-5616,1546-5616,,Review of Marketing Science,Q3,Marketing (Q3),"Business, Management and Accounting"
2250,,,,,,,
2251,0219-0915,1793-6705,0219-0915,Review of Pacific Basin Financial Markets and Policies,Q4,Economics and Econometrics (Q4); Finance (Q4),"Economics, Econometrics and Finance"
2252,0953-8259,1465-3982,0953-8259,Review of Political Economy,Q1,"Economics, Econometrics and Finance (miscellaneous) (Q1); Political Science and International Relations (Q2)","Economics, Econometrics and Finance; Social Sciences"
2253,0734-371X,1552-759X,0734-371X,Review of Public Personnel Administration,Q1,Organizational Behavior and Human Resource Management (Q1); Public Administration (Q1),"Business, Management and Accounting; Social Sciences"
2254,0924-865X,0924-865X,1573-7179,Review of Quantitative Finance and Accounting,Q2,"Accounting (Q2); Business, Management and Accounting (miscellaneous) (Q2); Finance (Q2)","Business, Management and Accounting; Economics, Econometrics and Finance"
2255,0486-6134,0486-6134,1552-8502,Review of Radical Political Economics,Q1,Philosophy (Q1); Economics and Econometrics (Q3),"Arts and Humanities; Economics, Econometrics and Finance"
2256,1553-0892,0048-749X,1553-0892,Review of Regional Studies,Q3,"Earth-Surface Processes (Q3); Geography, Planning and Development (Q3)",Earth and Planetary Sciences; Social Sciences
2257,0034-6764,1470-1162,0034-6764,Review of Social Economy,Q2,Economics and Econometrics (Q2),"Economics, Econometrics and Finance"
2258,1698-1359,1698-1359,1698-1367,Review of Economic Research on Copyright Issues,Q3,"Economics, Econometrics and Finance (miscellaneous) (Q3); Law (Q3); Management of Technology and Innovation (Q4)","Business, Management and Accounting; Economics, Econometrics and Finance; Social Sciences"
2259,,,,,,,
2260,1610-2878,1610-2886,1610-2878,Review of World Economics,Q2,"Economics, Econometrics and Finance (miscellaneous) (Q2)","Economics, Econometrics and Finance"
2261,,,,,,,
2262,,,,,,,
2263,1415-0344,1415-0344,2238-3840,Revista do CAAP,Q4,Anthropology (Q4); Gender Studies (Q4); Law (Q4); Philosophy (Q4); Social Sciences (miscellaneous) (Q4); Sociology and Political Science (Q4),Arts and Humanities; Social Sciences
2264,0338-0599,0338-0599,,Revue d'Etudes Comparatives Est-Ouest,Q4,Finance (Q4); Political Science and International Relations (Q4),"Economics, Econometrics and Finance; Social Sciences"
2265,1265-9576,1265-9576,1777-5647,Revue de l'OFCE,Q4,"Economics, Econometrics and Finance (miscellaneous) (Q4)","Economics, Econometrics and Finance"
2266,,,,,,,
2267,,,,,,,
2268,1460-3799,1743-4637,1460-3799,Risk Management,Q3,Business and International Management (Q3); Economics and Econometrics (Q3); Finance (Q3); Strategy and Management (Q3),"Business, Management and Accounting; Economics, Econometrics and Finance"
2269,1098-1616,1540-6296,1098-1616,Risk Management and Insurance Review,Q2,Economics and Econometrics (Q2); Finance (Q2); Accounting (Q3),"Business, Management and Accounting; Economics, Econometrics and Finance"
2270,,,,,,,
2271,1582-6163,2537-6071,1582-6163,Romanian Journal of Economic Forecasting,Q3,"Economics, Econometrics and Finance (miscellaneous) (Q3)","Economics, Econometrics and Finance"
2272,2618-7213,2618-7213,2405-4739,Russian Journal of Economics,Q1,"History (Q1); Economics, Econometrics and Finance (miscellaneous) (Q2); Economics and Econometrics (Q3); Finance (Q3)","Arts and Humanities; Economics, Econometrics and Finance"
2273,,,,,,,
2274,2474-2376,2474-2376,2474-6509,Rutgers Business Review,Q4,Business and International Management (Q4); Strategy and Management (Q4),"Business, Management and Accounting"
2275,,,,,,,
2276,0925-7535,1879-1042,0925-7535,Safety Science,Q1,"Building and Construction (Q1); Public Health, Environmental and Occupational Health (Q1); Safety Research (Q1); Safety, Risk, Reliability and Quality (Q1)",Engineering; Medicine; Social Sciences
2277,0346-1238,0346-1238,1651-2030,Scandinavian Actuarial Journal,Q2,"Economics and Econometrics (Q2); Statistics and Probability (Q2); Statistics, Probability and Uncertainty (Q2)","Decision Sciences; Economics, Econometrics and Finance; Mathematics"
2278,0358-5522,0358-5522,1750-2837,Scandinavian Economic History Review,Q1,"History (Q1); Arts and Humanities (miscellaneous) (Q2); Aerospace Engineering (Q3); Geography, Planning and Development (Q3)",Arts and Humanities; Engineering; Social Sciences
2279,0347-0520,1467-9442,0347-0520,Scandinavian Journal of Economics,Q1,Economics and Econometrics (Q1),"Economics, Econometrics and Finance"
2280,1502-2250,1502-2269,1502-2250,Scandinavian Journal of Hospitality and Tourism,Q2,"Tourism, Leisure and Hospitality Management (Q2)","Business, Management and Accounting"
2281,0905-0167,1901-0990,0905-0167,Scandinavian Journal of Information Systems,Q2,Information Systems (Q2),Computer Science
2282,0956-5221,0956-5221,1873-3387,Scandinavian Journal of Management,Q2,Applied Psychology (Q2); Strategy and Management (Q2),"Business, Management and Accounting; Psychology"
2283,1467-9469,1467-9469,0303-6898,Scandinavian Journal of Statistics,Q2,"Statistics and Probability (Q2); Statistics, Probability and Uncertainty (Q2)",Decision Sciences; Mathematics
2284,0036-8237,0036-8237,,Science and Society,Q3,Sociology and Political Science (Q3),Social Sciences
2285,0302-3427,0302-3427,1471-5430,Science and Public Policy,Q1,"Geography, Planning and Development (Q1); Public Administration (Q1); Management, Monitoring, Policy and Law (Q2)",Environmental Science; Social Sciences
2286,1075-5470,1552-8545,1075-5470,Science Communication,Q1,Sociology and Political Science (Q1),Social Sciences
2287,0971-7218,0973-0796,0971-7218,"Science, Technology and Society",Q1,Multidisciplinary (Q1),Multidisciplinary
2288,0162-2439,0162-2439,1552-8251,Science Technology and Human Values,Q1,Anthropology (Q1); Economics and Econometrics (Q1); Engineering (miscellaneous) (Q1); Human-Computer Interaction (Q1); Philosophy (Q1); Social Sciences (miscellaneous) (Q1); Sociology and Political Science (Q1),"Arts and Humanities; Computer Science; Economics, Econometrics and Finance; Engineering; Social Sciences"
2289,0138-9130,1588-2861,0138-9130,Scientometrics,Q1,Computer Science Applications (Q1); Library and Information Sciences (Q1); Social Sciences (miscellaneous) (Q1),Computer Science; Social Sciences
2290,0036-9292,1467-9485,0036-9292,Scottish Journal of Political Economy,Q2,Sociology and Political Science (Q2); Economics and Econometrics (Q3),"Economics, Econometrics and Finance; Social Sciences"
2291,0967-0106,1460-3640,0967-0106,Security Dialogue,Q1,Political Science and International Relations (Q1); Sociology and Political Science (Q1),Social Sciences
2292,0963-6412,1556-1852,0963-6412,Security Studies,Q1,Political Science and International Relations (Q1); Sociology and Political Science (Q1),Social Sciences
2293,,,,,,,
2294,,,,,,,
2295,1869-4187,1869-4187,1869-4195,SERIEs,Q2,"Economics, Econometrics and Finance (miscellaneous) (Q2)","Economics, Econometrics and Finance"
2296,1862-8516,1862-8508,1862-8516,Service Business,Q1,Business and International Management (Q1); Strategy and Management (Q1),"Business, Management and Accounting"
2297,0264-2069,1743-9507,0264-2069,Service Industries Journal,Q1,Management of Technology and Innovation (Q1); Strategy and Management (Q1),"Business, Management and Accounting"
2298,2164-3970,2164-3970,2164-3962,Service Science,Q1,Business and International Management (Q1); Management Science and Operations Research (Q1); Modeling and Simulation (Q1); Marketing (Q2),"Business, Management and Accounting; Decision Sciences; Mathematics"
2299,1533-2969,1533-2977,1533-2969,Services Marketing Quarterly,Q2,"Business, Management and Accounting (miscellaneous) (Q2)","Business, Management and Accounting"
2300,0360-0025,0360-0025,1573-2762,Sex Roles,Q1,Developmental and Educational Psychology (Q1); Gender Studies (Q1); Social Psychology (Q1),Psychology; Social Sciences
2301,0036-1399,0036-1399,1095-712X,SIAM Journal on Applied Mathematics,Q1,Applied Mathematics (Q1),Mathematics
2302,1945-497X,1945-497X,,SIAM Journal on Financial Mathematics,Q1,Applied Mathematics (Q1); Finance (Q1); Numerical Analysis (Q1),"Economics, Econometrics and Finance; Mathematics"
2303,0218-2009,0218-2009,,Singapore Academy of Law Journal,Q4,Law (Q4),Social Sciences
2304,0217-5908,1793-6837,0217-5908,Singapore Economic Review,Q3,Economics and Econometrics (Q3),"Economics, Econometrics and Finance"
2305,0218-2173,0218-2173,,Singapore Journal of Legal Studies,Q4,Law (Q4),Social Sciences
2306,0921-898X,1573-0913,0921-898X,Small Business Economics,Q1,"Business, Management and Accounting (miscellaneous) (Q1); Economics and Econometrics (Q1)","Business, Management and Accounting; Economics, Econometrics and Finance"
2307,1321-5906,1175-0979,1321-5906,Small Enterprise Research,Q2,"Business, Management and Accounting (miscellaneous) (Q2); Development (Q2); Economics, Econometrics and Finance (miscellaneous) (Q2); Business and International Management (Q3); Management of Technology and Innovation (Q3); Strategy and Management (Q3)","Business, Management and Accounting; Economics, Econometrics and Finance; Social Sciences"
2308,1046-4964,1552-8278,1046-4964,Small Group Research,Q1,Social Psychology (Q1); Applied Psychology (Q2),Psychology
2309,2046-6099,2046-6102,2046-6099,Smart and Sustainable Built Environment,Q1,"Architecture (Q1); Building and Construction (Q1); Civil and Structural Engineering (Q1); Cultural Studies (Q1); Human Factors and Ergonomics (Q1); Management, Monitoring, Policy and Law (Q1); Renewable Energy, Sustainability and the Environment (Q1); Urban Studies (Q1)",Energy; Engineering; Environmental Science; Social Sciences
2310,1466-0970,1743-9590,1466-0970,Soccer and Society,Q1,Cultural Studies (Q1); Sociology and Political Science (Q2); Social Psychology (Q3),Psychology; Social Sciences
2311,0037-7651,2662-8988,0037-7651,Social and Economic Studies,Q4,Economics and Econometrics (Q4); Social Sciences (miscellaneous) (Q4),"Economics, Econometrics and Finance; Social Sciences"
2312,0969-160X,0969-160X,2156-2245,Social and Environmental Accountability Journal,Q3,Accounting (Q3),"Business, Management and Accounting"
2313,0176-1714,0176-1714,1432-217X,Social Choice and Welfare,Q2,Economics and Econometrics (Q2); Social Sciences (miscellaneous) (Q2),"Economics, Econometrics and Finance; Social Sciences"
2314,1750-8614,1750-8533,1750-8614,Social Enterprise Journal,Q1,"Economics, Econometrics and Finance (miscellaneous) (Q1); Sociology and Political Science (Q1); Business, Management and Accounting (miscellaneous) (Q2); Development (Q2); Management, Monitoring, Policy and Law (Q2)","Business, Management and Accounting; Economics, Econometrics and Finance; Environmental Science; Social Sciences"
2315,0037-7732,1534-7605,0037-7732,Social Forces,Q1,Anthropology (Q1); History (Q1); Sociology and Political Science (Q1),Arts and Humanities; Social Sciences
2316,0303-8300,0303-8300,1573-0921,Social Indicators Research,Q1,Arts and Humanities (miscellaneous) (Q1); Social Sciences (miscellaneous) (Q1); Sociology and Political Science (Q1); Developmental and Educational Psychology (Q2),Arts and Humanities; Psychology; Social Sciences
2317,0885-7466,1573-6725,0885-7466,Social Justice Research,Q1,Anthropology (Q1); Law (Q1); Sociology and Political Science (Q1),Social Sciences
2318,1524-5004,1539-4093,1524-5004,Social Marketing Quarterly,Q2,Economics and Econometrics (Q2); Marketing (Q3),"Business, Management and Accounting; Economics, Econometrics and Finance"
2319,0144-5596,0144-5596,1467-9515,Social Policy and Administration,Q1,Development (Q1); Public Administration (Q1); Social Work (Q1); Sociology and Political Science (Q1),Social Sciences
2320,0037-7791,1533-8533,0037-7791,Social Problems,Q1,Sociology and Political Science (Q1),Social Sciences
2321,1948-5506,1948-5514,1948-5506,Social Psychological and Personality Science,Q1,Clinical Psychology (Q1); Social Psychology (Q1),Psychology
2322,1747-1117,1758-857X,1747-1117,Social Responsibility Journal,Q1,"Business, Management and Accounting (miscellaneous) (Q1); Social Sciences (miscellaneous) (Q1)","Business, Management and Accounting; Social Sciences"
2323,0277-9536,1873-5347,0277-9536,Social Science and Medicine,Q1,Health (social science) (Q1); History and Philosophy of Science (Q1); Medicine (miscellaneous) (Q1),Arts and Humanities; Medicine; Social Sciences
2324,0539-0184,0539-0184,1461-7412,Social Science Information,Q2,Library and Information Sciences (Q2); Social Sciences (miscellaneous) (Q2),Social Sciences
2325,1369-1465,1369-1465,1468-2680,Social Science Japan Journal,Q2,Social Sciences (miscellaneous) (Q2),Social Sciences
2326,0038-4941,0038-4941,1540-6237,Social Science Quarterly,Q1,Social Sciences (miscellaneous) (Q1),Social Sciences
2327,0037-7961,1537-5404,0037-7961,Social Service Review,Q1,Sociology and Political Science (Q1); Social Work (Q2),Social Sciences
2328,1746-5680,1746-5680,1746-5699,Society and Business Review,Q1,"Business and International Management (Q1); Business, Management and Accounting (miscellaneous) (Q1); Strategy and Management (Q1); Organizational Behavior and Human Resource Management (Q2)","Business, Management and Accounting"
2329,1588-9726,1588-970X,1588-9726,Society and Economy,Q2,"Economics, Econometrics and Finance (miscellaneous) (Q2); Sociology and Political Science (Q2); Business and International Management (Q3); Industrial Relations (Q3); Public Administration (Q3); Strategy and Management (Q3)","Business, Management and Accounting; Economics, Econometrics and Finance; Social Sciences"
2330,0038-0121,0038-0121,,Socio-Economic Planning Sciences,Q1,"Economics and Econometrics (Q1); Geography, Planning and Development (Q1); Management Science and Operations Research (Q1); Statistics, Probability and Uncertainty (Q1); Strategy and Management (Q1)","Business, Management and Accounting; Decision Sciences; Economics, Econometrics and Finance; Social Sciences"
2331,1475-1461,1475-1461,,Socio-Economic Review,Q1,"Economics, Econometrics and Finance (miscellaneous) (Q1); Sociology and Political Science (Q1)","Economics, Econometrics and Finance; Social Sciences"
2332,,,,,,,
2333,1475-682X,1475-682X,0038-0245,Sociological Inquiry,Q1,Sociology and Political Science (Q1),Social Sciences
2334,0081-1750,1467-9531,0081-1750,Sociological Methodology,Q1,Social Sciences (miscellaneous) (Q1); Sociology and Political Science (Q1),Social Sciences
2335,0735-2751,0735-2751,1467-9558,Sociological Theory,Q1,Sociology and Political Science (Q1),Social Sciences
2336,0038-0296,0038-0296,,Sociologie du Travail,Q4,Industrial Relations (Q4); Sociology and Political Science (Q4),"Business, Management and Accounting; Social Sciences"
2337,0038-0385,0038-0385,1469-8684,Sociology,Q1,Sociology and Political Science (Q1),Social Sciences
2338,0741-1235,1543-2785,0741-1235,Sociology of Sport Journal,Q1,"Orthopedics and Sports Medicine (Q1); Physical Therapy, Sports Therapy and Rehabilitation (Q1); Sociology and Political Science (Q1); Sports Science (Q2)",Health Professions; Medicine; Social Sciences
2339,1029-1954,2376-3981,1029-1954,South African Journal of Accounting Research,Q2,"Business, Management and Accounting (miscellaneous) (Q2); Accounting (Q3)","Business, Management and Accounting"
2340,2078-5585,2078-5585,2078-5976,South African Journal of Business Management,Q3,Business and International Management (Q3); Strategy and Management (Q3),"Business, Management and Accounting"
2341,1015-8812,2222-3436,1015-8812,South African Journal of Economic and Management Sciences,Q2,"Economics, Econometrics and Finance (miscellaneous) (Q2); Business, Management and Accounting (miscellaneous) (Q3)","Business, Management and Accounting; Economics, Econometrics and Finance"
2342,0038-2280,0038-2280,1813-6982,South African Journal of Economics,Q3,Economics and Econometrics (Q3),"Economics, Econometrics and Finance"
2343,0038-271X,0038-271X,1996-8450,South African Statistical Journal,Q4,"Statistics and Probability (Q4); Statistics, Probability and Uncertainty (Q4)",Decision Sciences; Mathematics
2344,1391-5614,0973-077X,1391-5614,South Asia Economic Journal,Q3,"Economics, Econometrics and Finance (miscellaneous) (Q3)","Economics, Econometrics and Finance"
2345,2277-9779,2321-0303,2277-9779,South Asian Journal of Business and Management Cases,Q3,Business and International Management (Q3); Management of Technology and Innovation (Q3); Strategy and Management (Q3),"Business, Management and Accounting"
2346,2398-628X,2398-628X,2398-6298,South Asian Journal of Business Studies,Q1,"Cultural Studies (Q1); Economics, Econometrics and Finance (miscellaneous) (Q1); Business and International Management (Q2); Geography, Planning and Development (Q2); Marketing (Q2); Strategy and Management (Q2)","Business, Management and Accounting; Economics, Econometrics and Finance; Social Sciences"
2347,2322-0937,2322-0937,2349-5790,South Asian Journal of Human Resources Management,Q2,Organizational Behavior and Human Resource Management (Q2),"Business, Management and Accounting"
2348,2277-9787,2277-9787,2321-0273,South Asian Journal of Macroeconomics and Public Finance,Q3,Economics and Econometrics (Q3); Finance (Q3),"Economics, Econometrics and Finance"
2349,,,,,,,
2350,,,,,,,
2351,,,,,,,
2352,0038-4038,0038-4038,,Southern Economic Journal,Q2,Economics and Econometrics (Q2),"Economics, Econometrics and Finance"
2353,1138-4891,1988-4672,1138-4891,Revista de Contabilidad-Spanish Accounting Review,Q3,Accounting (Q3),"Business, Management and Accounting"
2354,,,,,,,
2355,0210-2412,0210-2412,2332-0753,Revista Espanola de Financiacion y Contabilidad,Q3,Accounting (Q3); Economics and Econometrics (Q3); Finance (Q3),"Business, Management and Accounting; Economics, Econometrics and Finance"
2356,2444-9709,2444-9709,2444-9695,Spanish Journal of Marketing - ESIC,Q2,Marketing (Q2),"Business, Management and Accounting"
2357,,,,,,,
2358,1742-1772,1742-1780,1742-1772,Spatial Economic Analysis,Q1,"Earth and Planetary Sciences (miscellaneous) (Q1); Economics, Econometrics and Finance (miscellaneous) (Q1); Geography, Planning and Development (Q1); Statistics, Probability and Uncertainty (Q2)","Decision Sciences; Earth and Planetary Sciences; Economics, Econometrics and Finance; Social Sciences"
2359,1743-0437,1743-0445,1743-0437,Sport in Society,Q1,Cultural Studies (Q1); Sports Science (Q3),Health Professions; Social Sciences
2360,1938-6974,2163-2367,1938-6974,Sport Management Education Journal,Q3,"Education (Q3); Strategy and Management (Q3); Tourism, Leisure and Hospitality Management (Q3)","Business, Management and Accounting; Social Sciences"
2361,1441-3523,1441-3523,,Sport Management Review,Q1,"Business and International Management (Q1); Management Science and Operations Research (Q1); Marketing (Q1); Organizational Behavior and Human Resource Management (Q1); Sports Science (Q1); Strategy and Management (Q1); Tourism, Leisure and Hospitality Management (Q1)","Business, Management and Accounting; Decision Sciences; Health Professions"
2362,1061-6934,1557-2528,1061-6934,Sport Marketing Quarterly,Q2,"Marketing (Q2); Strategy and Management (Q2); Tourism, Leisure and Hospitality Management (Q2)","Business, Management and Accounting"
2363,0888-4781,1543-2793,0888-4781,Sport Psychologist,Q3,Applied Psychology (Q3); Sports Science (Q3),Health Professions; Psychology
2364,2042-678X,2042-6798,2042-678X,"Sport, Business and Management: An International Journal",Q2,"Business and International Management (Q2); Marketing (Q2); Strategy and Management (Q2); Tourism, Leisure and Hospitality Management (Q2)","Business, Management and Accounting"
2365,1357-3322,1470-1243,1357-3322,"Sport, Education and Society",Q1,"Education (Q1); Orthopedics and Sports Medicine (Q1); Physical Therapy, Sports Therapy and Rehabilitation (Q1); Sports Science (Q1)",Health Professions; Medicine; Social Sciences
2366,0813-2577,0813-2577,,Sporting Traditions,Q1,History (Q1); Social Sciences (miscellaneous) (Q3); Health (social science) (Q4),Arts and Humanities; Social Sciences
2367,,,,,,,
2368,,,,,,,
2369,,,,,,,
2370,,,,,,,
2371,,,,,,,
2372,0039-0402,0039-0402,1467-9574,Statistica Neerlandica,Q2,"Statistics and Probability (Q2); Statistics, Probability and Uncertainty (Q2)",Decision Sciences; Mathematics
2373,1017-0405,1017-0405,,Statistica Sinica,Q1,"Statistics and Probability (Q1); Statistics, Probability and Uncertainty (Q1)",Decision Sciences; Mathematics
2374,1387-0874,1572-9311,1387-0874,Statistical Inference for Stochastic Processes,Q3,Statistics and Probability (Q3),Mathematics
2375,1874-7655,1874-7655,,Statistical Journal of the IAOS,Q3,"Economics and Econometrics (Q3); Management Information Systems (Q3); Statistics, Probability and Uncertainty (Q3)","Business, Management and Accounting; Decision Sciences; Economics, Econometrics and Finance"
2376,,,,,,,
2377,1618-2510,1618-2510,1613-981X,Statistical Methods and Applications,Q3,"Statistics and Probability (Q3); Statistics, Probability and Uncertainty (Q3)",Decision Sciences; Mathematics
2378,0962-2802,1477-0334,0962-2802,Statistical Methods in Medical Research,Q1,Statistics and Probability (Q1); Epidemiology (Q2); Health Information Management (Q2),Health Professions; Mathematics; Medicine
2379,1471-082X,1471-082X,,Statistical Modelling,Q2,"Statistics and Probability (Q2); Statistics, Probability and Uncertainty (Q2)",Decision Sciences; Mathematics
2380,0932-5026,0932-5026,1613-9798,Statistical Papers,Q2,"Statistics and Probability (Q2); Statistics, Probability and Uncertainty (Q2)",Decision Sciences; Mathematics
2381,0883-4237,0883-4237,2168-8745,Statistical Science,Q1,"Mathematics (miscellaneous) (Q1); Statistics and Probability (Q1); Statistics, Probability and Uncertainty (Q1)",Decision Sciences; Mathematics
2382,0233-1888,0233-1888,1029-4910,Statistics,Q2,"Statistics and Probability (Q2); Statistics, Probability and Uncertainty (Q2)",Decision Sciences; Mathematics
2383,0167-7152,0167-7152,,Statistics and Probability Letters,Q3,"Statistics and Probability (Q3); Statistics, Probability and Uncertainty (Q3)",Decision Sciences; Mathematics
2384,2196-7040,2193-1402,2196-7040,Statistics and Risk Modeling,Q3,"Modeling and Simulation (Q3); Statistics and Probability (Q4); Statistics, Probability and Uncertainty (Q4)",Decision Sciences; Mathematics
2385,0960-3174,0960-3174,1573-1375,Statistics and Computing,Q1,"Computational Theory and Mathematics (Q1); Theoretical Computer Science (Q1); Statistics and Probability (Q2); Statistics, Probability and Uncertainty (Q2)",Computer Science; Decision Sciences; Mathematics
2386,1570-1824,1570-1824,,Statistics Education Research Journal,Q1,Education (Q1); Statistics and Probability (Q2),Mathematics; Social Sciences
2387,0277-6715,0277-6715,1097-0258,Statistics in Medicine,Q1,Epidemiology (Q1); Statistics and Probability (Q1),Mathematics; Medicine
2388,0144-3593,1464-3863,0144-3593,Statute Law Review,Q2,Law (Q2),Social Sciences
2389,0736-2994,1532-9356,0736-2994,Stochastic Analysis and Applications,Q2,"Applied Mathematics (Q2); Statistics and Probability (Q2); Statistics, Probability and Uncertainty (Q2)",Decision Sciences; Mathematics
2390,1436-3240,1436-3259,1436-3240,Stochastic Environmental Research and Risk Assessment,Q1,"Safety, Risk, Reliability and Quality (Q1); Statistics and Probability (Q1); Water Science and Technology (Q1); Environmental Chemistry (Q2); Environmental Engineering (Q2); Environmental Science (miscellaneous) (Q2)",Engineering; Environmental Science; Mathematics
2391,1532-6349,1532-6349,1532-4214,Stochastic Models,Q3,Applied Mathematics (Q3); Modeling and Simulation (Q3); Statistics and Probability (Q3),Mathematics
2392,0304-4149,0304-4149,,Stochastic Processes and their Applications,Q1,Applied Mathematics (Q1); Modeling and Simulation (Q1); Statistics and Probability (Q1),Mathematics
2393,1744-2508,1744-2516,1744-2508,Stochastics,Q2,Modeling and Simulation (Q2); Statistics and Probability (Q3),Mathematics
2394,1099-1697,1086-1718,1099-1697,Strategic Change,Q1,"Business, Management and Accounting (miscellaneous) (Q1); Finance (Q2)","Business, Management and Accounting; Economics, Econometrics and Finance"
2395,1932-4391,1932-4391,1932-443X,Strategic Entrepreneurship Journal,Q1,Business and International Management (Q1); Economics and Econometrics (Q1); Strategy and Management (Q1),"Business, Management and Accounting; Economics, Econometrics and Finance"
2396,0143-2095,1097-0266,0143-2095,Strategic Management Journal,Q1,Business and International Management (Q1); Strategy and Management (Q1),"Business, Management and Accounting"
2397,1476-1270,1741-315X,1476-1270,Strategic Organization,Q1,Business and International Management (Q1); Education (Q1); Industrial Relations (Q1); Strategy and Management (Q1),"Business, Management and Accounting; Social Sciences"
2398,1087-8572,1087-8572,,Strategy and Leadership,Q3,Strategy and Management (Q3),"Business, Management and Accounting"
2399,2333-2050,2333-2077,2333-2050,Strategy Science,Q1,Business and International Management (Q1); Management of Technology and Innovation (Q1); Management Science and Operations Research (Q1); Strategy and Management (Q1),"Business, Management and Accounting; Decision Sciences"
2400,1532-3005,1532-3005,1532-2998,Stress and Health,Q1,Clinical Psychology (Q1); Medicine (miscellaneous) (Q1); Applied Psychology (Q2); Psychiatry and Mental Health (Q2),Medicine; Psychology
2401,0954-349X,0954-349X,,Structural Change and Economic Dynamics,Q1,Economics and Econometrics (Q1),"Economics, Econometrics and Finance"
2402,1070-5511,1532-8007,1070-5511,Structural Equation Modeling,Q1,"Decision Sciences (miscellaneous) (Q1); Economics, Econometrics and Finance (miscellaneous) (Q1); Modeling and Simulation (Q1); Sociology and Political Science (Q1)","Decision Sciences; Economics, Econometrics and Finance; Mathematics; Social Sciences"
2403,,,,,,,
2404,1418-2106,1418-2106,2063-0476,Studies in Agricultural Economics,Q1,"Cultural Studies (Q1); Agricultural and Biological Sciences (miscellaneous) (Q3); Development (Q3); Economics and Econometrics (Q3); Geography, Planning and Development (Q3)","Agricultural and Biological Sciences; Economics, Econometrics and Finance; Social Sciences"
2405,1842-4120,2344-5416,1842-4120,Studies in Business and Economics,Q3,"Business, Management and Accounting (miscellaneous) (Q3); Economics, Econometrics and Finance (miscellaneous) (Q3); Social Psychology (Q4)","Business, Management and Accounting; Economics, Econometrics and Finance; Psychology"
2406,0039-3606,0039-3606,1936-6167,Studies in Comparative International Development,Q1,Political Science and International Relations (Q1); Sociology and Political Science (Q1); Development (Q2),Social Sciences
2407,1086-7376,1086-7376,,Studies in Economics and Finance,Q2,"Economics and Econometrics (Q2); Economics, Econometrics and Finance (miscellaneous) (Q2); Finance (Q2)","Economics, Econometrics and Finance"
2408,0307-5079,0307-5079,1470-174X,Studies in Higher Education,Q1,Education (Q1),Social Sciences
2409,2321-0222,2321-8398,2321-0222,Studies in Microeconomics,Q3,"Economics, Econometrics and Finance (miscellaneous) (Q3)","Economics, Econometrics and Finance"
2410,1081-1826,1558-3708,1081-1826,Studies in Nonlinear Dynamics and Econometrics,Q2,Social Sciences (miscellaneous) (Q2); Analysis (Q3); Economics and Econometrics (Q3),"Economics, Econometrics and Finance; Mathematics; Social Sciences"
2411,0707-8552,0707-8552,1918-7033,Studies in Political Economy,Q2,Political Science and International Relations (Q2); Economics and Econometrics (Q3),"Economics, Econometrics and Finance; Social Sciences"
2412,,,,,,,
2413,1625-8312,1624-6039,1625-8312,Supply Chain Forum,Q2,Business and International Management (Q2); Management of Technology and Innovation (Q2); Management Science and Operations Research (Q2),"Business, Management and Accounting; Decision Sciences"
2414,,,,,,,
2415,1359-8546,1359-8546,,Supply Chain Management,Q1,"Business, Management and Accounting (miscellaneous) (Q1); Strategy and Management (Q1)","Business, Management and Accounting"
2416,0039-6338,0039-6338,1468-2699,Survival,Q1,Political Science and International Relations (Q1); Sociology and Political Science (Q1),Social Sciences
2417,2040-8021,2040-8021,2040-803X,"Sustainability Accounting, Management and Policy Journal",Q1,"Accounting (Q1); Business, Management and Accounting (miscellaneous) (Q1); Renewable Energy, Sustainability and the Environment (Q1)","Business, Management and Accounting; Energy"
2418,1099-1719,1099-1719,0968-0802,Sustainable Development,Q1,"Development (Q1); Renewable Energy, Sustainability and the Environment (Q1)",Energy; Social Sciences
2419,2666-1888,2666-1888,,Sustainable Futures,Q1,Management of Technology and Innovation (Q1); Management Science and Operations Research (Q1); Sociology and Political Science (Q1),"Business, Management and Accounting; Decision Sciences; Social Sciences"
2420,,,,,,,
2421,,,,,,,
2422,1099-1727,1099-1727,0883-7066,System Dynamics Review,Q1,Management of Technology and Innovation (Q1); Modeling and Simulation (Q1); Social Sciences (miscellaneous) (Q1); Strategy and Management (Q1),"Business, Management and Accounting; Mathematics; Social Sciences"
2423,1094-429X,1094-429X,1573-9295,Systemic Practice and Action Research,Q3,Management of Technology and Innovation (Q3); Strategy and Management (Q3),"Business, Management and Accounting"
2424,1092-7026,1099-1743,1092-7026,Systems Research and Behavioral Science,Q2,Information Systems and Management (Q2); Social Sciences (miscellaneous) (Q2); Strategy and Management (Q2),"Business, Management and Accounting; Decision Sciences; Social Sciences"
2425,,,,,,,
2426,,,,,,,
2427,,,,,,,
2428,,,,,,,
2429,,,,,,,
2430,,,,,,,
2431,,,,,,,
2432,1352-7592,1352-7592,,Team Performance Management,Q2,Management Information Systems (Q2); Management of Technology and Innovation (Q2); Organizational Behavior and Human Resource Management (Q2),"Business, Management and Accounting"
2433,0040-1625,0040-1625,,Technological Forecasting and Social Change,Q1,Applied Psychology (Q1); Business and International Management (Q1); Management of Technology and Innovation (Q1),"Business, Management and Accounting; Psychology"
2434,2754-1312,2754-1320,2754-1312,Technological Sustainability,Q2,Management of Technology and Innovation (Q2),"Business, Management and Accounting"
2435,0953-7325,1465-3990,0953-7325,Technology Analysis and Strategic Management,Q2,Management Science and Operations Research (Q2); Strategy and Management (Q2),"Business, Management and Accounting; Decision Sciences"
2436,0160-791X,0160-791X,,Technology in Society,Q1,Business and International Management (Q1); Education (Q1); Human Factors and Ergonomics (Q1); Sociology and Political Science (Q1),"Business, Management and Accounting; Social Sciences"
2437,0040-1706,1537-2723,0040-1706,Technometrics,Q1,Applied Mathematics (Q1); Modeling and Simulation (Q1); Statistics and Probability (Q1),Mathematics
2438,0166-4972,0166-4972,,Technovation,Q1,Engineering (miscellaneous) (Q1); Management of Technology and Innovation (Q1),"Business, Management and Accounting; Engineering"
2439,0736-5853,0736-5853,,Telematics and Informatics,Q1,Communication (Q1); Computer Networks and Communications (Q1); Electrical and Electronic Engineering (Q1); Law (Q1),Computer Science; Engineering; Social Sciences
2440,,,,,,,
2441,,,,,,,
2442,0001-4826,0001-4826,1558-7967,Accounting Review,Q1,Accounting (Q1); Economics and Econometrics (Q1); Finance (Q1),"Business, Management and Accounting; Economics, Econometrics and Finance"
2443,,,,,,,
2444,0002-8282,1944-7981,0002-8282,American Economic Review,Q1,Economics and Econometrics (Q1),"Economics, Econometrics and Finance"
2445,0003-1232,0003-1232,1936-4784,American Sociologist,Q2,Social Sciences (miscellaneous) (Q2); Sociology and Political Science (Q2),Social Sciences
2446,0003-1305,0003-1305,1537-2731,American Statistician,Q1,"Mathematics (miscellaneous) (Q1); Statistics and Probability (Q1); Statistics, Probability and Uncertainty (Q1)",Decision Sciences; Mathematics
2447,0570-1864,0570-1864,1432-0592,Annals of Regional Science,Q1,Social Sciences (miscellaneous) (Q1); Environmental Science (miscellaneous) (Q2),Environmental Science; Social Sciences
2448,0004-9018,0004-9018,1467-8462,Australian Economic Review,Q3,Economics and Econometrics (Q3),"Economics, Econometrics and Finance"
2449,1364-985X,1364-985X,1467-8489,Australian Journal of Agricultural and Resource Economics,Q1,Agricultural and Biological Sciences (miscellaneous) (Q1); Economics and Econometrics (Q2),"Agricultural and Biological Sciences; Economics, Econometrics and Finance"
2450,1822-427X,1822-427X,1822-4288,Baltic Journal of Road and Bridge Engineering,Q3,Building and Construction (Q3); Civil and Structural Engineering (Q3),Engineering
2451,1935-1682,1935-1682,,B.E. Journal of Economic Analysis and Policy,Q2,"Economics, Econometrics and Finance (miscellaneous) (Q2); Economics and Econometrics (Q3)","Economics, Econometrics and Finance"
2452,1935-1690,1935-1690,,B.E. Journal of Macroeconomics,Q3,Economics and Econometrics (Q3),"Economics, Econometrics and Finance"
2453,1935-1704,1935-1704,2194-6124,B.E. Journal of Theoretical Economics,Q3,"Economics, Econometrics and Finance (miscellaneous) (Q3)","Economics, Econometrics and Finance"
2454,0888-045X,0888-045X,,Bottom Line,Q1,"Business, Management and Accounting (miscellaneous) (Q1); Library and Information Sciences (Q1)","Business, Management and Accounting; Social Sciences"
2455,,,,,,,
2456,0007-6899,0007-6899,,Business Lawyer,Q2,Law (Q2); Organizational Behavior and Human Resource Management (Q3),"Business, Management and Accounting; Social Sciences"
2457,1544-9106,1544-9106,,CASE Journal,Q4,"Business, Management and Accounting (miscellaneous) (Q4); Education (Q4)","Business, Management and Accounting; Social Sciences"
2458,0305-7410,0305-7410,1468-2648,China Quarterly,Q1,"Development (Q1); Geography, Planning and Development (Q1); Political Science and International Relations (Q1)",Social Sciences
2459,1680-2012,1680-2012,,China Review,Q1,Cultural Studies (Q1),Social Sciences
2460,1097-1475,1558-0954,1097-1475,Chinese Economy,Q2,"Economics, Econometrics and Finance (miscellaneous) (Q2)","Economics, Econometrics and Finance"
2461,,,,,,,
2462,1035-3046,1035-3046,1838-2673,Economic and Labour Relations Review,Q2,Economics and Econometrics (Q2); Organizational Behavior and Human Resource Management (Q3),"Business, Management and Accounting; Economics, Econometrics and Finance"
2463,0013-0117,0013-0117,1468-0289,Economic History Review,Q1,History (Q1); Economics and Econometrics (Q2),"Arts and Humanities; Economics, Econometrics and Finance"
2464,0013-0133,1468-0297,0013-0133,Economic Journal,Q1,Economics and Econometrics (Q1),"Economics, Econometrics and Finance"
2465,0013-0249,1475-4932,0013-0249,Economic Record,Q2,Economics and Econometrics (Q2),"Economics, Econometrics and Finance"
2466,1935-7524,1935-7524,,Electronic Journal of Statistics,Q1,"Statistics and Probability (Q1); Statistics, Probability and Uncertainty (Q1)",Decision Sciences; Mathematics
2467,0963-8180,0963-8180,1468-4497,European Accounting Review,Q1,"Accounting (Q1); Aerospace Engineering (Q1); Arts and Humanities (miscellaneous) (Q1); Automotive Engineering (Q1); Business and International Management (Q1); Business, Management and Accounting (miscellaneous) (Q1); Economics and Econometrics (Q1); Economics, Econometrics and Finance (miscellaneous) (Q1); Finance (Q1); History (Q1)","Arts and Humanities; Business, Management and Accounting; Economics, Econometrics and Finance; Engineering"
2468,1351-847X,1351-847X,1466-4364,European Journal of Finance,Q1,"Economics, Econometrics and Finance (miscellaneous) (Q1)","Economics, Econometrics and Finance"
2469,1066-3487,1066-3487,2476-1699,Florida Tax Review,Q3,Accounting (Q3); Finance (Q3); Law (Q3),"Business, Management and Accounting; Economics, Econometrics and Finance; Social Sciences"
2470,1018-5895,1018-5895,1468-0440,Geneva Papers on Risk and Insurance: Issues and Practice,Q2,"Accounting (Q2); Business, Management and Accounting (miscellaneous) (Q2); Economics and Econometrics (Q2); Finance (Q2)","Business, Management and Accounting; Economics, Econometrics and Finance"
2471,1554-964X,1554-964X,1554-9658,GENEVA Risk and Insurance Review,Q3,"Accounting (Q3); Business, Management and Accounting (miscellaneous) (Q3); Economics and Econometrics (Q3); Finance (Q3)","Business, Management and Accounting; Economics, Econometrics and Finance"
2472,,,,,,,
2473,,,,,,,
2474,0197-2243,0197-2243,1087-6537,Information Society,Q1,Cultural Studies (Q1); Information Systems (Q1); Management Information Systems (Q1); Political Science and International Relations (Q1),"Business, Management and Accounting; Computer Science; Social Sciences"
2475,1094-4060,2213-3933,1094-4060,International Journal of Accounting,Q2,Finance (Q2); Accounting (Q3),"Business, Management and Accounting; Economics, Econometrics and Finance"
2476,0952-617X,1875-838X,0952-617X,International Journal of Comparative Labour Law and Industrial Relations,Q2,Law (Q2); Industrial Relations (Q3); Organizational Behavior and Human Resource Management (Q3),"Business, Management and Accounting; Social Sciences"
2477,1577-8517,1577-8517,2340-5058,International Journal of Digital Accounting Research,Q2,Information Systems and Management (Q2); Accounting (Q3); Finance (Q3),"Business, Management and Accounting; Decision Sciences; Economics, Econometrics and Finance"
2478,,,,,,,
2479,0957-4093,1758-6550,0957-4093,International Journal of Logistics Management,Q1,Business and International Management (Q1); Transportation (Q1),"Business, Management and Accounting; Social Sciences"
2480,1472-8117,1472-8117,,International Journal of Management Education,Q1,Education (Q1); Strategy and Management (Q1),"Business, Management and Accounting; Social Sciences"
2481,,,,,,,
2482,,,,,,,
2483,,,,,,,
2484,,,,,,,
2485,,,,,,,
2486,,,,,,,
2487,2329-194X,2329-1958,2329-194X,Japanese Political Economy,Q3,"Economics, Econometrics and Finance (miscellaneous) (Q3); Sociology and Political Science (Q3)","Economics, Econometrics and Finance; Social Sciences"
2488,1520-3255,1520-3255,,Journal of Alternative Investments,Q3,Economics and Econometrics (Q3); Finance (Q3),"Economics, Econometrics and Finance"
2489,0021-8863,1552-6879,0021-8863,Journal of Applied Behavioral Science,Q1,Applied Psychology (Q1),Psychology
2490,1470-8272,1470-8272,1479-179X,Journal of Asset Management,Q2,Business and International Management (Q2); Information Systems and Management (Q2); Strategy and Management (Q3),"Business, Management and Accounting; Decision Sciences"
2491,1074-1240,1074-1240,,Journal of Derivatives,Q3,Economics and Econometrics (Q3); Finance (Q3),"Economics, Econometrics and Finance"
2492,1943-9342,1943-9407,1943-9342,Journal of Development Effectiveness,Q2,"Geography, Planning and Development (Q2); Development (Q3)",Social Sciences
2493,,,,,,,
2494,1703-4949,1703-4949,,Journal of Economic Asymmetries,Q1,"Economics, Econometrics and Finance (miscellaneous) (Q1)","Economics, Econometrics and Finance"
2495,0022-0485,0022-0485,2152-4068,Journal of Economic Education,Q2,Economics and Econometrics (Q2); Education (Q2),"Economics, Econometrics and Finance; Social Sciences"
2496,0022-0507,1471-6372,0022-0507,Journal of Economic History,Q1,"Economics and Econometrics (Q1); Economics, Econometrics and Finance (miscellaneous) (Q1); History (Q1)","Arts and Humanities; Economics, Econometrics and Finance"
2497,1569-1721,1569-1721,1573-8701,Journal of Economic Inequality,Q1,"Economics, Econometrics and Finance (miscellaneous) (Q1); Organizational Behavior and Human Resource Management (Q1); Sociology and Political Science (Q1)","Business, Management and Accounting; Economics, Econometrics and Finance; Social Sciences"
2498,0022-1082,0022-1082,1540-6261,Journal of Finance,Q1,Accounting (Q1); Economics and Econometrics (Q1); Finance (Q1),"Business, Management and Accounting; Economics, Econometrics and Finance"
2499,2405-9188,2405-9188,,Journal of Finance and Data Science,Q2,"Applied Mathematics (Q2); Business, Management and Accounting (miscellaneous) (Q2); Economics and Econometrics (Q2); Finance (Q2); Computer Science Applications (Q3); Statistics and Probability (Q3)","Business, Management and Accounting; Computer Science; Economics, Econometrics and Finance; Mathematics"
2500,1059-8596,1059-8596,,Journal of Fixed Income,Q2,Economics and Econometrics (Q2); Finance (Q2),"Economics, Econometrics and Finance"
2501,0270-7314,1096-9934,0270-7314,Journal of Futures Markets,Q2,"Accounting (Q2); Business, Management and Accounting (miscellaneous) (Q2); Economics and Econometrics (Q2); Finance (Q2)","Business, Management and Accounting; Economics, Econometrics and Finance"
2502,,,,,,,
2503,2164-9987,2164-9987,,Journal of Hospitality and Tourism Cases,Q4,"Tourism, Leisure and Hospitality Management (Q4)","Business, Management and Accounting"
2504,0022-1821,1467-6451,0022-1821,Journal of Industrial Economics,Q1,"Accounting (Q1); Business, Management and Accounting (miscellaneous) (Q1); Economics and Econometrics (Q1)","Business, Management and Accounting; Economics, Econometrics and Finance"
2505,,,,,,,
2506,0963-8199,0963-8199,1469-9559,Journal of International Trade and Economic Development,Q2,"Aerospace Engineering (Q2); Development (Q2); Geography, Planning and Development (Q2)",Engineering; Social Sciences
2507,0022-2186,1537-5285,0022-2186,Journal of Law and Economics,Q1,Economics and Econometrics (Q1); Law (Q1),"Economics, Econometrics and Finance; Social Sciences"
2508,,,,,,,
2509,0095-4918,0095-4918,,Journal of Portfolio Management,Q2,"Business, Management and Accounting (miscellaneous) (Q2); Finance (Q2); Accounting (Q3); Economics and Econometrics (Q3)","Business, Management and Accounting; Economics, Econometrics and Finance"
2510,,,,,,,
2511,,,,,,,
2512,1526-5943,2331-2947,1526-5943,Journal of Risk Finance,Q2,Accounting (Q2); Finance (Q2),"Business, Management and Accounting; Economics, Econometrics and Finance"
2513,1753-9579,1753-9587,1753-9579,Journal of Risk Model Validation,Q4,Applied Mathematics (Q4); Economics and Econometrics (Q4); Finance (Q4); Modeling and Simulation (Q4),"Economics, Econometrics and Finance; Mathematics"
2514,1551-9783,2374-1325,1551-9783,Journal of Structured Finance,Q4,Finance (Q4),"Economics, Econometrics and Finance"
2515,,,,,,,
2516,1534-7524,1534-7524,,Journal of Wealth Management,Q4,Economics and Econometrics (Q4); Finance (Q4),"Economics, Econometrics and Finance"
2517,1422-2213,1422-2213,1747-1796,Journal of World Intellectual Property,Q2,Law (Q2),Social Sciences
2518,1048-9843,1048-9843,,Leadership Quarterly,Q1,Applied Psychology (Q1); Business and International Management (Q1); Organizational Behavior and Human Resource Management (Q1); Sociology and Political Science (Q1),"Business, Management and Accounting; Psychology; Social Sciences"
2519,0969-6474,0969-6474,1758-7905,Learning Organization,Q1,Education (Q1); Organizational Behavior and Human Resource Management (Q2),"Business, Management and Accounting; Social Sciences"
2520,0887-378X,0887-378X,1468-0009,Milbank Quarterly,Q1,"Health Policy (Q1); Public Health, Environmental and Occupational Health (Q1)",Medicine
2521,0026-7961,1468-2230,0026-7961,Modern Law Review,Q1,Law (Q1),Social Sciences
2522,1062-9408,1062-9408,,North American Journal of Economics and Finance,Q2,Economics and Econometrics (Q2); Finance (Q2),"Economics, Econometrics and Finance"
2523,0951-2748,0951-2748,1470-1332,Pacific Review,Q1,"Geography, Planning and Development (Q1); Sociology and Political Science (Q1)",Social Sciences
2524,1098-3708,1936-4806,1098-3708,Quarterly Journal of Austrian Economics,Q4,"Economics, Econometrics and Finance (miscellaneous) (Q4)","Economics, Econometrics and Finance"
2525,0033-5533,0033-5533,1531-4650,Quarterly Journal of Economics,Q1,Economics and Econometrics (Q1),"Economics, Econometrics and Finance"
2526,0889-3047,1573-7128,0889-3047,Review of Austrian Economics,Q2,"Economics, Econometrics and Finance (miscellaneous) (Q2)","Economics, Econometrics and Finance"
2527,0034-6446,0034-6446,1936-4814,Review of Black Political Economy,Q1,Cultural Studies (Q1); Economics and Econometrics (Q2),"Economics, Econometrics and Finance; Social Sciences"
2528,0034-6527,0034-6527,1467-937X,Review of Economic Studies,Q1,Economics and Econometrics (Q1),"Economics, Econometrics and Finance"
2529,0034-6535,0034-6535,1530-9142,Review of Economics and Statistics,Q1,Economics and Econometrics (Q1); Social Sciences (miscellaneous) (Q1),"Economics, Econometrics and Finance; Social Sciences"
2530,0893-9454,1465-7368,0893-9454,Review of Financial Studies,Q1,Accounting (Q1); Economics and Econometrics (Q1); Finance (Q1),"Business, Management and Accounting; Economics, Econometrics and Finance"
2531,1446-9022,1446-9022,2194-5993,Review of Network Economics,Q4,Economics and Econometrics (Q4),"Economics, Econometrics and Finance"
2532,0362-3319,0362-3319,,Social Science Journal,Q2,Sociology and Political Science (Q2); Social Psychology (Q3),Psychology; Social Sciences
2533,0038-0261,1467-954X,0038-0261,Sociological Review,Q1,Sociology and Political Science (Q1),Social Sciences
2534,0082-0512,1444-9528,0082-0512,Sydney Law Review,Q3,Law (Q3),Social Sciences
2535,,,,,,,
2536,1754-2731,1754-2731,,TQM Journal,Q1,"Business and International Management (Q1); Business, Management and Accounting (miscellaneous) (Q1); Decision Sciences (miscellaneous) (Q1); Strategy and Management (Q1)","Business, Management and Accounting; Decision Sciences"
2537,,,,,,,
2538,0258-6770,1564-698X,0258-6770,World Bank Economic Review,Q1,Accounting (Q1); Development (Q1); Economics and Econometrics (Q1); Finance (Q1),"Business, Management and Accounting; Economics, Econometrics and Finance; Social Sciences"
2539,0378-5920,0378-5920,1467-9701,World Economy,Q1,Finance (Q1); Political Science and International Relations (Q1); Accounting (Q2); Economics and Econometrics (Q2),"Business, Management and Accounting; Economics, Econometrics and Finance; Social Sciences"
2540,0044-0094,0044-0094,,Yale Law Journal,Q1,Law (Q1),Social Sciences
2541,,,,,,,
2542,1933-6837,1555-7561,1933-6837,Theoretical Economics,Q1,"Economics, Econometrics and Finance (miscellaneous) (Q1)","Economics, Econometrics and Finance"
2543,0040-5833,1573-7187,0040-5833,Theory and Decision,Q1,"Arts and Humanities (miscellaneous) (Q1); Economics, Econometrics and Finance (miscellaneous) (Q1); Social Sciences (miscellaneous) (Q1); Computer Science Applications (Q2); Decision Sciences (miscellaneous) (Q2); Developmental and Educational Psychology (Q2); Applied Psychology (Q3)","Arts and Humanities; Computer Science; Decision Sciences; Economics, Econometrics and Finance; Psychology; Social Sciences"
2544,0040-585X,0040-585X,1095-7219,Theory of Probability and its Applications,Q3,"Statistics and Probability (Q3); Statistics, Probability and Uncertainty (Q3)",Decision Sciences; Mathematics
2545,,,,,,,
2546,1360-2241,0143-6597,1360-2241,Third World Quarterly,Q1,Development (Q1),Social Sciences
2547,1096-4762,1096-4762,1520-6874,Thunderbird International Business Review,Q1,"Political Science and International Relations (Q1); Business and International Management (Q2); Geography, Planning and Development (Q2)","Business, Management and Accounting; Social Sciences"
2548,1467-9663,0040-747X,1467-9663,Tijdschrift Voor Economische en Sociale Geografie,Q2,"Economics and Econometrics (Q2); Geography, Planning and Development (Q2)","Economics, Econometrics and Finance; Social Sciences"
2549,0961-463X,0961-463X,1461-7463,Time and Society,Q1,Sociology and Political Science (Q1),Social Sciences
2550,0964-4563,0964-4563,1468-3318,Tobacco Control,Q1,"Health (social science) (Q1); Public Health, Environmental and Occupational Health (Q1)",Medicine; Social Sciences
2551,1134-5764,1134-5764,1863-8279,TOP,Q2,Discrete Mathematics and Combinatorics (Q2); Information Systems and Management (Q2); Modeling and Simulation (Q2); Management Science and Operations Research (Q3); Statistics and Probability (Q3),Decision Sciences; Mathematics
2552,,,,,,,
2553,,,,,,,
2554,1478-3363,1478-3363,1478-3371,Total Quality Management and Business Excellence,Q1,"Business, Management and Accounting (miscellaneous) (Q1)","Business, Management and Accounting"
2555,2182-8458,2182-8466,2182-8458,Tourism and Management Studies,Q1,"Cultural Studies (Q1); Business, Management and Accounting (miscellaneous) (Q2); Tourism, Leisure and Hospitality Management (Q2)","Business, Management and Accounting; Social Sciences"
2556,1083-5423,1083-5423,1943-3999,Tourism Analysis,Q3,"Tourism, Leisure and Hospitality Management (Q3)","Business, Management and Accounting"
2557,1330-7533,1330-7533,1847-3377,Tourism and Hospitality Management,Q2,"Geography, Planning and Development (Q2); Tourism, Leisure and Hospitality Management (Q3)","Business, Management and Accounting; Social Sciences"
2558,1467-3584,1467-3584,1742-9692,Tourism and Hospitality Research,Q1,"Geography, Planning and Development (Q1); Tourism, Leisure and Hospitality Management (Q2)","Business, Management and Accounting; Social Sciences"
2559,1354-8166,2044-0375,1354-8166,Tourism Economics,Q1,"Geography, Planning and Development (Q1); Tourism, Leisure and Hospitality Management (Q1)","Business, Management and Accounting; Social Sciences"
2560,1461-6688,1470-1340,1461-6688,Tourism Geographies,Q1,"Geography, Planning and Development (Q1); Tourism, Leisure and Hospitality Management (Q1)","Business, Management and Accounting; Social Sciences"
2561,1544-273X,1544-273X,,Tourism in Marine Environments,Q3,"Geography, Planning and Development (Q3); Tourism, Leisure and Hospitality Management (Q3)","Business, Management and Accounting; Social Sciences"
2562,0261-5177,0261-5177,1879-3193,Tourism Management,Q1,"Development (Q1); Strategy and Management (Q1); Tourism, Leisure and Hospitality Management (Q1); Transportation (Q1)","Business, Management and Accounting; Social Sciences"
2563,2211-9736,2211-9736,,Tourism Management Perspectives,Q1,"Tourism, Leisure and Hospitality Management (Q1)","Business, Management and Accounting"
2564,2156-8316,2156-8324,2156-8316,Tourism Planning and Development,Q1,"Development (Q1); Business and International Management (Q2); Tourism, Leisure and Hospitality Management (Q2)","Business, Management and Accounting; Social Sciences"
2565,0250-8281,0250-8281,2320-0308,Tourism Recreation Research,Q1,"Cultural Studies (Q1); Geography, Planning and Development (Q1); Management, Monitoring, Policy and Law (Q1); Tourism, Leisure and Hospitality Management (Q1)","Business, Management and Accounting; Environmental Science; Social Sciences"
2566,1660-5373,1759-8451,1660-5373,Tourism Review,Q1,"Geography, Planning and Development (Q1); Tourism, Leisure and Hospitality Management (Q1)","Business, Management and Accounting; Social Sciences"
2567,1544-2721,1544-2721,1943-4421,Tourism Review International,Q3,"Tourism, Leisure and Hospitality Management (Q3)","Business, Management and Accounting"
2568,1098-304X,1098-304X,,"Tourism, Culture and Communication",Q1,"Cultural Studies (Q1); Communication (Q3); Geography, Planning and Development (Q3); Tourism, Leisure and Hospitality Management (Q3)","Business, Management and Accounting; Social Sciences"
2569,1332-7461,1849-1545,1332-7461,Tourism,Q2,"Geography, Planning and Development (Q2); Tourism, Leisure and Hospitality Management (Q3)","Business, Management and Accounting; Social Sciences"
2570,1468-7976,1741-3206,1468-7976,Tourist Studies,Q2,"Tourism, Leisure and Hospitality Management (Q2)","Business, Management and Accounting"
2571,1024-2589,1024-2589,1996-7284,Transfer,Q1,Industrial Relations (Q1); Organizational Behavior and Human Resource Management (Q1),"Business, Management and Accounting"
2572,1648-4460,1648-4460,,Transformations in Business and Economics,Q2,Political Science and International Relations (Q2); Social Sciences (miscellaneous) (Q2); Business and International Management (Q3); Economics and Econometrics (Q3); Marketing (Q3),"Business, Management and Accounting; Economics, Econometrics and Finance; Social Sciences"
2573,1750-6166,1750-6166,,"Transforming Government: People, Process and Policy",Q2,Computer Science Applications (Q2); E-learning (Q2); Information Systems and Management (Q2); Public Administration (Q2),Computer Science; Decision Sciences; Social Sciences
2574,1918-6444,1918-6444,1925-2099,Transnational Corporations Review,Q2,Business and International Management (Q2); Development (Q2); Economics and Econometrics (Q2); Finance (Q2); Strategy and Management (Q2),"Business, Management and Accounting; Economics, Econometrics and Finance; Social Sciences"
2575,0967-070X,1879-310X,0967-070X,Transport Policy,Q1,"Geography, Planning and Development (Q1); Law (Q1); Transportation (Q1)",Social Sciences
2576,0144-1647,0144-1647,1464-5327,Transport Reviews,Q1,Transportation (Q1),Social Sciences
2577,0049-4488,0049-4488,1572-9435,Transportation,Q1,Civil and Structural Engineering (Q1); Development (Q1); Transportation (Q1),Engineering; Social Sciences
2578,0041-1612,0041-1612,,Transportation Journal,Q3,Transportation (Q3),Social Sciences
2579,1942-7867,1942-7867,1942-7875,Transportation Letters,Q2,Transportation (Q2),Social Sciences
2580,0308-1060,1029-0354,0308-1060,Transportation Planning and Technology,Q2,"Geography, Planning and Development (Q2); Transportation (Q3)",Social Sciences
2581,0965-8564,0965-8564,,Transportation Research Part A: Policy and Practice,Q1,"Aerospace Engineering (Q1); Business, Management and Accounting (miscellaneous) (Q1); Civil and Structural Engineering (Q1); Management Science and Operations Research (Q1); Transportation (Q1)","Business, Management and Accounting; Decision Sciences; Engineering; Social Sciences"
2582,0191-2615,0191-2615,,Transportation Research Part B: Methodological,Q1,Civil and Structural Engineering (Q1); Management Science and Operations Research (Q1); Transportation (Q1),Decision Sciences; Engineering; Social Sciences
2583,0968-090X,0968-090X,,Transportation Research Part C: Emerging Technologies,Q1,Automotive Engineering (Q1); Civil and Structural Engineering (Q1); Computer Science Applications (Q1); Management Science and Operations Research (Q1); Transportation (Q1),Computer Science; Decision Sciences; Engineering; Social Sciences
2584,1361-9209,1361-9209,,Transportation Research Part D: Transport and Environment,Q1,Civil and Structural Engineering (Q1); Environmental Science (miscellaneous) (Q1); Transportation (Q1),Engineering; Environmental Science; Social Sciences
2585,1366-5545,1366-5545,,Transportation Research Part E: Logistics and Transportation Review,Q1,Business and International Management (Q1); Civil and Structural Engineering (Q1); Management Science and Operations Research (Q1); Transportation (Q1),"Business, Management and Accounting; Decision Sciences; Engineering; Social Sciences"
2586,1369-8478,1369-8478,,Transportation Research Part F: Traffic Psychology and Behaviour,Q1,Applied Psychology (Q1); Automotive Engineering (Q1); Civil and Structural Engineering (Q1); Transportation (Q1),Engineering; Psychology; Social Sciences
2587,0361-1981,0361-1981,2169-4052,Transportation Research Record,Q2,Civil and Structural Engineering (Q2); Mechanical Engineering (Q2),Engineering
2588,0041-1655,1526-5447,0041-1655,Transportation Science,Q1,Civil and Structural Engineering (Q1); Transportation (Q1),Engineering; Social Sciences
2589,2324-9935,2324-9943,2324-9935,Transportmetrica A: Transport Science,Q1,Engineering (miscellaneous) (Q1); Transportation (Q2),Engineering; Social Sciences
2590,2168-0566,2168-0582,2168-0566,Transportmetrica B,Q1,Modeling and Simulation (Q1); Software (Q1); Transportation (Q2),Computer Science; Mathematics; Social Sciences
2591,2214-367X,2214-367X,,Travel Behaviour and Society,Q1,"Geography, Planning and Development (Q1); Transportation (Q1)",Social Sciences
2592,,,,,,,
2593,,,,,,,
2594,,,,,,,
2595,0041-9494,0041-9494,,University of Chicago Law Review,Q1,Law (Q1),Social Sciences
2596,,,,,,,
2597,0313-0096,1839-2881,0313-0096,University of New South Wales Law Journal,Q2,Law (Q2); Philosophy (Q2); Sociology and Political Science (Q3),Arts and Humanities; Social Sciences
2598,,,,,,,
2599,0083-4041,0083-4041,1839-289X,University of Queensland Law Journal,Q4,Law (Q4),Social Sciences
2600,,,,,,,
2601,,,,,,,
2602,0042-0220,0042-0220,1710-1174,University of Toronto Law Journal,Q2,Law (Q2); Sociology and Political Science (Q2),Social Sciences
2603,0042-0328,0042-0328,,University of Western Australia Law Review,Q3,Law (Q3),Social Sciences
2604,,,,,,,
2605,,,,,,,
2606,1078-0874,1078-0874,1552-8332,Urban Affairs Review,Q1,Sociology and Political Science (Q1); Urban Studies (Q1),Social Sciences
2607,0042-0980,0042-0980,1360-063X,Urban Studies,Q1,Environmental Science (miscellaneous) (Q1); Urban Studies (Q1),Environmental Science; Social Sciences
2608,,,,,,,
2609,1098-3015,1098-3015,1524-4733,Value in Health,Q1,"Health Policy (Q1); Medicine (miscellaneous) (Q1); Public Health, Environmental and Occupational Health (Q1)",Medicine
2610,,,,,,,
2611,,,,,,,
2612,1369-1066,1464-5343,1369-1066,Venture Capital,Q2,Business and International Management (Q2); Finance (Q2),"Business, Management and Accounting; Economics, Econometrics and Finance"
2613,1171-042X,1179-3082,1171-042X,Victoria University of Wellington Law Review,Q4,Law (Q4),Social Sciences
2614,,,,,,,
2615,,,,,,,
2616,,,,,,,
2617,2059-5891,2059-5905,2059-5891,VINE Journal of Information and Knowledge Management Systems,Q1,Computer Networks and Communications (Q1); Information Systems (Q1); Library and Information Sciences (Q1); Computer Science Applications (Q2); Management of Technology and Innovation (Q2),"Business, Management and Accounting; Computer Science; Social Sciences"
2618,,,,,,,
2619,0972-2629,0972-2629,2249-5304,Vision,Q3,Business and International Management (Q3); Strategy and Management (Q3),"Business, Management and Accounting"
2620,1064-5578,1064-5578,1934-7715,Visitor Studies,Q1,"Communication (Q1); Education (Q1); Museology (Q1); Tourism, Leisure and Hospitality Management (Q2)","Arts and Humanities; Business, Management and Accounting; Social Sciences"
2621,0957-8765,0957-8765,1573-7888,Voluntas,Q1,"Business and International Management (Q1); Geography, Planning and Development (Q1); Public Administration (Q1); Sociology and Political Science (Q1); Strategy and Management (Q1)","Business, Management and Accounting; Social Sciences"
2622,,,,,,,
2623,,,,,,,
2624,,,,,,,
2625,0043-1397,1944-7973,0043-1397,Water Resources Research,Q1,Water Science and Technology (Q1),Environmental Science
2626,0140-2382,0140-2382,1743-9655,West European Politics,Q1,Political Science and International Relations (Q1),Social Sciences
2627,,,,,,,
2628,,,,,,,
2629,1057-0314,1057-0314,1745-1027,Western Journal of Communication,Q1,Linguistics and Language (Q1); Communication (Q2),Social Sciences
2630,0267-8373,0267-8373,1464-5335,Work and Stress,Q1,Applied Psychology (Q1),Psychology
2631,0730-8884,0730-8884,1552-8464,Work and Occupations,Q1,Organizational Behavior and Human Resource Management (Q1); Sociology and Political Science (Q1),"Business, Management and Accounting; Social Sciences"
2632,2054-4650,2054-4650,,"Work, Aging and Retirement",Q1,"Economics, Econometrics and Finance (miscellaneous) (Q1); Geriatrics and Gerontology (Q1); Industrial Relations (Q1); Life-span and Life-course Studies (Q1); Organizational Behavior and Human Resource Management (Q1); Sociology and Political Science (Q1)","Business, Management and Accounting; Economics, Econometrics and Finance; Medicine; Social Sciences"
2633,0950-0170,1469-8722,0950-0170,"Work, Employment and Society",Q1,Accounting (Q1); Economics and Econometrics (Q1); Organizational Behavior and Human Resource Management (Q1); Sociology and Political Science (Q1),"Business, Management and Accounting; Economics, Econometrics and Finance; Social Sciences"
2634,0257-3032,1564-6971,0257-3032,World Bank Research Observer,Q1,Development (Q1); Economics and Econometrics (Q1),"Economics, Econometrics and Finance; Social Sciences"
2635,1011-4548,1875-8436,1011-4548,World Competition,Q1,Law (Q1); Economics and Econometrics (Q2),"Economics, Econometrics and Finance; Social Sciences"
2636,0305-750X,0305-750X,1873-5991,World Development,Q1,"Development (Q1); Economics and Econometrics (Q1); Geography, Planning and Development (Q1); Sociology and Political Science (Q1)","Economics, Econometrics and Finance; Social Sciences"
2637,1468-1838,1474-3884,1468-1838,World Economics,Q4,"Economics, Econometrics and Finance (miscellaneous) (Q4)","Economics, Econometrics and Finance"
2638,,,,,,,
2639,,,,,,,
2640,1607-8055,2333-4509,1607-8055,World Leisure Journal,Q1,"Cultural Studies (Q1); Social Psychology (Q2); Tourism, Leisure and Hospitality Management (Q2)","Business, Management and Accounting; Psychology; Social Sciences"
2641,0043-8871,0043-8871,1086-3338,World Politics,Q1,Political Science and International Relations (Q1); Sociology and Political Science (Q1),Social Sciences
2642,1741-2242,1741-2242,1741-2234,"World Review of Science, Technology and Sustainable Development",Q4,Multidisciplinary (Q4),Multidisciplinary
2643,1878-4917,2352-9237,1878-4917,World Tax Journal,Q1,Law (Q1); Accounting (Q2); Economics and Econometrics (Q2); Finance (Q2),"Business, Management and Accounting; Economics, Econometrics and Finance; Social Sciences"
2644,1474-7456,1474-7456,1475-3138,World Trade Review,Q1,Economics and Econometrics (Q1); Law (Q1); Political Science and International Relations (Q1),"Economics, Econometrics and Finance; Social Sciences"
2645,1755-4217,1755-4217,1755-4225,Worldwide Hospitality and Tourism Themes,Q2,"Development (Q2); Management, Monitoring, Policy and Law (Q3); Tourism, Leisure and Hospitality Management (Q3)","Business, Management and Accounting; Environmental Science; Social Sciences"
2646,0741-0883,0741-0883,1552-8472,Written Communication,Q1,Communication (Q1); Literature and Literary Theory (Q1),Arts and Humanities; Social Sciences
2647,0741-9457,2376-5925,0741-9457,Yale Journal on Regulation,Q1,Law (Q1); Public Administration (Q1),Social Sciences
2648,1747-3616,1747-3616,1758-7212,Young Consumers,Q1,"Economics, Econometrics and Finance (miscellaneous) (Q1); Life-span and Life-course Studies (Q1)","Economics, Econometrics and Finance; Social Sciences"
2649,,,,,,,
