No,Scopus_Match_Key,Scopus_ISSN,Scopus_EISSN,Scopus_Title,Active or Inactive,Coverage,Titles Discontinued by Scopus,Source Type,"Top level:

Life Sciences","Top level:

Social Sciences","Top level:

Physical Sciences","Top level:

Health Sciences","1000 
General","1100
Agricultural and Biological Sciences","1200
Arts and Humanities","1300
Biochemistry, Genetics and Molecular Biology","1400
Business, Management and Accounting","1500
Chemical Engineering","1600
Chemistry","1700
Computer Science","1800
Decision Sciences","1900
Earth and Planetary Sciences","2000
Economics, Econometrics and Finance","2100
Energy","2200
Engineering","2300
Environmental Science","2400
Immunology and Microbiology","2500
Materials Science","2600
Mathematics","2700
Medicine","2800
Neuroscience","2900
Nursing","3000
Pharmacology, Toxicology and Pharmaceutics","3100
Physics and Astronomy","3200
Psychology","3300
Social Sciences","3400
Veterinary","3500
Dentistry","3600
Health Professions"
1,1619-4500,1619-4500,1614-2411,4OR,Active,2003-2026,,Journal,,Social Sciences,Physical Sciences,,,,,,"Business, Management and Accounting ",,,Computer Science ,Decision Sciences ,,,,,,,,Mathematics ,,,,,,,,,,
2,,,,,,,,,,,,,,,,,,,,,,,,,,,,,,,,,,,,,,,
3,0001-3072,0001-3072,1467-6281,Abacus,Active,1965-2026,,Journal,,Social Sciences,,,,,,,"Business, Management and Accounting ",,,,,,,,,,,,,,,,,,,,,,
4,1018-161X,1018-161X,1810-4851,Academia Economic Papers,Active,2018-2026,,Journal,,Social Sciences,,,,,,,,,,,,,"Economics, Econometrics and Finance ",,,,,,,,,,,,,,,,
5,1941-6520,1941-6520,1941-6067,Academy of Management Annals,Active,2010-2026; 2007-2008,,Journal,,Social Sciences,,,,,,,"Business, Management and Accounting ",,,,,,,,,,,,,,,,,,,,,,
6,2168-1007,,2168-1007,Academy of Management Discoveries,Active,2019-2025,,Journal,,Social Sciences,,,,,,,"Business, Management and Accounting ",,,,,,,,,,,,,,,,,,,,,,
7,0001-4273,0001-4273,,Academy of Management Journal,Active,1975-2026; 1973; 1970-1971; 1966-1968; 1961,,Journal,,Social Sciences,,,,,,,"Business, Management and Accounting ",,,,,,,,,,,,,,,,,,,,,,
8,1537-260X,1537-260X,,Academy of Management Learning and Education,Active,2005-2026; 2003,,Journal,,Social Sciences,,,,,,,"Business, Management and Accounting ",,,,,,,,,,,,,,,,,,,Social Sciences ,,,
9,1558-9080,1558-9080,,Academy of Management Perspectives,Active,2006-2025; 1987-1994,,Journal,,Social Sciences,,,,,,,"Business, Management and Accounting ",,,,,,,,,,,,,,,,,,,,,,
10,0363-7425,0363-7425,,Academy of Management Review,Active,1993-2026; 1976-1991,,Journal,,Social Sciences,,,,,,,"Business, Management and Accounting ",,,,,,,,,,,,,,,,,,,,,,
11,1095-6298,1095-6298,1528-2678,Academy of Marketing Studies Journal,Inactive,2008-2016,Discontinued by Scopus,Journal,,Social Sciences,,,,,,,"Business, Management and Accounting ",,,,,,"Economics, Econometrics and Finance ",,,,,,,,,,,,,,,,
12,0001-4575,0001-4575,1879-2057,Accident Analysis and Prevention,Active,1969-2026,,Journal,,Social Sciences,Physical Sciences,Health Sciences,,,,,,,,,,,,,Engineering ,,,,,Medicine ,,,,,,Social Sciences ,,,
13,,,,,,,,,,,,,,,,,,,,,,,,,,,,,,,,,,,,,,,
14,1519-7077,1519-7077,1808-057X,Revista Contabilidade e Financas,Active,2015-2025,,Journal,,Social Sciences,,,,,,,"Business, Management and Accounting ",,,,,,"Economics, Econometrics and Finance ",,,,,,,,,,,,,,,,
15,,,,,,,,,,,,,,,,,,,,,,,,,,,,,,,,,,,,,,,
16,0001-4788,0001-4788,2159-4260,Accounting and Business Research,Active,1970-2026,,Journal,,Social Sciences,,,,,,,"Business, Management and Accounting ",,,,,,,,,,,,,,,,,,,,,,
17,0810-5391,0810-5391,1467-629X,Accounting and Finance,Active,1979-2026,,Journal,,Social Sciences,,,,,,,"Business, Management and Accounting ",,,,,,"Economics, Econometrics and Finance ",,,,,,,,,,,,,,,,
18,,,,,,,,,,,,,,,,,,,,,,,,,,,,,,,,,,,,,,,
19,1530-9320,,1530-9320,Accounting and the Public Interest,Active,2009-2025; 2005; 2003,,Journal,,Social Sciences,,,,,,,"Business, Management and Accounting ",,,,,,,,,,,,,,,,,,,,,,
20,0951-3574,0951-3574,2051-3151,"Accounting, Auditing and Accountability Journal",Active,1988-2025,,Journal,,Social Sciences,,,,,,,"Business, Management and Accounting ",,,,,,"Economics, Econometrics and Finance ",,,,,,,,,,,,,,,,
21,0963-9284,0963-9284,1468-4489,Accounting Education,Active,2000-2026; 1998; 1992-1996,,Journal,,Social Sciences,,,,,,,"Business, Management and Accounting ",,,,,,,,,,,,,,,,,,,Social Sciences ,,,
22,,,,,,,,,,,,,,,,,,,,,,,,,,,,,,,,,,,,,,,
23,0155-9982,0155-9982,1467-6303,Accounting Forum,Active,2004-2026,,Journal,,Social Sciences,,,,,,,"Business, Management and Accounting ",,,,,,"Economics, Econometrics and Finance ",,,,,,,,,,,,,,,,
24,0148-4184,0148-4184,2327-4468,Accounting Historians Journal,Active,1974-2026,,Journal,,Social Sciences,,,,,Arts and Humanities ,,"Business, Management and Accounting ",,,,,,,,,,,,,,,,,,,,,,
25,1032-3732,1032-3732,1749-3374,Accounting History,Active,1996-2026,,Journal,,Social Sciences,,,,,Arts and Humanities ,,"Business, Management and Accounting ",,,,,,,,,,,,,,,,,,,,,,
26,2155-2851,2155-2851,2155-286X,Accounting History Review,Active,2011-2025,,Journal,,Social Sciences,,,,,Arts and Humanities ,,"Business, Management and Accounting ",,,,,,,,,,,,,,,,,,,,,,
27,0888-7993,0888-7993,1558-7975,Accounting Horizons,Active,1996-2026,,Journal,,Social Sciences,,,,,,,"Business, Management and Accounting ",,,,,,,,,,,,,,,,,,,,,,
28,1744-9480,1744-9480,1744-9499,Accounting in Europe,Active,2010-2026; 2008; 2006,,Journal,,Social Sciences,,,,,,,"Business, Management and Accounting ",,,,,,"Economics, Econometrics and Finance ",,,,,,,,,,,,,,,,
29,1911-382X,1911-382X,1911-3838,Accounting Perspectives,Active,2007-2026,,Journal,,Social Sciences,,,,,,,"Business, Management and Accounting ",,,,,,"Economics, Econometrics and Finance ",,,,,,,,,,,,,,,,
30,1030-9616,1030-9616,1839-5465,Accounting Research Journal,Active,2005-2026,,Journal,,Social Sciences,,,,,,,"Business, Management and Accounting ",,,,,,"Economics, Econometrics and Finance ",,,,,,,,,,,,,,,,
31,,,,,,,,,,,,,,,,,,,,,,,,,,,,,,,,,,,,,,,
32,2152-2820,,2152-2820,"Accounting, Economics and Law: A Convivium",Active,2011-2026,,Journal,,Social Sciences,,,,,,,"Business, Management and Accounting ",,,,,,"Economics, Econometrics and Finance ",,,,,,,,,,,,,Social Sciences ,,,
33,accounting finance and governance review,2009-8766,2737-7482,"Accounting, Finance and Governance Review",Active,2022-2026,,Journal,,Social Sciences,,,,,,,"Business, Management and Accounting ",,,,,,"Economics, Econometrics and Finance ",,,,,,,,,,,,,,,,
34,0361-3682,0361-3682,,"Accounting, Organizations and Society",Active,1976-2026,,Journal,,Social Sciences,,,,,,,"Business, Management and Accounting ",,,,Decision Sciences ,,,,,,,,,,,,,,,Social Sciences ,,,
35,1046-8188,1046-8188,1558-2868,ACM Transactions on Information Systems,Active,1983-2026,,Journal,,Social Sciences,Physical Sciences,,,,,,"Business, Management and Accounting ",,,Computer Science ,,,,,,,,,,,,,,,,,,,
36,1049-3301,1049-3301,1558-1195,ACM Transactions on Modeling and Computer Simulation,Active,1991-2026,,Journal,,,Physical Sciences,,,,,,,,,Computer Science ,,,,,,,,,Mathematics ,,,,,,,,,,
37,0001-6373,0001-6373,1588-2659,Acta Oeconomica,Active,2002-2026; 1995-2000,,Journal,,Social Sciences,,,,,,,,,,,,,"Economics, Econometrics and Finance ",,,,,,,,,,,,,Social Sciences ,,,
38,0001-6918,0001-6918,1873-6297,Acta Psychologica,Active,1953-2026; 1949-1951; 1941; 1939; 1936-1937,,Journal,,Social Sciences,,,,,Arts and Humanities ,,,,,,,,,,,,,,,,,,,,Psychology ,,,,
39,0353-4316,0353-4316,1848-6061,Acta Turistica,Active,2018-2025,,Journal,,Social Sciences,,,,,,,"Business, Management and Accounting ",,,,,,"Economics, Econometrics and Finance ",,,,,,,,,,,,,Social Sciences ,,,
40,,,,,,,,,,,,,,,,,,,,,,,,,,,,,,,,,,,,,,,
41,,,,,,,,,,,,,,,,,,,,,,,,,,,,,,,,,,,,,,,
42,1476-7333,1476-7333,1476-7341,Action Learning: Research and Practice,Active,2010-2026,,Journal,,Social Sciences,,,,,,,"Business, Management and Accounting ",,,,,,,,,,,,,,,,,,,Social Sciences ,,,
43,1469-7874,1469-7874,1741-2625,Active Learning in Higher Education,Active,2000-2026,,Journal,,Social Sciences,,,,,,,,,,,,,,,,,,,,,,,,,,Social Sciences ,,,
44,,,,,,,,,,,,,,,,,,,,,,,,,,,,,,,,,,,,,,,
45,0065-1915,0065-1915,,Adelaide Law Review,Active,2019-2025,,Journal,,Social Sciences,,,,,,,,,,,,,,,,,,,,,,,,,,Social Sciences ,,,
46,0095-3997,0095-3997,1552-3039,Administration and Society,Active,1969-2026,,Journal,,Social Sciences,,,,,,,"Business, Management and Accounting ",,,,,,,,,,,,,,,,,,,Social Sciences ,,,
47,0001-8392,0001-8392,1930-3815,Administrative Science Quarterly,Active,1996-2026; 1993-1994; 1989-1991; 1975-1987,,Journal,,Social Sciences,,,,,Arts and Humanities ,,,,,,,,,,,,,,,,,,,,,Social Sciences ,,,
48,2076-3387,,2076-3387,Administrative Sciences,Active,2011-2026,,Journal,,Social Sciences,,,,,,,"Business, Management and Accounting ",,,,,,,,,,,,,,,,,,,,,,
49,1084-1806,1084-1806,1949-0461,Administrative Theory and Praxis,Active,2015-2026; 2010-2011; 1999-2001,,Journal,,Social Sciences,,,,,,,"Business, Management and Accounting ",,,,,,,,,,,,,,,,,,,Social Sciences ,,,
50,,,,,,,,,,,,,,,,,,,,,,,,,,,,,,,,,,,,,,,
51,0882-6110,0882-6110,1046-5715,Advances in Accounting,Active,2005-2026; 2000-2003,,Journal,,Social Sciences,,,,,,,"Business, Management and Accounting ",,,,,,"Economics, Econometrics and Finance ",,,,,,,,,,,,,,,,
52,1475-1488,1475-1488,2977-2494,Advances in Accounting Behavioral Research,Active,2008-2026; 2000-2006,,Book Series,,Social Sciences,,,,,,,"Business, Management and Accounting ",,,,Decision Sciences ,,,,,,,,,,,,,,,,,,
53,1085-4622,1085-4622,2977-2486,Advances in Accounting Education: Teaching and Curriculum Innovations,Active,2019-2025; 2007-2017,,Book Series,,Social Sciences,,,,,,,"Business, Management and Accounting ",,,,,,,,,,,,,,,,,,,Social Sciences ,,,
54,0001-8678,0001-8678,1475-6064,Advances in Applied Probability,Active,1990-2026; 1983-1988; 1980; 1973-1976; 1969-1971,,Journal,,,Physical Sciences,,,,,,,,,,,,,,,,,,Mathematics ,,,,,,,,,,
55,0098-9258,0098-9258,,Advances in Consumer Research,Inactive,2019-2023; 2016-2017; 2006-2012; 1993-1994,,Journal,,Social Sciences,,,,,,,"Business, Management and Accounting ",,,,,,"Economics, Econometrics and Finance ",,,,,,,,,,,,Psychology ,,,,
56,1523-4223,1523-4223,1552-3055,Advances in Developing Human Resources,Active,1999-2026,,Journal,,Social Sciences,,,,,,,"Business, Management and Accounting ",,,,,,,,,,,,,,,,,,,,,,
57,1479-3598,1479-3598,2977-2435,Advances in Environmental Accounting and Management,Active,2024-2026; 2022; 2017-2020; 2014; 2009; 2006; 2003; 2000,,Book Series,,Social Sciences,Physical Sciences,,,,,,"Business, Management and Accounting ",,,,,,"Economics, Econometrics and Finance ",,,Environmental Science ,,,,,,,,,,,,,
58,0065-2601,0065-2601,,Advances in Experimental Social Psychology,Active,1994-2026; 1986-1992; 1974-1984; 1972; 1969-1970; 1964-1967,,Book Series,,Social Sciences,,,,,,,,,,,,,,,,,,,,,,,,,Psychology ,,,,
59,1745-3542,1745-3542,1745-3550,Advances in Hospitality and Leisure,Active,2023-2026; 2021; 2006-2019; 2004,,Book Series,,Social Sciences,,,,,,,"Business, Management and Accounting ",,,,,,,,,,,,,,,,,,,Social Sciences ,,,
60,1571-5027,1571-5027,2977-456X,Advances in International Management,Active,2025-2026; 2007-2017; 2003-2005,,Book Series,,Social Sciences,,,,,,,"Business, Management and Accounting ",,,,,,,,,,,,,,,,,,,,,,
61,1474-7979,1474-7979,2977-2400,Advances in International Marketing,Active,2025-2026; 2015; 2011-2013; 2006-2009; 2000-2004,,Book Series,,Social Sciences,,,,,,,"Business, Management and Accounting ",,,,,,,,,,,,,,,,,,,,,,
62,1474-7871,1474-7871,2977-2397,Advances in Management Accounting,Active,2023-2026; 2010-2021; 2003-2008,,Book Series,,Social Sciences,,,,,,,"Business, Management and Accounting ",,,,,,,,,,,,,,,,,,,,,,
63,1041-7060,1041-7060,2977-4624,Advances in Public Interest Accounting,Active,2025-2026; 2019-2020; 2013-2017; 2009-2010; 2004-2007; 2001-2002,,Book Series,,Social Sciences,,,,,,,"Business, Management and Accounting ",,,,,,,,,,,,,,,,,,,Social Sciences ,,,
64,0742-3322,0742-3322,2977-2370,Advances in Strategic Management,Active,2025-2026; 2023; 2020; 2000-2018,,Book Series,,Social Sciences,,,,,,,"Business, Management and Accounting ",,,,,,"Economics, Econometrics and Finance ",,,,,,,,,,,,,,,,
65,1058-7497,1058-7497,2985-7554,Advances in Taxation,Active,2023-2026; 2014-2021; 2012; 2010; 2008; 2006; 2000-2004,,Book Series,,Social Sciences,,,,,,,"Business, Management and Accounting ",,,,,,"Economics, Econometrics and Finance ",,,,,,,,,,,,,,,,
66,,,,,,,,,,,,,,,,,,,,,,,,,,,,,,,,,,,,,,,
67,,,,,,,,,,,,,,,,,,,,,,,,,,,,,,,,,,,,,,,
68,0850-3907,0850-3907,,Africa Development/Afrique et Developpement,Active,2007-2024; 1994-1995; 1990; 1981-1986; 1978-1979,,Journal,,Social Sciences,,,,,,,,,,,,,,,,,,,,,,,,,,Social Sciences ,,,
69,1017-6772,1017-6772,1467-8268,African Development Review,Active,1989-2026,,Journal,,Social Sciences,,,,,,,,,,,,,,,,,,,,,,,,,,Social Sciences ,,,
70,0145-2258,0145-2258,2163-9108,African Economic History,Active,1999-2025; 1981; 1976,,Journal,,Social Sciences,,,,,Arts and Humanities ,,,,,,,,"Economics, Econometrics and Finance ",,,,,,,,,,,,,,,,
71,,,,,,,,,,,,,,,,,,,,,,,,,,,,,,,,,,,,,,,
72,1993-3738,1993-3738,,African Journal of Agricultural and Resource Economics,Active,2018-2025,,Journal,Life Sciences,Social Sciences,,,,Agricultural and Biological Sciences ,,,,,,,,,"Economics, Econometrics and Finance ",,,,,,,,,,,,,,,,
73,1750-4554,1750-4554,1750-4562,African Journal of Business and Economic Research,Active,2006-2026,,Journal,,Social Sciences,,,,,,,"Business, Management and Accounting ",,,,,,"Economics, Econometrics and Finance ",,,,,,,,,,,,,,,,
74,2040-0705,2040-0705,2040-0713,African Journal of Economic and Management Studies,Active,2010-2026,,Journal,,Social Sciences,,,,,,,"Business, Management and Accounting ",,,,,,"Economics, Econometrics and Finance ",,,,,,,,,,,,,,,,
75,,,,,,,,,,,,,,,,,,,,,,,,,,,,,,,,,,,,,,,
76,,,,,,,,,,,,,,,,,,,,,,,,,,,,,,,,,,,,,,,
77,0002-0397,0002-0397,1868-6869,Africa Spectrum,Active,2006-2026; 1983-1984,,Journal,,Social Sciences,,,,,,,,,,,,,,,,,,,,,,,,,,Social Sciences ,,,
78,1751-6447,1751-6447,1751-6455,Afro-Asian Journal of Finance and Accounting,Active,2008-2026,,Journal,,Social Sciences,,,,,,,"Business, Management and Accounting ",,,,,,"Economics, Econometrics and Finance ",,,,,,,,,,,,,,,,
79,1522-936X,,1522-936X,AgBioForum,Inactive,1998-2025,,Journal,Life Sciences,Social Sciences,,,,Agricultural and Biological Sciences ,,"Biochemistry, Genetics and Molecular Biology ",,,,,,,"Economics, Econometrics and Finance ",,,,,,,,,,,,,,,,
80,,,,,,,,,,,,,,,,,,,,,,,,,,,,,,,,,,,,,,,
81,0742-4477,0742-4477,1520-6297,Agribusiness,Active,1985-2026,,Journal,Life Sciences,Social Sciences,,,,Agricultural and Biological Sciences ,,,,,,,,,"Economics, Econometrics and Finance ",,,,,,,,,,,,,Social Sciences ,,,
82,1068-2805,1068-2805,2372-2614,Agricultural and Resource Economics Review,Active,2004-2026; 1997,,Journal,Life Sciences,Social Sciences,,,,Agricultural and Biological Sciences ,,,,,,,,,"Economics, Econometrics and Finance ",,,,,,,,,,,,,,,,
83,0169-5150,0169-5150,1574-0862,Agricultural Economics (United Kingdom),Active,1986-2026,,Journal,Life Sciences,Social Sciences,,,,Agricultural and Biological Sciences ,,,,,,,,,"Economics, Econometrics and Finance ",,,,,,,,,,,,,,,,
84,,,,,,,,,,,,,,,,,,,,,,,,,,,,,,,,,,,,,,,
85,,,,,,,,,,,,,,,,,,,,,,,,,,,,,,,,,,,,,,,
86,1109-2580,1109-2580,,Agricultural Economics Review,Active,2011-2026,,Journal,Life Sciences,,,,,Agricultural and Biological Sciences ,,,,,,,,,,,,,,,,,,,,,,,,,
87,0002-1466,0002-1466,2041-6326,Agricultural Finance Review,Active,2000-2026; 1980,,Journal,Life Sciences,Social Sciences,,,,Agricultural and Biological Sciences ,,,"Business, Management and Accounting ",,,,,,"Economics, Econometrics and Finance ",,,,,,,,,,,,,,,,
88,0889-048X,0889-048X,1572-8366,Agriculture and Human Values,Active,1984-2026,,Journal,Life Sciences,Social Sciences,,,,Agricultural and Biological Sciences ,,,,,,,,,,,,,,,,,,,,,,Social Sciences ,,,
89,,,,,,,,,,,,,,,,,,,,,,,,,,,,,,,,,,,,,,,
90,0927-3379,0927-3379,1875-8339,Air and Space Law,Active,2018-2026,,Journal,,Social Sciences,,,,,,,,,,,,,,,,,,,,,,,,,,Social Sciences ,,,
91,,,,,,,,,,,,,,,,,,,,,,,,,,,,,,,,,,,,,,,
92,1944-3900,,1944-3900,AIS Transactions on Human-Computer Interaction,Active,2020-2025; 2015-2017; 2010-2011,,Journal,,,Physical Sciences,,,,,,,,,Computer Science ,,,,,,,,,,,,,,,,,,,
93,,,,,,,,,,,,,,,,,,,,,,,,,,,,,,,,,,,,,,,
94,0002-4821,0002-4821,,Alberta law review,Inactive,2000-2003; 1998; 1996; 1987; 1978-1979; 1974,,Journal,,,,Health Sciences,,,,,,,,,,,,,,,,,,Medicine ,,,,,,,,,
95,2158-5571,2158-5571,2157-6203,Algorithmic Finance,Inactive,2011-2023,,Journal,,Social Sciences,Physical Sciences,,,,,,,,,Computer Science ,,,"Economics, Econometrics and Finance ",,,,,,Mathematics ,,,,,,,,,,
96,,,,,,,,,,,,,,,,,,,,,,,,,,,,,,,,,,,,,,,
97,,,,,,,,,,,,,,,,,,,,,,,,,,,,,,,,,,,,,,,
98,1037-969X,1037-969X,2398-9084,Alternative Law Journal,Active,2002-2026,,Journal,,Social Sciences,,,,,,,,,,,,,,,,,,,,,,,,,,Social Sciences ,,,
99,0304-3754,0304-3754,2163-3150,Alternatives,Active,1975-2026,,Journal,,Social Sciences,,,,,,,,,,,,,,,,,,,,,,,,,,Social Sciences ,,,
100,,,,,,,,,,,,,,,,,,,,,,,,,,,,,,,,,,,,,,,
101,0027-9048,0027-9048,,American Bankruptcy Law Journal,Inactive,2014-2019; 1996-2011,,Journal,,Social Sciences,,,,,,,"Business, Management and Accounting ",,,,,,,,,,,,,,,,,,,Social Sciences ,,,
102,0002-7642,0002-7642,1552-3381,American Behavioral Scientist,Active,1957-2026,,Journal,,Social Sciences,,,,,,,,,,,,,,,,,,,,,,,,,Psychology ,Social Sciences ,,,
103,0002-7766,0002-7766,1744-1714,American Business Law Journal,Active,1963-2026,,Journal,,Social Sciences,,,,,,,"Business, Management and Accounting ",,,,,,,,,,,,,,,,,,,Social Sciences ,,,
104,american business review,,2689-8810,American Business Review,Active,2020-2025,,Journal,,Social Sciences,,,,,,,"Business, Management and Accounting ",,,,,,,,,,,,,,,,,,,,,,
105,1945-7782,1945-7782,1945-7790,American Economic Journal: Applied Economics,Active,2009-2026,,Journal,,Social Sciences,,,,,,,,,,,,,"Economics, Econometrics and Finance ",,,,,,,,,,,,,,,,
106,1945-7731,1945-7731,1945-774X,American Economic Journal: Economic Policy,Active,2009-2026,,Journal,,Social Sciences,,,,,,,,,,,,,"Economics, Econometrics and Finance ",,,,,,,,,,,,,,,,
107,1945-7707,1945-7707,1945-7715,American Economic Journal: Macroeconomics,Active,2009-2026,,Journal,,Social Sciences,,,,,,,,,,,,,"Economics, Econometrics and Finance ",,,,,,,,,,,,,,,,
108,1945-7669,1945-7669,1945-7685,American Economic Journal: Microeconomics,Active,2009-2026,,Journal,,Social Sciences,,,,,,,,,,,,,"Economics, Econometrics and Finance ",,,,,,,,,,,,,,,,
109,,,,,,,,,,,,,,,,,,,,,,,,,,,,,,,,,,,,,,,
110,0569-4345,0569-4345,2328-1235,American Economist,Active,1960-2026,,Journal,,Social Sciences,,,,,,,,,,,,,"Economics, Econometrics and Finance ",,,,,,,,,,,,,,,,
111,,,,,,,,,,,,,,,,,,,,,,,,,,,,,,,,,,,,,,,
112,0002-9092,0002-9092,1467-8276,American Journal of Agricultural Economics,Active,1919-2026,,Journal,Life Sciences,Social Sciences,,,,Agricultural and Biological Sciences ,,,,,,,,,"Economics, Econometrics and Finance ",,,,,,,,,,,,,,,,
113,,,,,,,,,,,,,,,,,,,,,,,,,,,,,,,,,,,,,,,
114,0002-919X,0002-919X,2326-9197,American Journal of Comparative Law,Active,1995-2026; 1992; 1990; 1985-1988; 1977-1978; 1974; 1963,,Journal,,Social Sciences,,,,,,,,,,,,,,,,,,,,,,,,,,Social Sciences ,,,
115,0002-9246,0002-9246,1536-7150,American Journal of Economics and Sociology,Active,1978-2026; 1968-1976; 1941-1966,,Journal,,Social Sciences,,,,,,,,,,,,,"Economics, Econometrics and Finance ",,,,,,,,,,,,,Social Sciences ,,,
116,1098-2140,1098-2140,1557-0878,American Journal of Evaluation,Active,1981-2026,,Journal,,Social Sciences,,,,,,,"Business, Management and Accounting ",,,,,,,,,,,,,,,,,,Psychology ,Social Sciences ,,,
117,,,,,,,,,,,,,,,,,,,,,,,,,,,,,,,,,,,,,,,
118,2332-3493,2332-3493,2332-3507,American Journal of Health Economics,Active,2015-2026,,Journal,,Social Sciences,,Health Sciences,,,,,,,,,,,"Economics, Econometrics and Finance ",,,,,,,Medicine ,,,,,,,,,
119,0092-5853,0092-5853,1540-5907,American Journal of Political Science,Active,1996-2026; 1986; 1982,,Journal,,Social Sciences,,,,,,,,,,,,,,,,,,,,,,,,,,Social Sciences ,,,
120,0090-0036,0090-0036,1541-0048,American Journal of Public Health,Active,1971-2026; 1949-1963; 1926-1927; 1916,,Journal,,,,Health Sciences,,,,,,,,,,,,,,,,,,Medicine ,,,,,,,,,
121,,,,,,,,,,,,,,,,,,,,,,,,,,,,,,,,,,,,,,,
122,0002-9602,0002-9602,1537-5390,American Journal of Sociology,Active,1964-2026; 1946-1950,,Journal,,Social Sciences,,,,,,,,,,,,,,,,,,,,,,,,,,Social Sciences ,,,
123,1465-7252,1465-7252,1465-7260,American Law and Economics Review,Inactive,2005-2023; 2001-2002,,Journal,,Social Sciences,,,,,,,,,,,,,"Economics, Econometrics and Finance ",,,,,,,,,,,,,Social Sciences ,,,
124,0003-0554,0003-0554,1537-5943,American Political Science Review,Active,1906-2026,,Journal,,Social Sciences,,,,,,,,,,,,,,,,,,,,,,,,,,Social Sciences ,,,
125,0003-066X,0003-066X,1935-990X,American Psychologist,Active,1965-2026; 1946-1954,,Journal,,Social Sciences,,,,,,,,,,,,,,,,,,,,,,,,,Psychology ,,,,
126,,,,,,,,,,,,,,,,,,,,,,,,,,,,,,,,,,,,,,,
127,0275-0740,0275-0740,1552-3357,American Review of Public Administration,Active,1987-2026; 1967-1983,,Journal,,Social Sciences,,,,,,,"Business, Management and Accounting ",,,,,,,,,,,,,,,,,,,Social Sciences ,,,
128,0003-1224,0003-1224,1939-8271,American Sociological Review,Active,1965-2026,,Journal,,Social Sciences,,,,,,,,,,,,,,,,,,,,,,,,,,Social Sciences ,,,
129,1869-814X,1869-814X,1869-8182,AMS Review,Active,2011-2026,,Journal,,Social Sciences,,,,,,,"Business, Management and Accounting ",,,,,,,,,,,,,,,,,,,,,,
130,,,,,,,,,,,,,,,,,,,,,,,,,,,,,,,,,,,,,,,
131,2213-6657,2213-6657,,Analytic Methods in Accident Research,Active,2014-2026,,Journal,,Social Sciences,,,,,,,,,,,,,,,,,,,,,,,,,,Social Sciences ,,,
132,1303-2917,1303-2917,2156-6909,Anatolia,Active,1998-2026,,Journal,,Social Sciences,Physical Sciences,,,,,,,,,,,Earth and Planetary Sciences ,,,,,,,,,,,,,,Social Sciences ,,,
133,,,,,,,,,,,,,,,,,,,,,,,,,,,,,,,,,,,,,,,
134,1748-4995,1748-4995,1748-5002,Annals of Actuarial Science,Active,2010-2026,,Journal,,Social Sciences,Physical Sciences,,,,,,,,,,Decision Sciences ,,"Economics, Econometrics and Finance ",,,,,,Mathematics ,,,,,,,,,,
135,1050-5164,1050-5164,,Annals of Applied Probability,Active,1996-2026,,Journal,,Social Sciences,Physical Sciences,,,,,,,,,,Decision Sciences ,,,,,,,,Mathematics ,,,,,,,,,,
136,1932-6157,1932-6157,1941-7330,Annals of Applied Statistics,Active,2007-2026,,Journal,,Social Sciences,Physical Sciences,,,,,,,,,,Decision Sciences ,,,,,,,,Mathematics ,,,,,,,,,,
137,1529-7373,1529-7373,,Annals of Economics and Finance,Active,2000-2025,,Journal,,Social Sciences,,,,,,,,,,,,,"Economics, Econometrics and Finance ",,,,,,,,,,,,,,,,
138,1614-2446,1614-2446,1614-2454,Annals of Finance,Active,2005-2026,,Journal,,Social Sciences,,,,,,,,,,,,,"Economics, Econometrics and Finance ",,,,,,,,,,,,,,,,
139,1174-5398,1174-5398,2159-6816,Annals of Leisure Research,Active,2008-2026,,Journal,,Social Sciences,,,,,,,"Business, Management and Accounting ",,,,,,,,,,,,,,,,,,Psychology ,Social Sciences ,,,
140,0254-5330,0254-5330,1572-9338,Annals of Operations Research,Active,1984-2026,,Journal,,Social Sciences,,,,,,,,,,,Decision Sciences ,,,,,,,,,,,,,,,,,,
141,0091-1798,0091-1798,2168-894X,Annals of Probability,Active,1996-2026; 1981,,Journal,,Social Sciences,Physical Sciences,,,,,,,,,,Decision Sciences ,,,,,,,,Mathematics ,,,,,,,,,,
142,1370-4788,1370-4788,1467-8292,Annals of Public and Cooperative Economics,Active,1948-2026; 1925-1942,,Journal,,Social Sciences,,,,,,,,,,,,,"Economics, Econometrics and Finance ",,,,,,,,,,,,,Social Sciences ,,,
143,0090-5364,0090-5364,2168-8966,Annals of Statistics,Active,1996-2026,,Journal,,Social Sciences,Physical Sciences,,,,,,,,,,Decision Sciences ,,,,,,,,Mathematics ,,,,,,,,,,
144,0002-7162,0002-7162,1552-3349,Annals of the American Academy of Political and Social Science,Active,1890-2024,,Journal,,Social Sciences,,,,,,,,,,,,,,,,,,,,,,,,,,Social Sciences ,,,
145,0020-3157,0020-3157,1572-9052,Annals of the Institute of Statistical Mathematics,Active,1959-2026; 1949-1957,,Journal,,,Physical Sciences,,,,,,,,,,,,,,,,,,Mathematics ,,,,,,,,,,
146,0160-7383,0160-7383,,Annals of Tourism Research,Active,1973-2026,,Journal,,Social Sciences,,,,,,,"Business, Management and Accounting ",,,,,,,,,,,,,,,,,,,Social Sciences ,,,
147,2666-9579,,2666-9579,Annals of Tourism Research Empirical Insights,Active,2020-2026,,Journal,,Social Sciences,,,,,,,"Business, Management and Accounting ",,,,,,,,,,,,,,,,,,,Social Sciences ,,,
148,,,,,,,,,,,,,,,,,,,,,,,,,,,,,,,,,,,,,,,
149,,,,,,,,,,,,,,,,,,,,,,,,,,,,,,,,,,,,,,,
150,1941-1383,1941-1383,1941-1391,Annual Review of Economics,Active,2010-2025,,Journal,,Social Sciences,,,,,,,,,,,,,"Economics, Econometrics and Finance ",,,,,,,,,,,,,,,,
151,1941-1367,1941-1367,1941-1375,Annual Review of Financial Economics,Active,2010-2025,,Journal,,Social Sciences,,,,,,,,,,,,,"Economics, Econometrics and Finance ",,,,,,,,,,,,,,,,
152,annual review of organizational psychology and organizational behavior,,2327-0608,Annual Review of Organizational Psychology and Organizational Behavior,Active,2014-2025,,Journal,,Social Sciences,,,,,,,"Business, Management and Accounting ",,,,,,,,,,,,,,,,,,Psychology ,,,,
153,0066-4308,0066-4308,1545-2085,Annual Review of Psychology,Active,1965-2026; 1960-1963; 1950-1958,,Journal,,Social Sciences,,,,,,,,,,,,,,,,,,,,,,,,,Psychology ,,,,
154,1941-1340,1941-1340,1941-1359,Annual Review of Resource Economics,Active,2009-2025,,Journal,,Social Sciences,,,,,,,,,,,,,"Economics, Econometrics and Finance ",,,,,,,,,,,,,,,,
155,0360-0572,0360-0572,1545-2115,Annual Review of Sociology,Active,1985-2025; 1979-1981; 1977; 1975,,Book Series,,Social Sciences,,,,,,,,,,,,,,,,,,,,,,,,,,Social Sciences ,,,
156,0003-6056,0003-6056,,Antitrust Law Journal,Inactive,1996-2016,,Journal,,Social Sciences,,,,,,,,,,,,,,,,,,,,,,,,,,Social Sciences ,,,
157,0003-603X,0003-603X,1930-7969,Antitrust Bulletin,Active,1996-2026; 1994; 1985-1987; 1979; 1972-1973,,Journal,,Social Sciences,,,,,,,,,,,,,"Economics, Econometrics and Finance ",,,,,,,,,,,,,Social Sciences ,,,
158,0195-6663,0195-6663,1095-8304,Appetite,Active,1980-2026; 1970,,Journal,,Social Sciences,,Health Sciences,,,,,,,,,,,,,,,,,,,,Nursing ,,,Psychology ,,,,
159,0888-4080,0888-4080,1099-0720,Applied Cognitive Psychology,Active,1987-2026,,Journal,,Social Sciences,,,,,Arts and Humanities ,,,,,,,,,,,,,,,,,,,,Psychology ,,,,
160,1993-7601,1993-7601,2410-6445,Applied Econometrics,Active,2006-2025,,Journal,,Social Sciences,,,,,,,,,,,,,"Economics, Econometrics and Finance ",,,,,,,,,,,,,Social Sciences ,,,
161,1578-4487,1578-4487,,Applied Econometrics and International Development,Active,2009-2024,,Journal,,Social Sciences,,,,,,,,,,,,,"Economics, Econometrics and Finance ",,,,,,,,,,,,,Social Sciences ,,,
162,2632-7627,,2632-7627,Applied Economic Analysis,Active,2019-2026,,Journal,,Social Sciences,,,,,,,,,,,,,"Economics, Econometrics and Finance ",,,,,,,,,,,,,,,,
163,2040-5804,2040-5790,2040-5804,Applied Economic Perspectives and Policy,Active,2010-2026; 1999; 1996; 1988-1989,,Journal,,Social Sciences,,,,,,,,,,,,,"Economics, Econometrics and Finance ",,,,,,,,,,,,,Social Sciences ,,,
164,0003-6846,0003-6846,1466-4283,Applied Economics,Active,1969-2026,,Journal,,Social Sciences,,,,,,,,,,,,,"Economics, Econometrics and Finance ",,,,,,,,,,,,,,,,
165,1350-4851,1350-4851,1466-4291,Applied Economics Letters,Active,1994-2026,,Journal,,Social Sciences,,,,,,,,,,,,,"Economics, Econometrics and Finance ",,,,,,,,,,,,,,,,
166,1611-6607,1611-6607,1865-5122,Applied Economics Quarterly,Inactive,2016-2023,,Journal,,Social Sciences,,,,,,,,,,,,,"Economics, Econometrics and Finance ",,,,,,,,,,,,,,,,
167,0306-2619,0306-2619,1872-9118,Applied Energy,Active,1975-2026,,Journal,,,Physical Sciences,,,,,,,,,,,,,Energy ,Engineering ,Environmental Science ,,,,,,,,,,,,,
168,,,,,,,,,,,,,,,,,,,,,,,,,,,,,,,,,,,,,,,
169,0960-3107,0960-3107,1466-4305,Applied Financial Economics,Inactive,1991-2014,,Journal,,Social Sciences,,,,,,,,,,,,,"Economics, Econometrics and Finance ",,,,,,,,,,,,,,,,
170,1175-5652,1175-5652,1179-1896,Applied Health Economics and Health Policy,Active,2008-2026; 2002-2006,,Journal,,Social Sciences,,Health Sciences,,,,,,,,,,,"Economics, Econometrics and Finance ",,,,,,,Medicine ,,,,,,,,,
171,1350-486X,1350-486X,1466-4313,Applied Mathematical Finance,Active,1999-2026; 1994-1997,,Journal,,Social Sciences,Physical Sciences,,,,,,,,,,,,"Economics, Econometrics and Finance ",,,,,,Mathematics ,,,,,,,,,,
172,0146-6216,0146-6216,1552-3497,Applied Psychological Measurement,Active,1977-2026,,Journal,,Social Sciences,,,,,,,,,,,,,,,,,,,,,,,,,Psychology ,Social Sciences ,,,
173,0269-994X,0269-994X,1464-0597,Applied Psychology,Active,1996-2026; 1961-1993; 1955,,Journal,,Social Sciences,,,,,Arts and Humanities ,,,,,,,,,,,,,,,,,,,,Psychology ,,,,
174,1871-2584,1871-2584,1871-2576,Applied Research in Quality of Life,Active,2006-2026,,Journal,,Social Sciences,,,,,,,,,,,,,,,,,,,,,,,,,,Social Sciences ,,,
175,1524-1904,1524-1904,1526-4025,Applied Stochastic Models in Business and Industry,Active,1999-2026,,Journal,,Social Sciences,Physical Sciences,,,,,,"Business, Management and Accounting ",,,,Decision Sciences ,,,,,,,,Mathematics ,,,,,,,,,,
176,,,,,,,,,,,,,,,,,,,,,,,,,,,,,,,,,,,,,,,
177,1365-7305,1365-7305,1365-7313,Aquaculture Economics and Management,Active,1997-2026,,Journal,Life Sciences,Social Sciences,Physical Sciences,,,Agricultural and Biological Sciences ,,,,,,,,,,,,Environmental Science ,,,,,,,,,,Social Sciences ,,,
178,0004-153X,0004-153X,,Arizona law review,Inactive,1999-2004; 1997; 1993-1995; 1989-1991; 1986; 1982-1983; 1975-1979,,Journal,,,,Health Sciences,,,,,,,,,,,,,,,,,,Medicine ,,,,,,,,,
179,,,,,,,,,,,,,,,,,,,,,,,,,,,,,,,,,,,,,,,
180,,,,,,,,,,,,,,,,,,,,,,,,,,,,,,,,,,,,,,,
181,2056-4945,2056-4945,2056-4953,Arts and the Market,Active,2015-2025,,Journal,,Social Sciences,,,,,Arts and Humanities ,,"Business, Management and Accounting ",,,,,,,,,,,,,,,,,,,,,,
182,,,,,,,,,,,,,,,,,,,,,,,,,,,,,,,,,,,,,,,
183,1610-2932,1610-2932,1612-1031,Asia Europe Journal,Active,2003-2026,,Journal,,Social Sciences,,,,,,,"Business, Management and Accounting ",,,,,,,,,,,,,,,,,,,Social Sciences ,,,
184,1360-2381,1360-2381,1743-792X,Asia Pacific Business Review,Active,1994-2026,,Journal,,Social Sciences,,,,,,,"Business, Management and Accounting ",,,,,,,,,,,,,,,,,,,,,,
185,,,,,,,,,,,,,,,,,,,,,,,,,,,,,,,,,,,,,,,
186,,,,,,,,,,,,,,,,,,,,,,,,,,,,,,,,,,,,,,,
187,asia pacific journal of health management,1833-3818,2204-3136,Asia Pacific Journal of Health Management,Active,2018-2025,,Journal,,,,Health Sciences,,,,,,,,,,,,,,,,,,Medicine ,,,,,,,,,Health Professions 
188,2288-5404,2288-5404,2288-6818,Asia Pacific Journal of Information Systems,Active,2018-2026,,Journal,,Social Sciences,,,,,,,,,,,Decision Sciences ,,,,,,,,,,,,,,,Social Sciences ,,,
189,0217-4561,0217-4561,1572-9958,Asia Pacific Journal of Management,Active,1983-2026,,Journal,,Social Sciences,,,,,,,"Business, Management and Accounting ",,,,,,"Economics, Econometrics and Finance ",,,,,,,,,,,,,,,,
190,1355-5855,1355-5855,1758-4248,Asia Pacific Journal of Marketing and Logistics,Active,1993-2026,,Journal,,Social Sciences,,,,,,,"Business, Management and Accounting ",,,,,,,,,,,,,,,,,,,,,,
191,,,,,,,,,,,,,,,,,,,,,,,,,,,,,,,,,,,,,,,
192,1094-1665,1094-1665,1741-6507,Asia Pacific Journal of Tourism Research,Active,2003-2026; 2000-2001; 1996,,Journal,,Social Sciences,,,,,,,"Business, Management and Accounting ",,,,,,,,,,,,,,,,,,,Social Sciences ,,,
193,1019-2557,1019-2557,1875-8444,Asia Pacific Law Review,Active,2008-2026,,Journal,,Social Sciences,,,,,,,,,,,,,,,,,,,,,,,,,,Social Sciences ,,,
194,,,,,,,,,,,,,,,,,,,,,,,,,,,,,,,,,,,,,,,
195,asia pacific sustainable development journal,2617-8400,2617-8419,Asia Pacific Sustainable Development Journal,Active,2024-2025,,Journal,,Social Sciences,Physical Sciences,,,,,,,,,,,,"Economics, Econometrics and Finance ",Energy ,,Environmental Science ,,,,,,,,,,Social Sciences ,,,
196,1387-2834,1387-2834,1573-6946,Asia-Pacific Financial Markets,Active,1996-2026,,Journal,,Social Sciences,,,,,,,,,,,,,"Economics, Econometrics and Finance ",,,,,,,,,,,,,,,,
197,1608-1625,1608-1625,2164-2257,Asia-Pacific Journal of Accounting and Economics,Active,2000-2026,,Journal,,Social Sciences,,,,,,,"Business, Management and Accounting ",,,,,,"Economics, Econometrics and Finance ",,,,,,,,,,,,,,,,
198,1757-4323,1757-4323,1757-4331,Asia-Pacific Journal of Business Administration,Active,2009-2026,,Journal,,Social Sciences,,,,,,,"Business, Management and Accounting ",,,,,,,,,,,,,,,,,,,Social Sciences ,,,
199,2041-9945,2041-9945,2041-6156,Asia-Pacific Journal of Financial Studies,Active,2006-2026,,Journal,,Social Sciences,,,,,,,,,,,,,"Economics, Econometrics and Finance ",,,,,,,,,,,,,,,,
200,1038-4111,1038-4111,1744-7941,Asia Pacific Journal of Human Resources,Active,2007-2026; 1978-1999; 1976; 1972-1974; 1970; 1966-1967,,Journal,,Social Sciences,,,,,,,"Business, Management and Accounting ",,,,,,,,,,,,,,,,,,,,,,
201,asiapacific journal of innovation in hospitality and tourism,2289-1471,2710-6519,Asia-Pacific Journal of Innovation in Hospitality and Tourism,Active,2017-2025,,Journal,,Social Sciences,Physical Sciences,,,,,,"Business, Management and Accounting ",,,,,,,,,Environmental Science ,,,,,,,,,,Social Sciences ,,,
202,,,,,,,,,,,,,,,,,,,,,,,,,,,,,,,,,,,,,,,
203,,,,,,,,,,,,,,,,,,,,,,,,,,,,,,,,,,,,,,,
204,1029-3132,1029-3132,,Asia Pacific Management Review,Active,2007-2026; 2002,,Journal,,Social Sciences,,,,,,,"Business, Management and Accounting ",,,,,,,,,,,,,,,,,,,,,,
205,,,,,,,,,,,,,,,,,,,,,,,,,,,,,,,,,,,,,,,
206,1394-2603,1394-2603,2180-4184,Asian Academy of Management Journal,Active,2011-2025,,Journal,,Social Sciences,,,,,,,"Business, Management and Accounting ",,,,,,,,,,,,,,,,,,,,,,
207,1823-4992,1823-4992,2180-4192,Asian Academy of Management Journal of Accounting and Finance,Active,2009-2025; 2006,,Journal,,Social Sciences,,,,,,,"Business, Management and Accounting ",,,,,,"Economics, Econometrics and Finance ",,,,,,,,,,,,,,,,
208,,,,,,,,,,,,,,,,,,,,,,,,,,,,,,,,,,,,,,,
209,0117-1968,0117-1968,,Asian and Pacific Migration Journal,Active,1992-2026,,Journal,,Social Sciences,,,,,,,,,,,,,,,,,,,,,,,,,,Social Sciences ,,,
210,1472-4782,1472-4782,1476-9328,Asian Business and Management,Active,2008-2026,,Journal,,Social Sciences,,,,,,,"Business, Management and Accounting ",,,,,,,,,,,,,,,,,,,Social Sciences ,,,
211,0116-1105,0116-1105,1996-7241,Asian Development Review,Active,2002-2026; 1983-2000,,Journal,,Social Sciences,,,,,,,,,,,,,"Economics, Econometrics and Finance ",,,,,,,,,,,,,Social Sciences ,,,
212,1351-3958,1351-3958,1467-8381,Asian Economic Journal,Active,1987-2026,,Journal,,Social Sciences,,,,,,,,,,,,,"Economics, Econometrics and Finance ",,,,,,,,,,,,,Social Sciences ,,,
213,1535-3516,1535-3516,1536-0083,Asian Economic Papers,Active,2008-2026,,Journal,,Social Sciences,,,,,,,,,,,,,"Economics, Econometrics and Finance ",,,,,,,,,,,,,Social Sciences ,,,
214,1832-8105,1832-8105,1748-3131,Asian Economic Policy Review,Active,2008-2026,,Journal,,Social Sciences,Physical Sciences,,,,,,,,,,,,"Economics, Econometrics and Finance ",,,Environmental Science ,,,,,,,,,,Social Sciences ,,,
215,,,,,,,,,,,,,,,,,,,,,,,,,,,,,,,,,,,,,,,
216,,,,,,,,,,,,,,,,,,,,,,,,,,,,,,,,,,,,,,,
217,,,,,,,,,,,,,,,,,,,,,,,,,,,,,,,,,,,,,,,
218,2459-9700,2459-9700,2443-4175,Asian Journal of Accounting Research,Active,2016-2026,,Journal,,Social Sciences,,,,,,,"Business, Management and Accounting ",,,,,,,,,,,,,,,,,,,,,,
219,,,,,,,,,,,,,,,,,,,,,,,,,,,,,,,,,,,,,,,
220,1985-4064,1985-4064,2180-3137,Asian Journal of Business and Accounting,Active,2008-2026,,Journal,,Social Sciences,,,,,,,"Business, Management and Accounting ",,,,,,,,,,,,,,,,,,,,,,
221,2210-6723,2210-6723,2210-6731,Asian Journal of Business Ethics,Active,2012-2026,,Journal,,Social Sciences,,,,,Arts and Humanities ,,"Business, Management and Accounting ",,,,,,"Economics, Econometrics and Finance ",,,,,,,,,,,,,Social Sciences ,,,
222,2463-4522,2463-4522,1178-8933,Asian Journal of Business Research,Active,2018-2026,,Journal,,Social Sciences,,,,,,,"Business, Management and Accounting ",,,,,,,,,,,,,,,,,,,Social Sciences ,,,
223,2044-2513,2044-2513,2044-2521,Asian Journal of International Law,Active,2011-2026,,Journal,,Social Sciences,,,,,,,,,,,,,,,,,,,,,,,,,,Social Sciences ,,,
224,0972-8201,0972-8201,0973-0621,Asian Journal of Management Cases,Active,2004-2026,,Journal,,Social Sciences,,,,,,,"Business, Management and Accounting ",,,,,,,,,,,,,,,,,,,,,,
225,,,,,,,,,,,,,,,,,,,,,,,,,,,,,,,,,,,,,,,
226,0218-5377,0218-5377,1750-7812,Asian Journal of Political Science,Active,1993-2026,,Journal,,Social Sciences,,,,,,,,,,,,,,,,,,,,,,,,,,Social Sciences ,,,
227,1568-4849,1568-4849,1568-5314,Asian Journal of Social Science,Active,2000-2026; 1973-1995,,Journal,,Social Sciences,,,,,,,,,,,,,,,,,,,,,,,,,,Social Sciences ,,,
228,1744-1730,1744-1730,1744-1749,Asian Population Studies,Active,2006-2026,,Journal,,Social Sciences,,,,,,,,,,,,,,,,,,,,,,,,,,Social Sciences ,,,
229,1758-8863,1321-7348,1758-8863,Asian Review of Accounting,Active,1994-2026; 1992,,Journal,,Social Sciences,,,,,,,"Business, Management and Accounting ",,,,,,"Economics, Econometrics and Finance ",,,,,,,,,,,,,,,,
230,0004-4687,0004-4687,1533-838X,Asian Survey,Active,1970-2026,,Journal,,Social Sciences,,,,,,,,,,,,,,,,,,,,,,,,,,Social Sciences ,,,
231,0818-9935,0818-9935,1467-8411,Asian-Pacific Economic Literature,Active,1987-2026,,Journal,,Social Sciences,,,,,,,,,,,,,"Economics, Econometrics and Finance ",,,,,,,,,,,,,Social Sciences ,,,
232,,,,,,,,,,,,,,,,,,,,,,,,,,,,,,,,,,,,,,,
233,,,,,,,,,,,,,,,,,,,,,,,,,,,,,,,,,,,,,,,
234,1863-8171,1863-8171,1863-818X,AStA Advances in Statistical Analysis,Active,2008-2026,,Journal,,Social Sciences,Physical Sciences,,,,,,,,,,,,"Economics, Econometrics and Finance ",,,,,,Mathematics ,,,,,,,Social Sciences ,,,
235,0515-0361,0515-0361,1783-1350,ASTIN Bulletin,Active,1984-2026; 1977-1982; 1971-1975; 1958-1969,,Journal,,Social Sciences,,,,,,,"Business, Management and Accounting ",,,,,,"Economics, Econometrics and Finance ",,,,,,,,,,,,,,,,
236,1543-866X,,1543-866X,ATA Journal of Legal Tax Research,Active,2018-2025; 2011-2016,,Journal,,Social Sciences,,,,,,,"Business, Management and Accounting ",,,,,,"Economics, Econometrics and Finance ",,,,,,,,,,,,,Social Sciences ,,,
237,0197-4254,0197-4254,1573-9678,Atlantic Economic Journal,Active,1973-2026,,Journal,,Social Sciences,,,,,,,,,,,,,"Economics, Econometrics and Finance ",,,,,,,,,,,,,,,,
238,,,,,,,,,,,,,,,,,,,,,,,,,,,,,,,,,,,,,,,
239,,,,,,,,,,,,,,,,,,,,,,,,,,,,,,,,,,,,,,,
240,0278-0380,0278-0380,1558-7991,Auditing,Active,1996-2026,,Journal,,Social Sciences,,,,,,,"Business, Management and Accounting ",,,,,,"Economics, Econometrics and Finance ",,,,,,,,,,,,,,,,
241,1834-2000,1834-2000,1834-2019,"Australasian Accounting, Business and Finance Journal",Active,2014-2026,,Journal,,Social Sciences,,,,,,,"Business, Management and Accounting ",,,,,,"Economics, Econometrics and Finance ",,,,,,,,,,,,,,,,
242,,,,,,,,,,,,,,,,,,,,,,,,,,,,,,,,,,,,,,,
243,,,,,,,,,,,,,,,,,,,,,,,,,,,,,,,,,,,,,,,
244,,,,,,,,,,,,,,,,,,,,,,,,,,,,,,,,,,,,,,,
245,1449-8618,1449-8618,1326-2238,Australasian Journal of Information Systems,Active,2009-2025; 2007; 2005; 1996,,Journal,,Social Sciences,Physical Sciences,,,,,,"Business, Management and Accounting ",,,Computer Science ,Decision Sciences ,,,,,,,,,,,,,,,,,,
246,1320-5323,1320-5323,,Australasian Journal of Natural Resources Law and Policy,Inactive,2008-2013,,Journal,,,Physical Sciences,,,,,,,,,,,,,,,Environmental Science ,,,,,,,,,,,,,
247,australasian journal of regional studies,1030-7923,,Australasian Journal of Regional Studies,Active,2016-2024; 2014,,Journal,,Social Sciences,Physical Sciences,,,,,,,,,,,,"Economics, Econometrics and Finance ",,,Environmental Science ,,,,,,,,,,Social Sciences ,,,
248,1440-6381,1440-6381,1741-6612,Australasian Journal on Ageing,Active,1998-2026,,Journal,,,,Health Sciences,,,,,,,,,,,,,,,,,,Medicine ,,Nursing ,,,,,,,
249,1441-3582,1441-3582,1839-3349,Australasian Marketing Journal,Active,2003-2026,,Journal,,Social Sciences,,,,,,,"Business, Management and Accounting ",,,,,,"Economics, Econometrics and Finance ",,,,,,,,,,,,,,,,
250,1035-6908,1035-6908,1835-2561,Australian Accounting Review,Active,1991-2026,,Journal,,Social Sciences,,,,,,,"Business, Management and Accounting ",,,,,,,,,,,,,,,,,,,,,,
251,0004-8658,0004-8658,1837-9273,Australian and New Zealand Journal of Criminology,Inactive,1990-2020; 1968-1988,,Journal,,Social Sciences,,Health Sciences,,,,,,,,,,,,,,,,,,Medicine ,,,,,,Social Sciences ,,,
252,1369-1473,1369-1473,1467-842X,Australian and New Zealand Journal of Statistics,Active,1998-2026,,Journal,,Social Sciences,Physical Sciences,,,,,,,,,,Decision Sciences ,,,,,,,,Mathematics ,,,,,,,,,,
253,,,,,,,,,,,,,,,,,,,,,,,,,,,,,,,,,,,,,,,
254,,,,,,,,,,,,,,,,,,,,,,,,,,,,,,,,,,,,,,,
255,1321-7844,1321-7844,,Australian Commodities,Inactive,1996-2011,,Trade Journal,,Social Sciences,,,,,,,"Business, Management and Accounting ",,,,,,,,,,,,,,,,,,,,,,
256,,,2832-157X,Asia-Pacific Economic History Review,Active,2023-2026,,Journal,,Social Sciences,,,,,Arts and Humanities ,,,,,,,,"Economics, Econometrics and Finance ",,,,,,,,,,,,,,,,
257,0004-900X,0004-900X,1467-8454,Australian Economic Papers,Active,2008-2026; 2006; 2001; 1999; 1962-1997,,Journal,,Social Sciences,,,,,,,,,,,,,"Economics, Econometrics and Finance ",,,,,,,,,,,,,,,,
258,,,,,,,,,,,,,,,,,,,,,,,,,,,,,,,,,,,,,,,
259,,,,,,,,,,,,,,,,,,,,,,,,,,,,,,,,,,,,,,,
260,,,,,,,,,,,,,,,,,,,,,,,,,,,,,,,,,,,,,,,
261,1443-0738,1443-0738,1839-4191,Australian Journal of Asian Law,Active,2022-2025; 2019-2020,,Journal,,Social Sciences,,,,,,,,,,,,,,,,,,,,,,,,,,Social Sciences ,,,
262,1038-4162,1038-4162,2200-6974,Australian Journal of Career Development,Active,2012-2026,,Journal,,Social Sciences,,,,,,,"Business, Management and Accounting ",,,,,,,,,,,,,,,,,,,Social Sciences ,,,
263,,,,,,,,,,,,,,,,,,,,,,,,,,,,,,,,,,,,,,,
264,,,,,,,,,,,,,,,,,,,,,,,,,,,,,,,,,,,,,,,
265,0814-0626,0814-0626,2049-775X,Australian Journal of Environmental Education,Active,2001-2026; 1984-1999,,Journal,,Social Sciences,Physical Sciences,,,,,,,,,,,,,,,Environmental Science ,,,,,,,,,,Social Sciences ,,,
266,1323-238X,1323-238X,2573-573X,Australian Journal of Human Rights,Active,1996-2026; 1994,,Journal,,Social Sciences,,,,,Arts and Humanities ,,,,,,,,,,,,,,,,,,,,,Social Sciences ,,,
267,1035-7718,1035-7718,1465-332X,Australian Journal of International Affairs,Active,1990-2026,,Journal,,Social Sciences,,,,,,,,,,,,,,,,,,,,,,,,,,Social Sciences ,,,
268,,,,,,,,,,,,,,,,,,,,,,,,,,,,,,,,,,,,,,,
269,,,,,,,,,,,,,,,,,,,,,,,,,,,,,,,,,,,,,,,
270,0312-8962,0312-8962,1327-2020,Australian Journal of Management,Active,1976-2026,,Journal,,Social Sciences,,,,,,,"Business, Management and Accounting ",,,,,,,,,,,,,,,,,,,,,,
271,1036-1146,1036-1146,1363-030X,Australian Journal of Political Science,Active,1990-2026,,Journal,,Social Sciences,,,,,,,,,,,,,,,,,,,,,,,,,,Social Sciences ,,,
272,0313-6647,0313-6647,1467-8500,Australian Journal of Public Administration,Active,1937-2026,,Journal,,Social Sciences,,,,,,,,,,,,,,,,,,,,,,,,,,Social Sciences ,,,
273,0004-9611,0004-9611,,Australian Law Journal,Inactive,2013; 1996; 1993; 1986-1988; 1976-1978; 1974,,Journal,,Social Sciences,,,,,,,,,,,,,,,,,,,,,,,,,,Social Sciences ,,,
274,,,,,,,,,,,,,,,,,,,,,,,,,,,,,,,,,,,,,,,
275,0005-0067,0005-0067,1742-9544,Australian Psychologist,Active,1966-2026,,Journal,,Social Sciences,,,,,Arts and Humanities ,,,,,,,,,,,,,,,,,,,,Psychology ,,,,
276,,,,,,,,,,,,,,,,,,,,,,,,,,,,,,,,,,,,,,,
277,,,,,,,,,,,,,,,,,,,,,,,,,,,,,,,,,,,,,,,
278,,,,,,,,,,,,,,,,,,,,,,,,,,,,,,,,,,,,,,,
279,,,,,,,,,,,,,,,,,,,,,,,,,,,,,,,,,,,,,,,
280,1406-099X,1406-099X,2334-4385,Baltic Journal of Economics,Active,2008-2026,,Journal,,Social Sciences,,,,,,,,,,,,,"Economics, Econometrics and Finance ",,,,,,,,,,,,,Social Sciences ,,,
281,1746-5265,1746-5265,1746-5273,Baltic Journal of Management,Active,2006-2026,,Journal,,Social Sciences,,,,,,,"Business, Management and Accounting ",,,,,,,,,,,,,,,,,,,,,,
282,,,,,,,,,,,,,,,,,,,,,,,,,,,,,,,,,,,,,,,
283,,,,,,,,,,,,,,,,,,,,,,,,,,,,,,,,,,,,,,,
284,0005-5506,0005-5506,,Banking Law Journal,Active,2025-2026; 2018-2023; 1996-2012,,Journal,,Social Sciences,,,,,,,"Business, Management and Accounting ",,,,,,"Economics, Econometrics and Finance ",,,,,,,,,,,,,Social Sciences ,,,
285,0197-3533,0197-3533,1532-4834,Basic and Applied Social Psychology,Active,1980-2026,,Journal,,Social Sciences,,,,,,,,,,,,,,,,,,,,,,,,,Psychology ,,,,
286,2194-6094,2194-6094,1932-0183,Basic Income Studies,Active,2013-2026; 2009-2011; 2006,,Journal,,Social Sciences,,,,,,,,,,,,,"Economics, Econometrics and Finance ",,,,,,,,,,,,,,,,
287,1936-0975,1936-0975,1931-6690,Bayesian Analysis,Active,2006-2026,,Journal,,,Physical Sciences,,,,,,,,,,,,,,,,,,Mathematics ,,,,,,,,,,
288,1050-4753,1050-4753,1558-8009,Behavioral Research in Accounting,Active,2006-2026; 2002-2003,,Journal,,Social Sciences,,,,,,,"Business, Management and Accounting ",,,,,,,,,,,,,,,,,,,,,,
289,0144-929X,0144-929X,1362-3001,Behaviour and Information Technology,Active,1982-2026,,Journal,,Social Sciences,Physical Sciences,,,,Arts and Humanities ,,,,,Computer Science ,,,,,,,,,,,,,,,Psychology ,Social Sciences ,,,
290,1463-5771,1463-5771,1758-4094,Benchmarking,Active,1999-2026,,Journal,,Social Sciences,,,,,,,"Business, Management and Accounting ",,,,,,,,,,,,,,,,,,,,,,
291,,,,,,,,,,,,,,,,,,,,,,,,,,,,,,,,,,,,,,,
292,,,,,,,,,,,,,,,,,,,,,,,,,,,,,,,,,,,,,,,
293,1350-7265,1350-7265,,Bernoulli,Active,1995-2026,,Journal,,,Physical Sciences,,,,,,,,,,,,,,,,,,Mathematics ,,,,,,,,,,
294,0340-5370,0340-5370,,Betriebswirtschaftliche Forschung und Praxis,Inactive,1996-2021; 1989; 1977; 1974-1975,,Journal,,Social Sciences,,,,,,,"Business, Management and Accounting ",,,,,,"Economics, Econometrics and Finance ",,,,,,,,,,,,,,,,
295,2280-6180,2280-6180,2280-6172,Bio-based and Applied Economics,Active,2012-2025,,Journal,Life Sciences,Social Sciences,Physical Sciences,,,Agricultural and Biological Sciences ,,,,,,,,,"Economics, Econometrics and Finance ",,,Environmental Science ,,,,,,,,,,,,,
296,1367-4803,1367-4803,1367-4811,Bioinformatics,Active,1985-2026,,Journal,Life Sciences,,Physical Sciences,,,,,"Biochemistry, Genetics and Molecular Biology ",,,,Computer Science ,,,,,,,,,Mathematics ,,,,,,,,,,
297,0323-3847,0323-3847,1521-4036,Biometrical Journal,Active,1977-2026; 1970; 1966-1967; 1964; 1959,,Journal,,Social Sciences,Physical Sciences,,,,,,,,,,Decision Sciences ,,,,,,,,Mathematics ,,,,,,,,,,
298,0006-3444,0006-3444,1464-3510,Biometrika,Active,1964-2026; 1947-1951; 1945; 1917; 1908-1913,,Journal,Life Sciences,Social Sciences,Physical Sciences,,,Agricultural and Biological Sciences ,,,,,,,Decision Sciences ,,,,,,,,Mathematics ,,,,,,,,,,
299,1465-4644,1465-4644,1468-4357,Biostatistics,Active,2001-2026,,Journal,,Social Sciences,Physical Sciences,Health Sciences,,,,,,,,,Decision Sciences ,,,,,,,,Mathematics ,Medicine ,,,,,,,,,
300,,,,,,,,,,,,,,,,,,,,,,,,,,,,,,,,,,,,,,,
301,2214-8450,2214-8450,2214-8469,Borsa Istanbul Review,Active,2013-2026,,Journal,,Social Sciences,,,,,,,,,,,,,"Economics, Econometrics and Finance ",,,,,,,,,,,,,,,,
302,0006-8047,0006-8047,,Boston University Law Review,Active,1996-2025; 1994; 1992; 1989-1990; 1987; 1973-1977,,Journal,,Social Sciences,,,,,,,,,,,,,,,,,,,,,,,,,,Social Sciences ,,,
303,,,,,,,,,,,,,,,,,,,,,,,,,,,,,,,,,,,,,,,
304,,,,,,,,,,,,,,,,,,,,,,,,,,,,,,,,,,,,,,,
305,0103-2003,0103-2003,,Revista de Economia e Sociologia Rural,Active,2006-2026,,Journal,Life Sciences,Social Sciences,,,,Agricultural and Biological Sciences ,,,,,,,,,"Economics, Econometrics and Finance ",,,,,,,,,,,,,Social Sciences ,,,
306,,,,,,,,,,,,,,,,,,,,,,,,,,,,,,,,,,,,,,,
307,0890-8389,0890-8389,1095-8347,British Accounting Review,Active,1988-2026,,Journal,,Social Sciences,,,,,,,"Business, Management and Accounting ",,,,,,,,,,,,,,,,,,,,,,
308,1357-3217,1357-3217,2044-0456,British Actuarial Journal,Active,2018-2026,,Journal,,Social Sciences,Physical Sciences,,,,,,,,,,Decision Sciences ,,"Economics, Econometrics and Finance ",,,,,,Mathematics ,,,,,,,,,,
309,0007-070X,0007-070X,1758-4108,British Food Journal,Active,1899-2026,,Journal,Life Sciences,,,,,Agricultural and Biological Sciences ,,,,,,,,,,,,,,,,,,,,,,,,,
310,0007-1013,0007-1013,1467-8535,British Journal of Educational Technology,Active,1970-2026,,Journal,,Social Sciences,,,,,,,,,,,,,,,,,,,,,,,,,,Social Sciences ,,,
311,1358-0574,1358-0574,1759-7382,British Journal of Health Care Management,Active,2006-2026; 1999,,Journal,,,,Health Sciences,,,,,,,,,,,,,,,,,,Medicine ,,Nursing ,,,,,,,
312,0007-1080,0007-1080,1467-8543,British Journal of Industrial Relations,Active,1970-2026; 1967-1968; 1965; 1963,,Journal,,Social Sciences,,,,,,,"Business, Management and Accounting ",,,,,,,,,,,,,,,,,,,,,,
313,1045-3172,1045-3172,1467-8551,British Journal of Management,Active,1990-2026,,Journal,,Social Sciences,,,,,,,"Business, Management and Accounting ",,,,,,,,,,,,,,,,,,,,,,
314,0007-1102,0007-1102,2044-8317,British Journal of Mathematical and Statistical Psychology,Active,1965-2026,,Journal,,Social Sciences,Physical Sciences,,,,Arts and Humanities ,,,,,,,,,,,,,,Mathematics ,,,,,,Psychology ,,,,
315,0007-1234,0007-1234,1469-2112,British Journal of Political Science,Active,1971-2026,,Journal,,Social Sciences,,,,,,,,,,,,,,,,,,,,,,,,,,Social Sciences ,,,
316,0144-6665,0144-6665,2044-8309,British Journal of Social Psychology,Active,1981-2026,,Journal,,Social Sciences,,,,,,,,,,,,,,,,,,,,,,,,,Psychology ,,,,
317,0007-1315,0007-1315,1468-4446,British Journal of Sociology,Active,1987-2026; 1979-1984; 1965-1977,,Journal,,Social Sciences,,,,,,,,,,,,,,,,,,,,,,,,,,Social Sciences ,,,
318,0007-1870,0007-1870,,British Tax Review,Active,2019-2025,,Journal,,Social Sciences,,,,,,,"Business, Management and Accounting ",,,,,,"Economics, Econometrics and Finance ",,,,,,,,,,,,,Social Sciences ,,,
319,0007-2303,0007-2303,1533-4465,Brookings Papers on Economic Activity,Active,2026; 1996-2024; 1990-1992,,Journal,,Social Sciences,,,,,,,"Business, Management and Accounting ",,,,,,"Economics, Econometrics and Finance ",,,,,,,,,,,,,,,,
320,,,,,,,,,,,,,,,,,,,,,,,,,,,,,,,,,,,,,,,
321,0961-3218,0961-3218,1466-4321,Building Research and Information,Active,1991-2026,,Journal,,,Physical Sciences,,,,,,,,,,,,,,Engineering ,,,,,,,,,,,,,,
322,2044-124X,2044-124X,2044-1258,Built Environment Project and Asset Management,Active,2011-2026,,Journal,,Social Sciences,Physical Sciences,,,,,,,,,,,,,,Engineering ,,,,,,,,,,,Social Sciences ,,,
323,1819-5490,1819-5490,2352-9202,Bulletin for International Taxation,Active,2019-2026,,Journal,,Social Sciences,,,,,,,"Business, Management and Accounting ",,,,,,"Economics, Econometrics and Finance ",,,,,,,,,,,,,Social Sciences ,,,
324,,,,,,,,,,,,,,,,,,,,,,,,,,,,,,,,,,,,,,,
325,,,,,,,,,,,,,,,,,,,,,,,,,,,,,,,,,,,,,,,
326,0307-3378,0307-3378,1467-8586,Bulletin of Economic Research,Active,1948-2026,,Journal,,Social Sciences,,,,,,,,,,,,,"Economics, Econometrics and Finance ",,,,,,,,,,,,,,,,
327,0007-4918,0007-4918,1472-7234,Bulletin of Indonesian Economic Studies,Active,1965-2026,,Journal,,Social Sciences,,,,,,,,,,,,,"Economics, Econometrics and Finance ",,,,,,,,,,,,,Social Sciences ,,,
328,1410-8046,1410-8046,2460-9196,Buletin Ekonomi Moneter dan Perbankan/Monetary and banking economics bulletin,Active,2016-2026,,Journal,,Social Sciences,,,,,,,,,,,,,"Economics, Econometrics and Finance ",,,,,,,,,,,,,,,,
329,,,,,,,,,,,,,,,,,,,,,,,,,,,,,,,,,,,,,,,
330,2363-7005,2363-7005,1867-0202,Business and Information Systems Engineering,Active,2009-2026,,Journal,,,Physical Sciences,,,,,,,,,Computer Science ,,,,,,,,,,,,,,,,,,,
331,,,,,,,,,,,,,,,,,,,,,,,,,,,,,,,,,,,,,,,
332,,,,,,,,,,,,,,,,,,,,,,,,,,,,,,,,,,,,,,,
333,2057-0198,2057-0198,2057-0201,Business and Human Rights Journal,Active,2016-2026,,Journal,,Social Sciences,,,,,,,"Business, Management and Accounting ",,,,,,,,,,,,,,,,,,,Social Sciences ,,,
334,1369-5258,1469-3569,1369-5258,Business and Politics,Active,2004-2026; 1999-2000,,Journal,,Social Sciences,,,,,,,"Business, Management and Accounting ",,,,,,,,,,,,,,,,,,,Social Sciences ,,,
335,2329-4906,2329-4906,2329-4922,Business and Professional Communication Quarterly,Active,2015-2026,,Journal,,Social Sciences,,,,,Arts and Humanities ,,"Business, Management and Accounting ",,,,,,"Economics, Econometrics and Finance ",,,,,,,,,,,,,,,,
336,0277-2027,0277-2027,2153-7828,Business and Professional Ethics Journal,Active,2018-2025; 2012; 2006-2007; 2001-2002; 1998-1999; 1996; 1990-1993; 1985; 1979,,Journal,,Social Sciences,,,,,Arts and Humanities ,,"Business, Management and Accounting ",,,,,,"Economics, Econometrics and Finance ",,,,,,,,,,,,,,,,
337,0007-6503,0007-6503,1552-4205,Business and Society,Active,1983-2026; 1980-1981; 1960-1978,,Journal,,Social Sciences,,,,,,,"Business, Management and Accounting ",,,,,,,,,,,,,,,,,,,Social Sciences ,,,
338,0045-3609,0045-3609,1467-8594,Business and Society Review,Active,2005-2026; 2002; 1999,,Journal,,Social Sciences,,,,,,,"Business, Management and Accounting ",,,,,,,,,,,,,,,,,,,Social Sciences ,,,
339,,,,,,,,,,,,,,,,,,,,,,,,,,,,,,,,,,,,,,,
340,0007-666X,0007-666X,1554-432X,Business Economics,Active,2006-2026; 1997; 1987,,Journal,,Social Sciences,,,,,,,"Business, Management and Accounting ",,,,,,"Economics, Econometrics and Finance ",,,,,,,,,,,,,,,,
341,2520-6761,2520-6761,2520-6311,Business Ethics and Leadership,Active,2019-2026,,Journal,,Social Sciences,,Health Sciences,,,,,"Business, Management and Accounting ",,,,Decision Sciences ,,,,,,,,,,,Nursing ,,,,Social Sciences ,,,
342,1052-150X,1052-150X,2153-3326,Business Ethics Quarterly,Active,1996-2026; 1993,,Journal,,Social Sciences,,,,,Arts and Humanities ,,"Business, Management and Accounting ",,,,,,"Economics, Econometrics and Finance ",,,,,,,,,,,,,,,,
343,0962-8770,0962-8770,1467-8608,Business Ethics,Inactive,2010-2021; 2007-2008; 2001; 1999; 1997; 1992-1995,,Journal,,Social Sciences,,,,,,,"Business, Management and Accounting ",,,,,,"Economics, Econometrics and Finance ",,,,,,,,,,,,,,,,
344,0007-6791,0007-6791,1743-7938,Business History,Active,1958-2026,,Journal,,Social Sciences,,,,,Arts and Humanities ,,"Business, Management and Accounting ",,,,,,,,,,,,,,,,,,,,,,
345,0007-6805,0007-6805,2044-768X,Business History Review,Active,1926-2026,,Journal,,Social Sciences,,,,,Arts and Humanities ,,"Business, Management and Accounting ",,,,,,,,,,,,,,,,,,,,,,
346,0007-6813,0007-6813,,Business Horizons,Active,1957-2026,,Journal,,Social Sciences,,,,,,,"Business, Management and Accounting ",,,,,,,,,,,,,,,,,,,,,,
347,,,,,,,,,,,,,,,,,,,,,,,,,,,,,,,,,,,,,,,
348,,,,,,,,,,,,,,,,,,,,,,,,,,,,,,,,,,,,,,,
349,2394-9937,2278-5337,2394-9937,Business Perspectives and Research,Active,2012-2026,,Journal,,Social Sciences,,,,,,,"Business, Management and Accounting ",,,,,,,,,,,,,,,,,,,,,,
350,1463-7154,1463-7154,1758-4116,Business Process Management Journal,Active,1997-2026,,Journal,,Social Sciences,,,,,,,"Business, Management and Accounting ",,,,,,,,,,,,,,,,,,,,,,
351,2340-9436,2340-9436,2340-9444,BRQ Business Research Quarterly,Active,2014-2025,,Journal,,Social Sciences,,,,,,,"Business, Management and Accounting ",,,,,,"Economics, Econometrics and Finance ",,,,,,,,,,,,,,,,
352,0964-4733,0964-4733,1099-0836,Business Strategy and the Environment,Active,1992-2026,,Journal,,Social Sciences,Physical Sciences,,,,,,"Business, Management and Accounting ",,,,,,,,,Environmental Science ,,,,,,,,,,Social Sciences ,,,
353,0955-6419,0955-6419,1467-8616,Business Strategy Review,Inactive,1990-2014,,Journal,,Social Sciences,,,,,,,"Business, Management and Accounting ",,,,,,"Economics, Econometrics and Finance ",,,,,,,,,,,,,,,,
354,,,,,,,,,,,,,,,,,,,,,,,,,,,,,,,,,,,,,,,
355,0008-1256,0008-1256,2162-8564,California Management Review,Active,1970-2026,,Journal,,Social Sciences,,,,,,,"Business, Management and Accounting ",,,,,,,,,,,,,,,,,,,,,,
356,0309-166X,0309-166X,1464-3545,Cambridge Journal of Economics,Active,1977-2026,,Journal,,Social Sciences,,,,,,,,,,,,,"Economics, Econometrics and Finance ",,,,,,,,,,,,,,,,
357,1752-1378,1752-1378,1752-1386,"Cambridge Journal of Regions, Economy and Society",Active,2008-2026,,Journal,,Social Sciences,,,,,,,,,,,,,"Economics, Econometrics and Finance ",,,,,,,,,,,,,Social Sciences ,,,
358,0008-1973,0008-1973,1469-2139,Cambridge Law Journal,Active,2000-2026; 1941-1998; 1921-1939,,Journal,,Social Sciences,,,,,,,,,,,,,,,,,,,,,,,,,,Social Sciences ,,,
359,,,,,,,,,,,,,,,,,,,,,,,,,,,,,,,,,,,,,,,
360,,,,,,,,,,,,,,,,,,,,,,,,,,,,,,,,,,,,,,,
361,0825-0383,0825-0383,1936-4490,Canadian Journal of Administrative Sciences,Active,1996-2026; 1992; 1984-1990,,Journal,,Social Sciences,,,,,,,"Business, Management and Accounting ",,,,,,,,,,,,,,,,,,,Social Sciences ,,,
362,0008-3976,0008-3976,1744-7976,Canadian Journal of Agricultural Economics,Active,1952-2026,,Journal,Life Sciences,Social Sciences,Physical Sciences,,,Agricultural and Biological Sciences ,,,,,,,,,"Economics, Econometrics and Finance ",,,Environmental Science ,,,,,,,,,,,,,
363,0225-5189,0225-5189,2158-9100,Canadian Journal of Development Studies,Active,1980-2026,,Journal,,Social Sciences,,,,,,,,,,,,,,,,,,,,,,,,,,Social Sciences ,,,
364,0008-4085,0008-4085,1540-5982,Canadian Journal of Economics,Active,1979-2026; 1977,,Journal,,Social Sciences,,,,,,,,,,,,,"Economics, Econometrics and Finance ",,,,,,,,,,,,,,,,
365,,,,,,,,,,,,,,,,,,,,,,,,,,,,,,,,,,,,,,,
366,0319-5724,0319-5724,1708-945X,Canadian Journal of Statistics,Active,1973-2026,,Journal,,Social Sciences,Physical Sciences,,,,,,,,,,Decision Sciences ,,,,,,,,Mathematics ,,,,,,,,,,
367,0317-0861,0317-0861,,Canadian Public Policy,Active,1989-2025; 1984; 1978-1980,,Journal,,Social Sciences,,,,,,,,,,,,,,,,,,,,,,,,,,Social Sciences ,,,
368,0008-5111,0008-5111,,Canadian Tax Journal,Active,2020-2026,,Journal,,Social Sciences,,,,,,,"Business, Management and Accounting ",,,,,,"Economics, Econometrics and Finance ",,,,,,,,,,,,,Social Sciences ,,,
369,,,,,,,,,,,,,,,,,,,,,,,,,,,,,,,,,,,,,,,
370,0112-0581,0112-0581,,Canterbury Law Review,Active,2023-2025; 2019-2021,,Journal,,Social Sciences,,,,,,,,,,,,,,,,,,,,,,,,,,Social Sciences ,,,
371,0309-8168,0309-8168,2041-0980,Capital and Class,Active,1977-2026,,Journal,,Social Sciences,,,,,Arts and Humanities ,,,,,,,,"Economics, Econometrics and Finance ",,,,,,,,,,,,,Social Sciences ,,,
372,1750-7219,1750-7219,1750-7227,Capital Markets Law Journal,Active,2014-2026; 2006,,Journal,,Social Sciences,,,,,,,,,,,,,"Economics, Econometrics and Finance ",,,,,,,,,,,,,Social Sciences ,,,
373,,,,,,,,,,,,,,,,,,,,,,,,,,,,,,,,,,,,,,,
374,1932-0213,2194-6140,1932-0213,Capitalism and Society,Active,2021-2024; 2014-2017; 2009-2012,,Journal,,Social Sciences,,,,,Arts and Humanities ,,,,,,,,"Economics, Econometrics and Finance ",,,,,,,,,,,,,Social Sciences ,,,
375,,2165-1434,2165-1442,Career Development and Transition for Exceptional Individuals,Active,2015-2026,,Journal,,Social Sciences,,,,,,,"Business, Management and Accounting ",,,,,,,,,,,,,,,,,,,Social Sciences ,,,
376,1362-0436,1362-0436,1758-6003,Career Development International,Active,1996-2026,,Journal,,Social Sciences,,,,,,,"Business, Management and Accounting ",,,,,,,,,,,,,,,,,,,Social Sciences ,,,
377,2213-624X,2213-624X,2213-6258,Case Studies on Transport Policy,Active,2013-2026,,Journal,,Social Sciences,,,,,,,,,,,,,,,,,,,,,,,,,,Social Sciences ,,,
378,,,,,,,,,,,,,,,,,,,,,,,,,,,,,,,,,,,,,,,
379,1303-0701,1303-0701,2524-1699,Central Bank Review,Active,2016-2026,,Journal,,Social Sciences,,,,,,,,,,,,,"Economics, Econometrics and Finance ",,,,,,,,,,,,,,,,
380,2080-0886,2080-0886,2080-119X,Central European Journal of Economic Modelling and Econometrics,Active,2017-2025,,Journal,,Social Sciences,Physical Sciences,,,,,,,,,,,,"Economics, Econometrics and Finance ",,,,,,Mathematics ,,,,,,,,,,
381,1435-246X,1435-246X,1613-9178,Central European Journal of Operations Research,Active,2006-2026,,Journal,,Social Sciences,,,,,,,,,,,Decision Sciences ,,,,,,,,,,,,,,,,,,
382,1610-241X,1610-241X,1612-7501,CESifo Economic Studies,Active,2005-2024; 2003,,Journal,,Social Sciences,,,,,,,,,,,,,"Economics, Econometrics and Finance ",,,,,,,,,,,,,Social Sciences ,,,
383,,,,,,,,,,,,,,,,,,,,,,,,,,,,,,,,,,,,,,,
384,0718-7912,0718-7912,0718-7920,Chilean Journal of Statistics,Active,2019-2025,,Journal,,,Physical Sciences,,,,,,,,,,,,,,,,,,Mathematics ,,,,,,,,,,
385,1029-807X,1029-807X,2307-3055,China Accounting and Finance Review,Active,2025-2026; 2022,,Journal,,Social Sciences,,,,,,,"Business, Management and Accounting ",,,,,,"Economics, Econometrics and Finance ",,,,,,,,,,,,,,,,
386,1756-137X,1756-137X,1756-1388,China Agricultural Economic Review,Active,2008-2026,,Journal,Life Sciences,Social Sciences,,,,Agricultural and Biological Sciences ,,,,,,,,,"Economics, Econometrics and Finance ",,,,,,,,,,,,,,,,
387,1671-2234,1671-2234,1749-124X,China and World Economy,Active,2006-2026,,Journal,,Social Sciences,,,,,,,,,,,,,"Economics, Econometrics and Finance ",,,,,,,,,,,,,,,,
388,1753-8963,1753-8963,1753-8971,China Economic Journal,Active,2010-2026,,Journal,,Social Sciences,,,,,,,,,,,,,"Economics, Econometrics and Finance ",,,,,,,,,,,,,Social Sciences ,,,
389,2666-9331,,2666-9331,China Economic Quarterly International,Active,2021-2026,,Journal,,Social Sciences,,,,,,,,,,,,,"Economics, Econometrics and Finance ",,,,,,,,,,,,,Social Sciences ,,,
390,1043-951X,1043-951X,,China Economic Review,Active,1989-2026,,Journal,,Social Sciences,,,,,,,,,,,,,"Economics, Econometrics and Finance ",,,,,,,,,,,,,,,,
391,2044-1398,2044-1398,2044-1401,China Finance Review International,Active,2011-2026,,Journal,,Social Sciences,,,,,,,,,,,,,"Economics, Econometrics and Finance ",,,,,,,,,,,,,,,,
392,0920-203X,0920-203X,1741-590X,China Information,Active,1986-2026,,Journal,,Social Sciences,,,,,Arts and Humanities ,,,,,,,,"Economics, Econometrics and Finance ",,,,,,,,,,,,,Social Sciences ,,,
393,1755-3091,1755-3091,,China Journal of Accounting Research,Active,2013-2026,,Journal,,Social Sciences,,,,,,,"Business, Management and Accounting ",,,,,,"Economics, Econometrics and Finance ",,,,,,,,,,,,,,,,
394,2169-7213,2169-7213,2169-7221,China Journal of Accounting Studies,Active,2013-2025,,Journal,,Social Sciences,,,,,,,"Business, Management and Accounting ",,,,,,,,,,,,,,,,,,,,,,
395,1750-614X,1750-614X,1750-6158,Chinese Management Studies,Active,2007-2026,,Journal,,Social Sciences,,,,,,,"Business, Management and Accounting ",,,,,,,,,,,,,,,,,,,,,,
396,,,,,,,,,,,,,,,,,,,,,,,,,,,,,,,,,,,,,,,
397,,,,,,,,,,,,,,,,,,,,,,,,,,,,,,,,,,,,,,,
398,,,,,,,,,,,,,,,,,,,,,,,,,,,,,,,,,,,,,,,
399,1362-1025,1362-1025,1469-3593,Citizenship Studies,Active,1997-2026,,Journal,,Social Sciences,,,,,,,,,,,,,,,,,,,,,,,,,,Social Sciences ,,,
400,,,,,,,,,,,,,,,,,,,,,,,,,,,,,,,,,,,,,,,
401,2772-3909,,2772-3909,Cleaner Logistics and Supply Chain,Active,2021-2026,,Journal,,Social Sciences,Physical Sciences,,,,,,"Business, Management and Accounting ",,,,,,,,Engineering ,Environmental Science ,,,,,,,,,,,,,
402,1756-5529,1756-5529,1756-5537,Climate and Development,Active,2009-2026,,Journal,,Social Sciences,Physical Sciences,,,,,,,,,,,,,,,Environmental Science ,,,,,,,,,,Social Sciences ,,,
403,2010-0078,2010-0078,2010-0086,Climate Change Economics,Active,2010-2026,,Journal,,Social Sciences,Physical Sciences,,,,,,,,,,,,"Economics, Econometrics and Finance ",,,Environmental Science ,,,,,,,,,,,,,
404,1469-3062,1469-3062,1752-7457,Climate Policy,Active,2001-2026,,Journal,,,Physical Sciences,,,,,,,,,,,Earth and Planetary Sciences ,,,,Environmental Science ,,,,,,,,,,,,,
405,1863-2505,1863-2505,1863-2513,Cliometrica,Active,2007-2026,,Journal,,Social Sciences,,,,,Arts and Humanities ,,,,,,,,"Economics, Econometrics and Finance ",,,,,,,,,,,,,,,,
406,2331-1975,,2331-1975,Cogent Business and Management,Active,2014-2026,,Journal,,Social Sciences,,,,,,,"Business, Management and Accounting ",,,,Decision Sciences ,,,,,,,,,,,,,,,,,,
407,2332-2039,,2332-2039,Cogent Economics and Finance,Active,2014-2026,,Journal,,Social Sciences,,,,,,,,,,,,,"Economics, Econometrics and Finance ",,,,,,,,,,,,,,,,
408,,,,,,,,,,,,,,,,,,,,,,,,,,,,,,,,,,,,,,,
409,,,,,,,,,,,,,,,,,,,,,,,,,,,,,,,,,,,,,,,
410,,,,,,,,,,,,,,,,,,,,,,,,,,,,,,,,,,,,,,,
411,0010-1931,0010-1931,,Columbia Journal of Transnational Law,Active,1996-2025,,Journal,,Social Sciences,,,,,,,,,,,,,,,,,,,,,,,,,,Social Sciences ,,,
412,0010-1958,0010-1958,,Columbia Law Review,Active,1992-2026; 1990; 1987-1988; 1984; 1973-1981,,Journal,,Social Sciences,,,,,,,,,,,,,,,,,,,,,,,,,,Social Sciences ,,,
413,,,,,,,,,,,,,,,,,,,,,,,,,,,,,,,,,,,,,,,
414,,,,,,,,,,,,,,,,,,,,,,,,,,,,,,,,,,,,,,,
415,0165-0750,0165-0750,1875-8320,Common Market Law Review,Active,1996-2026,,Journal,,Social Sciences,,,,,,,,,,,,,,,,,,,,,,,,,,Social Sciences ,,,
416,1466-2043,1466-2043,1743-9094,Commonwealth and Comparative Politics,Active,2002-2026,,Journal,,Social Sciences,,,,,,,,,,,,,,,,,,,,,,,,,,Social Sciences ,,,
417,2167-4809,2167-4795,2167-4809,Communication and Sport,Active,2015-2026,,Journal,,Social Sciences,,,,,,,,,,,,,,,,,,,,,,,,,,Social Sciences ,,,
418,0093-6502,0093-6502,1552-3810,Communication Research,Active,1974-2026,,Journal,,Social Sciences,,,,,Arts and Humanities ,,,,,,,,,,,,,,,,,,,,,Social Sciences ,,,
419,2206-3374,,2206-3374,Communication Research and Practice,Active,2018-2026; 2016,,Journal,,Social Sciences,Physical Sciences,,,,,,"Business, Management and Accounting ",,,Computer Science ,,,,,,,,,,,,,,,,Social Sciences ,,,
420,1050-3293,1050-3293,1468-2885,Communication Theory,Active,1991-2026,,Journal,,Social Sciences,,,,,Arts and Humanities ,,,,,,,,,,,,,,,,,,,,,Social Sciences ,,,
421,0361-0926,0361-0926,1532-415X,Communications in Statistics - Theory and Methods,Active,1976-2026,,Journal,,,Physical Sciences,,,,,,,,,,,,,,,,,,Mathematics ,,,,,,,,,,
422,2772-4247,,2772-4247,Communications in Transportation Research,Active,2021-2025,,Journal,,Social Sciences,Physical Sciences,,,,,,,,,,Decision Sciences ,,,,Engineering ,,,,,,,,,,,Social Sciences ,,,
423,,,,,,,,,,,,,,,,,,,,,,,,,,,,,,,,,,,,,,,
424,1529-3181,1529-3181,,Communications of the Association for Information Systems,Active,2003-2025,,Journal,,,Physical Sciences,,,,,,,,,Computer Science ,,,,,,,,,,,,,,,,,,,
425,0010-3802,0010-3802,1468-2656,Community Development Journal,Active,1966-2026,,Journal,,Social Sciences,,,,,,,,,,,,,,,,,,,,,,,,,,Social Sciences ,,,
426,1366-8803,1366-8803,1469-3615,"Community, Work and Family",Active,2003-2026,,Journal,,Social Sciences,,,,,,,,,,,,,,,,,,,,,,,,,,Social Sciences ,,,
427,,,,,,,,,,,,,,,,,,,,,,,,,,,,,,,,,,,,,,,
428,,,,,,,,,,,,,,,,,,,,,,,,,,,,,,,,,,,,,,,
429,0888-7233,0888-7233,1478-3320,Comparative Economic Studies,Active,2005-2026; 2000; 1996; 1992-1994,,Journal,,Social Sciences,,,,,,,,,,,,,"Economics, Econometrics and Finance ",,,,,,,,,,,,,,,,
430,,,,,,,,,,,,,,,,,,,,,,,,,,,,,,,,,,,,,,,
431,0010-4140,0010-4140,1552-3829,Comparative Political Studies,Active,1968-2026,,Journal,,Social Sciences,,,,,,,,,,,,,,,,,,,,,,,,,,Social Sciences ,,,
432,0010-4159,0010-4159,2151-6227,Comparative Politics,Active,1996-2026; 1987-1989; 1978,,Journal,,Social Sciences,,,,,,,,,,,,,,,,,,,,,,,,,,Social Sciences ,,,
433,0886-3687,0886-3687,1552-3837,Compensation and Benefits Review,Active,2000-2026; 1998; 1996; 1985-1989,,Journal,,Social Sciences,,,,,,,"Business, Management and Accounting ",,,,,,,,,,,,,,,,,,,,,,
434,1024-5294,1024-5294,1477-2221,Competition and Change,Active,2013-2026; 2010; 2007-2008,,Journal,,Social Sciences,,,,,,,"Business, Management and Accounting ",,,,,,,,,,,,,,,,,,,,,,
435,,,,,,,,,,,,,,,,,,,,,,,,,,,,,,,,,,,,,,,
436,1783-5917,1783-5917,2399-2956,Competition and Regulation in Network Industries,Active,2026; 2013-2024,,Journal,,Social Sciences,,,,,,,"Business, Management and Accounting ",,,,Decision Sciences ,,,,,,,,,,,,,,,,,,
437,1476-9085,1476-9085,2516-5771,Competition Law Journal,Active,2018-2026,,Journal,,Social Sciences,,,,,,,,,,,,,,,,,,,,,,,,,,Social Sciences ,,,
438,1059-5422,1059-5422,2051-3143,Competitiveness Review,Active,1996-2026,,Journal,,Social Sciences,,,,,,,"Business, Management and Accounting ",,,,,,,,,,,,,,,,,,,,,,
439,1262-2788,1262-2788,,Comptabilite Controle Audit,Active,2012-2024,,Journal,,Social Sciences,,,,,,,"Business, Management and Accounting ",,,,,,"Economics, Econometrics and Finance ",,,,,,,,,,,,,,,,
440,0927-7099,0927-7099,1572-9974,Computational Economics,Active,1993-2026,,Journal,,Social Sciences,Physical Sciences,,,,,,,,,Computer Science ,,,"Economics, Econometrics and Finance ",,,,,,,,,,,,,,,,
441,1619-697X,1619-697X,1619-6988,Computational Management Science,Active,2005-2026,,Journal,,Social Sciences,,,,,,,"Business, Management and Accounting ",,,,Decision Sciences ,,,,,,,,,,,,,,,,,,
442,0167-9473,0167-9473,,Computational Statistics and Data Analysis,Active,1983-2026,,Journal,,,Physical Sciences,,,,,,,,,Computer Science ,,,,,,,,,Mathematics ,,,,,,,,,,
443,,,,,,,,,,,,,,,,,,,,,,,,,,,,,,,,,,,,,,,
444,,,,,,,,,,,,,,,,,,,,,,,,,,,,,,,,,,,,,,,
445,0925-9724,0925-9724,1573-7551,Computer Supported Cooperative Work,Active,1992-2026,,Journal,,,Physical Sciences,,,,,,,,,Computer Science ,,,,,,,,,,,,,,,,,,,
446,0360-8352,0360-8352,,Computers and Industrial Engineering,Active,1976-2026,,Journal,,Social Sciences,Physical Sciences,,,,,,,,,Computer Science ,Decision Sciences ,,,,Engineering ,,,,,,,,,,,,,,
447,0305-0548,0305-0548,1873-765X,Computers and Operations Research,Active,1974-2026,,Journal,,Social Sciences,Physical Sciences,,,,,,,,,Computer Science ,Decision Sciences ,,,,,,,,Mathematics ,,,,,,,,,,
448,0747-5632,0747-5632,,Computers in Human Behavior,Active,1985-2026,,Journal,,Social Sciences,Physical Sciences,,,,Arts and Humanities ,,,,,Computer Science ,,,,,,,,,,,,,,,Psychology ,,,,
449,0738-8942,0738-8942,1549-9219,Conflict Management and Peace Science,Active,1998-2026; 1988-1996; 1975-1986; 1973,,Journal,,Social Sciences,,,,,,,,,,,,,"Economics, Econometrics and Finance ",,,,,,,,,,,,,Social Sciences ,,,
450,1536-5581,1536-5581,1541-1508,Conflict Resolution Quarterly,Active,2005-2026; 2002-2003,,Journal,,Social Sciences,,,,,,,,,,,,,,,,,,,,,,,,,Psychology ,Social Sciences ,,,
451,1043-4062,1043-4062,1572-9966,Constitutional Political Economy,Active,1990-2026,,Journal,,Social Sciences,,,,,Arts and Humanities ,,,,,,,,"Economics, Econometrics and Finance ",,,,,,,,,,,,,Social Sciences ,,,
452,1835-6354,1835-6354,1837-9133,Australasian Journal of Construction Economics and Building,Inactive,2011-2014,,Journal,,Social Sciences,,,,,,,"Business, Management and Accounting ",,,,,,,,,,,,,,,,,,,,,,
453,1471-4175,1471-4175,1477-0857,Construction Innovation,Active,2001-2026,,Journal,,,Physical Sciences,,,,,,,,,Computer Science ,,,,,Engineering ,,,,,,,,,,,,,,
454,,,,,,,,,,,,,,,,,,,,,,,,,,,,,,,,,,,,,,,
455,0144-6193,0144-6193,1466-433X,Construction Management and Economics,Active,1983-2026,,Journal,,Social Sciences,Physical Sciences,,,,,,"Business, Management and Accounting ",,,,,,,,Engineering ,,,,,,,,,,,,,,
456,2752-6666,2752-6666,2752-6674,Consumer Behavior in Tourism and Hospitality,Active,2022-2026,,Journal,,Social Sciences,,,,,,,"Business, Management and Accounting ",,,,,,,,,,,,,,,,,,,Social Sciences ,,,
457,,,,,,,,,,,,,,,,,,,,,,,,,,,,,,,,,,,,,,,
458,1025-3866,1025-3866,1477-223X,Consumption Markets and Culture,Active,2010-2026; 2007; 2003,,Journal,,Social Sciences,,,,,,,"Business, Management and Accounting ",,,,,,"Economics, Econometrics and Finance ",,,,,,,,,,,,Psychology ,Social Sciences ,,,
459,0823-9150,0823-9150,1911-3846,Contemporary Accounting Research,Active,1984-2026,,Journal,,Social Sciences,,,,,,,"Business, Management and Accounting ",,,,,,"Economics, Econometrics and Finance ",,,,,,,,,,,,,,,,
460,1074-3529,1074-3529,1465-7287,Contemporary Economic Policy,Active,1982-2026,,Journal,,Social Sciences,,,,,,,"Business, Management and Accounting ",,,,,,"Economics, Econometrics and Finance ",,,,,,,,,,,,,Social Sciences ,,,
461,2084-0845,2084-0845,2300-8814,Contemporary Economics,Active,2011-2025,,Journal,,Social Sciences,,,,,,,"Business, Management and Accounting ",,,,,,"Economics, Econometrics and Finance ",,,,,,,,,,,,,Social Sciences ,,,
462,0094-3061,0094-3061,1939-8638,Contemporary Sociology,Active,2004-2026; 2002; 2000; 1995-1998; 1979,,Journal,,Social Sciences,,,,,,,,,,,,,,,,,,,,,,,,,,Social Sciences ,,,
463,,,,,,,,,,,,,,,,,,,,,,,,,,,,,,,,,,,,,,,
464,0277-5921,0277-5921,1464-3588,Contributions to Political Economy,Active,2005-2025; 1982-2003,,Journal,,Social Sciences,,,,,,,,,,,,,"Economics, Econometrics and Finance ",,,,,,,,,,,,,Social Sciences ,,,
465,,,,,,,,,,,,,,,,,,,,,,,,,,,,,,,,,,,,,,,
466,0886-3520,0886-3520,,Journal of the Copyright Society of the U.S.A.,Inactive,2016; 1996-2014,,Journal,,Social Sciences,,,,,,,,,,,,,,,,,,,,,,,,,,Social Sciences ,,,
467,1938-9655,1938-9655,1938-9663,Cornell Hospitality Quarterly,Active,2008-2026,,Journal,,Social Sciences,,,,,,,"Business, Management and Accounting ",,,,,,,,,,,,,,,,,,,,,,
468,0010-8812,0010-8812,,Cornell International Law Journal,Active,1996-2025; 1992,,Journal,,Social Sciences,,,,,,,,,,,,,,,,,,,,,,,,,,Social Sciences ,,,
469,0010-8847,0010-8847,,Cornell Law Review,Active,1988-2025; 1984-1986; 1975-1981,,Journal,,Social Sciences,,,,,,,,,,,,,,,,,,,,,,,,,,Social Sciences ,,,
470,,,,,,,,,,,,,,,,,,,,,,,,,,,,,,,,,,,,,,,
471,1356-3289,1356-3289,1758-6046,Corporate Communications,Active,1996-2026,,Journal,,Social Sciences,,,,,,,"Business, Management and Accounting ",,,,,,,,,,,,,,,,,,,,,,
472,,,,,,,,,,,,,,,,,,,,,,,,,,,,,,,,,,,,,,,
473,1472-0701,1472-0701,1758-6054,Corporate Governance (Bingley),Active,2001-2026,,Journal,,Social Sciences,,,,,,,"Business, Management and Accounting ",,,,,,,,,,,,,,,,,,,,,,
474,,,,,,,,,,,,,,,,,,,,,,,,,,,,,,,,,,,,,,,
475,0964-8410,0964-8410,1467-8683,Corporate Governance: An International Review,Active,1993-2026,,Journal,,Social Sciences,,,,,,,"Business, Management and Accounting ",,,,,,,,,,,,,,,,,,,,,,
476,1363-3589,1363-3589,1479-1889,Corporate Reputation Review,Active,1997-2026,,Journal,,Social Sciences,,,,,,,"Business, Management and Accounting ",,,,,,,,,,,,,,,,,,,,,,
477,1535-3958,1535-3958,1535-3966,Corporate Social Responsibility and Environmental Management,Active,2003-2026,,Journal,,Social Sciences,Physical Sciences,,,,,,"Business, Management and Accounting ",,,,,,,,,Environmental Science ,,,,,,,,,,Social Sciences ,,,
478,,,,,,,,,,,,,,,,,,,,,,,,,,,,,,,,,,,,,,,
479,1478-7547,,1478-7547,Cost Effectiveness and Resource Allocation,Active,2003-2026,,Journal,,,,Health Sciences,,,,,,,,,,,,,,,,,,Medicine ,,,,,,,,,
480,1092-8057,1092-8057,,Journal of Cost Management,Inactive,2001-2004; 1998,,Journal,,,Physical Sciences,,,,,,,,,,,,,,Engineering ,,,,,,,,,,,,,,
481,0963-1690,0963-1690,1467-8691,Creativity and Innovation Management,Active,1992-2026,,Journal,,Social Sciences,,,,,,,"Business, Management and Accounting ",,,,,,,,,,,,,,,,,,,,,,
482,2199-1227,2199-1227,2199-1235,Credit and Capital Markets,Active,2016-2025,,Journal,,Social Sciences,,,,,,,"Business, Management and Accounting ",,,,,,"Economics, Econometrics and Finance ",,,,,,,,,,,,,Social Sciences ,,,
483,0925-4994,0925-4994,1573-0751,"Crime, Law and Social Change",Active,1991-2026,,Journal,,Social Sciences,,Health Sciences,,,,,,,,,,,,,,,,,,Medicine ,,,,,,Social Sciences ,,,
484,1467-2715,1467-2715,1472-6033,Critical Asian Studies,Active,1995-2026; 1968-1993,,Journal,,Social Sciences,,,,,,,,,,,,,,,,,,,,,,,,,,Social Sciences ,,,
485,1740-5904,1740-5904,1740-5912,Critical Discourse Studies,Active,2009-2026; 2005,,Journal,,Social Sciences,,,,,,,,,,,,,,,,,,,,,,,,,,Social Sciences ,,,
486,2164-5744,2164-5744,2164-5760,Critical Finance Review,Active,2017-2025,,Journal,,Social Sciences,,,,,,,,,,,,,"Economics, Econometrics and Finance ",,,,,,,,,,,,,,,,
487,1045-2354,1045-2354,1095-9955,Critical Perspectives on Accounting,Active,1990-2026,,Journal,,Social Sciences,,,,,,,"Business, Management and Accounting ",,,,Decision Sciences ,,"Economics, Econometrics and Finance ",,,,,,,,,,,,,Social Sciences ,,,
488,1742-2043,1742-2043,1758-6062,Critical Perspectives on International Business,Active,2005-2026,,Journal,,Social Sciences,,,,,,,"Business, Management and Accounting ",,,,,,,,,,,,,,,,,,,,,,
489,1529-5036,1529-5036,1479-5809,Critical Studies in Media Communication,Active,1996-2026,,Journal,,Social Sciences,,,,,,,,,,,,,,,,,,,,,,,,,,Social Sciences ,,,
490,2059-5794,2059-5794,2059-5808,Cross Cultural and Strategic Management,Active,2016-2026,,Journal,,Social Sciences,,,,,,,"Business, Management and Accounting ",,,,,,,,,,,,,,,,,,,Social Sciences ,,,
491,1099-9809,1099-9809,1939-0106,Cultural Diversity and Ethnic Minority Psychology,Active,1999-2026,,Journal,,Social Sciences,,,,,,,,,,,,,,,,,,,,,,,,,Psychology ,Social Sciences ,,,
492,1469-3690,0954-8963,1469-3690,Cultural Trends,Active,2010-2026; 2004-2008; 1998; 1989-1995,,Journal,,Social Sciences,,,,,Arts and Humanities ,,,,,,,,,,,,,,,,,,,,,Social Sciences ,,,
493,1475-9551,1475-9551,1477-2760,Culture and Organization,Active,2009-2026; 2002,,Journal,,Social Sciences,,,,,,,"Business, Management and Accounting ",,,,,,,,,,,,,,,,,,,Social Sciences ,,,
494,1936-1270,,1936-1270,Current Issues in Auditing,Active,2009-2025,,Journal,,Social Sciences,,,,,,,"Business, Management and Accounting ",,,,,,,,,,,,,,,,,,,,,,
495,1368-3500,1368-3500,1747-7603,Current Issues in Tourism,Active,1998-2026,,Journal,,Social Sciences,,,,,,,"Business, Management and Accounting ",,,,,,,,,,,,,,,,,,,Social Sciences ,,,
496,0070-1998,0070-1998,2044-8422,Current Legal Problems,Active,2014-2025; 1983,,Journal,,Social Sciences,,,,,,,,,,,,,,,,,,,,,,,,,,Social Sciences ,,,
497,,,,,,,,,,,,,,,,,,,,,,,,,,,,,,,,,,,,,,,
498,,,,,,,,,,,,,,,,,,,,,,,,,,,,,,,,,,,,,,,
499,,,,,,,,,,,,,,,,,,,,,,,,,,,,,,,,,,,,,,,
500,,,,,,,,,,,,,,,,,,,,,,,,,,,,,,,,,,,,,,,
501,1802-4696,1802-4696,,Czech Economic Review,Inactive,2010-2015,,Journal,,Social Sciences,,,,,,,,,,,,,"Economics, Econometrics and Finance ",,,,,,,,,,,,,,,,
502,0015-1920,0015-1920,,Finance a Uver - Czech Journal of Economics and Finance,Active,1996-2025,,Journal,,Social Sciences,,,,,,,"Business, Management and Accounting ",,,,,,"Economics, Econometrics and Finance ",,,,,,,,,,,,,,,,
503,0317-1663,0317-1663,2563-9277,Dalhousie Law Journal,Active,2021-2026; 1993; 1988; 1980-1981; 1977; 1974,,Journal,,Social Sciences,,,,,,,,,,,,,,,,,,,,,,,,,,Social Sciences ,,,
504,1532-0936,1532-0936,2331-1622,Data Base for Advances in Information Systems,Active,1969-2026,,Journal,,Social Sciences,Physical Sciences,,,,,,"Business, Management and Accounting ",,,Computer Science ,,,,,,,,,,,,,,,,,,,
505,0013-063X,0013-063X,1572-9982,De Economist,Active,1952-2026; 1946-1950; 1852-1944,,Journal,,Social Sciences,,,,,,,,,,,,,"Economics, Econometrics and Finance ",,,,,,,,,,,,,,,,
506,,,,,,,,,,,,,,,,,,,,,,,,,,,,,,,,,,,,,,,
507,2325-9965,2325-9965,2325-9973,Decision,Active,2014-2026,,Journal,,Social Sciences,,,,,,,,,,,Decision Sciences ,,,,,,,,,,,,,,Psychology ,,,,
508,1545-8490,1545-8490,1545-8504,Decision Analysis,Active,2010-2026; 2006-2008,,Journal,,Social Sciences,,,,,,,,,,,Decision Sciences ,,,,,,,,,,,,,,,,,,
509,0011-7315,0011-7315,1540-5915,Decision Sciences,Active,1970-2026,,Journal,,Social Sciences,,,,,,,"Business, Management and Accounting ",,,,Decision Sciences ,,,,,,,,,,,,,,,,,,
510,1540-4595,1540-4595,1540-4609,Decision Sciences Journal of Innovative Education,Active,2011-2026; 2006; 2003,,Journal,,Social Sciences,,,,,,,"Business, Management and Accounting ",,,,Decision Sciences ,,,,,,,,,,,,,,,Social Sciences ,,,
511,0167-9236,0167-9236,,Decision Support Systems,Active,1985-2026,,Journal,,Social Sciences,Physical Sciences,,,,Arts and Humanities ,,"Business, Management and Accounting ",,,Computer Science ,Decision Sciences ,,,,,,,,,,,,,,Psychology ,,,,
512,,,,,,,,,,,,,,,,,,,,,,,,,,,,,,,,,,,,,,,
513,1593-8883,1593-8883,1129-6569,Decisions in Economics and Finance,Active,2005-2026; 2000-2002; 1997,,Journal,,Social Sciences,,,,,,,,,,,,,"Economics, Econometrics and Finance ",,,,,,,,,,,,,,,,
514,1024-2694,1024-2694,1476-8267,Defence and Peace Economics,Active,1994-2026,,Journal,,Social Sciences,,,,,,,,,,,,,"Economics, Econometrics and Finance ",,,,,,,,,,,,,Social Sciences ,,,
515,,,,,,,,,,,,,,,,,,,,,,,,,,,,,,,,,,,,,,,
516,,,,,,,,,,,,,,,,,,,,,,,,,,,,,,,,,,,,,,,
517,1435-9871,1435-9871,2363-7064,Demographic Research,Active,2002-2026; 1999-2000,,Journal,,Social Sciences,,,,,,,,,,,,,,,,,,,,,,,,,,Social Sciences ,,,
518,0070-3370,0070-3370,1533-7790,Demography,Active,1964-2026,,Journal,,Social Sciences,,,,,,,,,,,,,,,,,,,,,,,,,,Social Sciences ,,,
519,,,,,,,,,,,,,,,,,,,,,,,,,,,,,,,,,,,,,,,
520,,,,,,,,,,,,,,,,,,,,,,,,,,,,,,,,,,,,,,,
521,0142-694X,0142-694X,,Design Studies,Active,1979-2026,,Journal,,Social Sciences,Physical Sciences,,,,Arts and Humanities ,,,,,Computer Science ,,,,,Engineering ,,,,,,,,,,,Social Sciences ,,,
522,0012-1533,0012-1533,1746-1049,Developing Economies,Active,1962-2026,,Journal,,Social Sciences,,,,,,,,,,,,,"Economics, Econometrics and Finance ",,,,,,,,,,,,,Social Sciences ,,,
523,0012-155X,0012-155X,1467-7660,Development and Change,Active,1970-2026,,Journal,,Social Sciences,,,,,,,,,,,,,,,,,,,,,,,,,,Social Sciences ,,,
524,1477-7282,1477-7282,1758-6097,Development and Learning in Organizations,Active,2003-2026,,Journal,,Social Sciences,,,,,,,"Business, Management and Accounting ",,,,,,,,,,,,,,,,,,,Social Sciences ,,,
525,0950-6764,0950-6764,1467-7679,Development Policy Review,Active,1972-2026; 1968-1970; 1966,,Journal,,Social Sciences,Physical Sciences,,,,,,,,,,,,,,,Environmental Science ,,,,,,,,,,Social Sciences ,,,
526,0376-835X,0376-835X,1470-3637,Development Southern Africa,Active,1984-2026,,Journal,,Social Sciences,,,,,,,,,,,,,,,,,,,,,,,,,,Social Sciences ,,,
527,2666-9544,,2666-9544,Digital Business,Active,2020-2026,,Journal,,Social Sciences,,,,,,,"Business, Management and Accounting ",,,,,,,,,,,,,,,,,,,,,,
528,2398-5046,2398-5038,2398-5046,"Digital Policy, Regulation and Governance",Active,2017-2026,,Journal,,Social Sciences,Physical Sciences,,,,,,"Business, Management and Accounting ",,,Computer Science ,Decision Sciences ,,,,,,,,,,,,,,,,,,
529,0361-3666,0361-3666,1467-7717,Disasters,Active,1977-2026,,Journal,,Social Sciences,Physical Sciences,,,,,,,,,,,Earth and Planetary Sciences ,,,,,,,,,,,,,,Social Sciences ,,,
530,1750-4813,1750-4813,1750-4821,Discourse and Communication,Active,2007-2026,,Journal,,Social Sciences,,,,,,,,,,,,,,,,,,,,,,,,,,Social Sciences ,,,
531,0957-9265,0957-9265,1460-3624,Discourse and Society,Active,1990-2026,,Journal,,Social Sciences,,,,,Arts and Humanities ,,,,,,,,,,,,,,,,,,,,,Social Sciences ,,,
532,1461-4456,1461-4456,1461-7080,Discourse Studies,Active,1999-2026,,Journal,,Social Sciences,,,,,Arts and Humanities ,,,,,,,,,,,,,,,,,,,,Psychology ,Social Sciences ,,,
533,,,,,,,,,,,,,,,,,,,,,,,,,,,,,,,,,,,,,,,
534,0012-7086,0012-7086,,Duke Law Journal,Active,1996-2026; 1988-1994; 1983-1986; 1978-1981,,Journal,,Social Sciences,,,,,,,,,,,,,,,,,,,,,,,,,,Social Sciences ,,,
535,,,,,,,,,,,,,,,,,,,,,,,,,,,,,,,,,,,,,,,
536,,,,,,,,,,,,,,,,,,,,,,,,,,,,,,,,,,,,,,,
537,2153-0785,2153-0785,2153-0793,Dynamic Games and Applications,Active,2011-2026,,Journal,,Social Sciences,Physical Sciences,,,,,,,,,Computer Science ,,,"Economics, Econometrics and Finance ",,,,,,Mathematics ,,,,,,,,,,
538,,,,,,,,,,,,,,,,,,,,,,,,,,,,,,,,,,,,,,,
539,0094-5056,0094-5056,1939-4632,Eastern Economic Journal,Active,2007-2026; 1987-1989; 1984-1985,,Journal,,Social Sciences,,,,,,,,,,,,,"Economics, Econometrics and Finance ",,,,,,,,,,,,,,,,
540,0012-8775,0012-8775,1557-9298,Eastern European Economics,Active,1996-2026; 1982; 1977,,Journal,,Social Sciences,,,,,,,,,,,,,"Economics, Econometrics and Finance ",,,,,,,,,,,,,,,,
541,0928-2750,0928-2750,1875-8363,EC Tax Review,Active,2018-2025,,Journal,,Social Sciences,,,,,,,"Business, Management and Accounting ",,,,,,,,,,,,,,,,,,,Social Sciences ,,,
542,0921-8009,0921-8009,,Ecological Economics,Active,1989-2026,,Journal,,Social Sciences,Physical Sciences,,,,,,,,,,,,"Economics, Econometrics and Finance ",,,Environmental Science ,,,,,,,,,,,,,
543,0012-9658,0012-9658,1939-9170,Ecology,Active,1979-2026; 1969-1977; 1966-1967; 1963; 1959-1961; 1956; 1951-1953,,Journal,Life Sciences,,,,,Agricultural and Biological Sciences ,,,,,,,,,,,,,,,,,,,,,,,,,
544,1933-527X,,1933-527X,Econ Journal Watch,Active,2008-2025,,Journal,,Social Sciences,,,,,,,,,,,,,"Economics, Econometrics and Finance ",,,,,,,,,,,,,,,,
545,0747-4938,0747-4938,1532-4168,Econometric Reviews,Active,1989-2026; 1982-1987,,Journal,,Social Sciences,,,,,,,,,,,,,"Economics, Econometrics and Finance ",,,,,,,,,,,,,,,,
546,0266-4666,0266-4666,1469-4360,Econometric Theory,Active,1985-2026,,Journal,,Social Sciences,,,,,,,,,,,,,"Economics, Econometrics and Finance ",,,,,,,,,,,,,Social Sciences ,,,
547,0012-9682,0012-9682,1468-0262,Econometrica,Active,1994-2026; 1990-1991; 1977-1985; 1974,,Journal,,Social Sciences,,,,,,,,,,,,,"Economics, Econometrics and Finance ",,,,,,,,,,,,,,,,
548,2225-1146,,2225-1146,Econometrics,Active,2013-2026,,Journal,,Social Sciences,,,,,,,,,,,,,"Economics, Econometrics and Finance ",,,,,,,,,,,,,,,,
549,2452-3062,,2452-3062,Econometrics and Statistics,Active,2017-2026,,Journal,,Social Sciences,Physical Sciences,,,,,,,,,,Decision Sciences ,,"Economics, Econometrics and Finance ",,,,,,Mathematics ,,,,,,,,,,
550,1368-4221,1368-4221,1368-423X,Econometrics Journal,Active,2006-2026; 2001,,Journal,,Social Sciences,,,,,,,,,,,,,"Economics, Econometrics and Finance ",,,,,,,,,,,,,,,,
551,,,,,,,,,,,,,,,,,,,,,,,,,,,,,,,,,,,,,,,
552,,,,,,,,,,,,,,,,,,,,,,,,,,,,,,,,,,,,,,,
553,1529-7470,1529-7470,1533-6239,Economia,Active,2023-2026; 2019-2021,,Journal,,Social Sciences,,,,,,,"Business, Management and Accounting ",,,,,,"Economics, Econometrics and Finance ",,,,,,,,,,,,,Social Sciences ,,,
554,0265-0665,0265-0665,1468-0270,Economic Affairs,Active,1980-2026,,Journal,,Social Sciences,Physical Sciences,,,,,,,,,,,,,,Engineering ,,,,,,,,,,,Social Sciences ,,,
555,0313-5926,0313-5926,2204-2296,Economic Analysis and Policy,Active,1970-2026,,Journal,,Social Sciences,,,,,,,,,,,,,"Economics, Econometrics and Finance ",,,,,,,,,,,,,,,,
556,1580-0466,1580-0466,2335-4216,Economic and Business Review,Active,2024-2026,,Journal,,,,,General,,,,,,,,,,,,,,,,,,,,,,,,,,
557,0143-831X,0143-831X,1461-7099,Economic and Industrial Democracy,Active,1980-2026,,Journal,,Social Sciences,,,,,,,"Business, Management and Accounting ",,,,,,,,,,,,,,,,,,,,,,
558,1751-8326,1751-8326,1751-8334,Economic and Labour Market Review,Inactive,2009-2011,,Journal,,Social Sciences,,,,,,,"Business, Management and Accounting ",,,,,,"Economics, Econometrics and Finance ",,,,,,,,,,,,,,,,
559,0012-9976,0012-9976,2349-8846,Economic and Political Weekly,Active,2007-2026; 2002; 1995-1997; 1993; 1982-1986; 1978-1980,,Journal,,Social Sciences,,,,,,,,,,,,,"Economics, Econometrics and Finance ",,,,,,,,,,,,,Social Sciences ,,,
560,0012-9984,0012-9984,,Economic and Social Review,Active,1979-2025,,Journal,,Social Sciences,,,,,,,,,,,,,"Economics, Econometrics and Finance ",,,,,,,,,,,,,Social Sciences ,,,
561,1573-9414,1573-9414,1574-0277,Economic Change and Restructuring,Active,2005-2026; 1996-2002,,Journal,,Social Sciences,,,,,,,,,,,,,"Economics, Econometrics and Finance ",,,,,,,,,,,,,,,,
562,0424-267X,0424-267X,1842-3264,Economic Computation and Economic Cybernetics Studies and Research,Active,2008-2026; 1975-1989; 1971-1973; 1968-1969,,Journal,,Social Sciences,Physical Sciences,,,,,,,,,Computer Science ,,,"Economics, Econometrics and Finance ",,,,,,Mathematics ,,,,,,,,,,
563,0013-0079,0013-0079,1539-2988,Economic Development and Cultural Change,Active,1982-2026; 1978-1979,,Journal,,Social Sciences,,,,,,,,,,,,,"Economics, Econometrics and Finance ",,,,,,,,,,,,,Social Sciences ,,,
564,0891-2424,0891-2424,1552-3543,Economic Development Quarterly,Active,1987-2026,,Journal,,Social Sciences,,,,,,,,,,,,,"Economics, Econometrics and Finance ",,,,,,,,,,,,,Social Sciences ,,,
565,0013-0095,0013-0095,1944-8287,Economic Geography,Active,1987-2026; 1978-1985; 1974; 1972,,Journal,,Social Sciences,,,,,,,,,,,,,"Economics, Econometrics and Finance ",,,,,,,,,,,,,Social Sciences ,,,
566,2078-0389,2078-0389,2078-0397,Economic History of Developing Regions,Active,2010-2026,,Journal,,Social Sciences,,,,,Arts and Humanities ,,,,,,,,"Economics, Econometrics and Finance ",,,,,,,,,,,,,Social Sciences ,,,
567,0095-2583,0095-2583,1465-7295,Economic Inquiry,Active,1962-2026,,Journal,,Social Sciences,,,,,,,"Business, Management and Accounting ",,,,,,"Economics, Econometrics and Finance ",,,,,,,,,,,,,,,,
568,,,,,,,,,,,,,,,,,,,,,,,,,,,,,,,,,,,,,,,
569,0264-9993,0264-9993,,Economic Modelling,Active,1984-2026,,Journal,,Social Sciences,,,,,,,,,,,,,"Economics, Econometrics and Finance ",,,,,,,,,,,,,,,,
570,0391-5026,0391-5026,1468-0300,Economic Notes,Active,2001-2026,,Journal,,Social Sciences,,,,,,,,,,,,,"Economics, Econometrics and Finance ",,,,,,,,,,,,,,,,
571,1759-3441,0812-0439,1759-3441,Economic Papers,Active,1982-2025,,Journal,,Social Sciences,,,,,,,,,,,,,"Economics, Econometrics and Finance ",,,,,,,,,,,,,,,,
572,1994-5124,1994-5124,2411-2658,Ekonomicheskaya Politika,Active,2013-2025,,Journal,,Social Sciences,,,,,,,,,,,,,"Economics, Econometrics and Finance ",,,,,,,,,,,,,Social Sciences ,,,
573,0266-4658,0266-4658,1468-0327,Economic Policy,Active,1988-2025,,Journal,,Social Sciences,Physical Sciences,,,,,,,,,,,,"Economics, Econometrics and Finance ",,,Environmental Science ,,,,,,,,,,,,,
574,0041-3011,0041-3011,2448-718X,Trimestre Economico,Active,1996-2026; 1989; 1981; 1979,,Journal,,Social Sciences,,,,,,,,,,,,,"Economics, Econometrics and Finance ",,,,,,,,,,,,,,,,
575,0035-2764,0035-2764,1950-6694,Revue Economique,Active,2001-2024; 1974,,Journal,,Social Sciences,,,,,,,,,,,,,"Economics, Econometrics and Finance ",,,,,,,,,,,,,,,,
576,0304-2758,0304-2758,0718-5286,Estudios de Economia,Active,2008-2025; 1989; 1977-1979,,Journal,,Social Sciences,,,,,,,,,,,,,"Economics, Econometrics and Finance ",,,,,,,,,,,,,,,,
577,0205-3292,0205-3292,,Ikonomicheski Izsledvania,Active,2008-2026,,Journal,,Social Sciences,,,,,,,,,,,,,"Economics, Econometrics and Finance ",,,,,,,,,,,,,,,,
578,0939-3625,0939-3625,,Economic Systems,Active,2001-2026,,Journal,,Social Sciences,,,,,,,,,,,,,"Economics, Econometrics and Finance ",,,,,,,,,,,,,,,,
579,0953-5314,0953-5314,1469-5758,Economic Systems Research,Active,1989-2026,,Journal,,Social Sciences,,,,,,,,,,,,,"Economics, Econometrics and Finance ",,,,,,,,,,,,,,,,
580,0938-2259,0938-2259,1432-0479,Economic Theory,Active,1991-2026,,Journal,,Social Sciences,,,,,,,,,,,,,"Economics, Econometrics and Finance ",,,,,,,,,,,,,,,,
581,,,,,,,,,,,,,,,,,,,,,,,,,,,,,,,,,,,,,,,
582,,,,,,,,,,,,,,,,,,,,,,,,,,,,,,,,,,,,,,,
583,0013-0427,0013-0427,1468-0335,Economica,Active,1980-2026; 1978; 1974-1976; 1962; 1958; 1937,,Journal,,Social Sciences,,,,,,,,,,,,,"Economics, Econometrics and Finance ",,,,,,,,,,,,,,,,
584,0954-1985,0954-1985,1468-0343,Economics and Politics,Active,1989-2026,,Journal,,Social Sciences,,,,,,,,,,,,,"Economics, Econometrics and Finance ",,,,,,,,,,,,,,,,
585,,,,,,,,,,,,,,,,,,,,,,,,,,,,,,,,,,,,,,,
586,2392-1641,2392-1641,2450-0097,Economics and Business Review,Active,2019-2026,,Journal,,Social Sciences,,,,,,,"Business, Management and Accounting ",,,,,,"Economics, Econometrics and Finance ",,,,,,,,,,,,,,,,
587,,,,,,,,,,,,,,,,,,,,,,,,,,,,,,,,,,,,,,,
588,1570-677X,1570-677X,1873-6130,Economics and Human Biology,Active,2003-2026,,Journal,,Social Sciences,,,,,,,,,,,,,,,,,,,,,,,,,,Social Sciences ,,,
589,0266-2671,0266-2671,1474-0028,Economics and Philosophy,Active,1985-2026,,Journal,,Social Sciences,,,,,Arts and Humanities ,,,,,,,,"Economics, Econometrics and Finance ",,,,,,,,,,,,,,,,
590,2280-7659,2280-7659,2280-7667,Economics and Policy of Energy and the Environment,Active,2012-2025; 2009-2010,,Journal,,Social Sciences,Physical Sciences,,,,,,,,,,,,"Economics, Econometrics and Finance ",Energy ,,Environmental Science ,,,,,,,,,,,,,
591,1545-2921,,1545-2921,Economics Bulletin,Active,2001-2025,,Journal,,Social Sciences,,,,,,,,,,,,,"Economics, Econometrics and Finance ",,,,,,,,,,,,,,,,
592,0165-1765,0165-1765,,Economics Letters,Active,1978-2026,,Journal,,Social Sciences,,,,,,,,,,,,,"Economics, Econometrics and Finance ",,,,,,,,,,,,,,,,
593,,,,,,,,,,,,,,,,,,,,,,,,,,,,,,,,,,,,,,,
594,0272-7757,0272-7757,,Economics of Education Review,Active,1984-2026; 1981-1982,,Journal,,Social Sciences,,,,,,,,,,,,,"Economics, Econometrics and Finance ",,,,,,,,,,,,,Social Sciences ,,,
595,2160-5882,2160-5882,2160-5890,Economics of Energy and Environmental Policy,Active,2012-2025,,Journal,,Social Sciences,Physical Sciences,,,,,,,,,,,,"Economics, Econometrics and Finance ",Energy ,,Environmental Science ,,,,,,,,,,,,,
596,1435-6104,1435-6104,1435-8131,Economics of Governance,Active,2003-2026; 2001,,Journal,,Social Sciences,,,,,,,"Business, Management and Accounting ",,,,,,"Economics, Econometrics and Finance ",,,,,,,,,,,,,,,,
597,1043-8599,1043-8599,1476-8364,Economics of Innovation and New Technology,Active,1990-2026,,Journal,,Social Sciences,,,,,,,"Business, Management and Accounting ",,,,,,"Economics, Econometrics and Finance ",,,,,,,,,,,,,,,,
598,2577-6975,2577-6975,2577-6983,Economics of Transition and Institutional Change,Active,2019-2026,,Journal,,Social Sciences,,,,,,,,,,,,,"Economics, Econometrics and Finance ",,,,,,,,,,,,,,,,
599,2212-0122,2212-0122,,Economics of Transportation,Active,2012-2026,,Journal,,Social Sciences,,,,,,,,,,,,,"Economics, Econometrics and Finance ",,,,,,,,,,,,,Social Sciences ,,,
600,1842-3191,1842-3191,1938-212X,"Economics, Management, and Financial Markets",Inactive,2018-2021,Discontinued by Scopus,Journal,,Social Sciences,,,,,,,"Business, Management and Accounting ",,,,,,"Economics, Econometrics and Finance ",,,,,,,,,,,,,Social Sciences ,,,
601,1864-6042,,1864-6042,Economics,Active,2007-2026,,Journal,,Social Sciences,,,,,,,,,,,,,"Economics, Econometrics and Finance ",,,,,,,,,,,,,,,,
602,2227-7099,,2227-7099,Economies,Active,2013-2026,,Journal,,Social Sciences,,,,,,,,,,,,,"Economics, Econometrics and Finance ",,,,,,,,,,,,,Social Sciences ,,,
603,2194-6167,2194-6167,1553-3832,Economists' Voice,Active,2004-2026,,Journal,,Social Sciences,,,,,,,"Business, Management and Accounting ",,,,,,"Economics, Econometrics and Finance ",,,,,,,,,,,,,,,,
604,0308-5147,0308-5147,1469-5766,Economy and Society,Active,1972-2026,,Journal,,Social Sciences,,,,,Arts and Humanities ,,,,,,,,"Economics, Econometrics and Finance ",,,,,,,,,,,,,Social Sciences ,,,
605,0736-6981,0736-6981,1936-1009,EDPACS,Active,2002-2026; 1973-1997,,Trade Journal,,Social Sciences,Physical Sciences,,,,,,,,,Computer Science ,,,,,,,,,,,,,,,,Social Sciences ,,,
606,0964-5292,0964-5292,1469-5782,Education Economics,Active,1993-2026,,Journal,,Social Sciences,,,,,,,,,,,,,"Economics, Econometrics and Finance ",,,,,,,,,,,,,Social Sciences ,,,
607,1557-3060,1557-3060,1557-3079,Education Finance and Policy,Active,2011-2026; 2006,,Journal,,Social Sciences,,,,,,,,,,,,,,,,,,,,,,,,,,Social Sciences ,,,
608,0013-1644,0013-1644,1552-3888,Educational and Psychological Measurement,Active,1941-2026,,Journal,,Social Sciences,Physical Sciences,,,,,,,,,,,,,,,,,,Mathematics ,,,,,,Psychology ,Social Sciences ,,,
609,1741-1432,1741-1432,1741-1440,Educational Management Administration and Leadership,Active,2003-2026; 1995-1999; 1972-1993,,Journal,,Social Sciences,,,,,,,"Business, Management and Accounting ",,,,,,,,,,,,,,,,,,,Social Sciences ,,,
610,1448-2398,,1448-2398,eJournal of Tax Research,Active,2011-2025,,Journal,,Social Sciences,,,,,,,"Business, Management and Accounting ",,,,,,"Economics, Econometrics and Finance ",,,,,,,,,,,,,,,,
611,1025-5508,1025-5508,,Ekonomia,Inactive,2008-2012,,Journal,,Social Sciences,,,,,,,,,,,,,"Economics, Econometrics and Finance ",,,,,,,,,,,,,,,,
612,1389-5753,1389-5753,1572-9362,Electronic Commerce Research,Active,2001-2026,,Journal,,Social Sciences,Physical Sciences,,,,,,,,,Computer Science ,,,"Economics, Econometrics and Finance ",,,,,,,,,,,,,,,,
613,1567-4223,1567-4223,,Electronic Commerce Research and Applications,Active,2002-2026,,Journal,,Social Sciences,Physical Sciences,,,,,,"Business, Management and Accounting ",,,Computer Science ,,,,,,,,,,,,,,,,,,,
614,1570-2294,1570-2294,,Electronic Communication Law Review,Inactive,2002,,Journal,,Social Sciences,,,,,,,,,,,,,,,,,,,,,,,,,,Social Sciences ,,,
615,,,,,,,,,,,,,,,,,,,,,,,,,,,,,,,,,,,,,,,
616,1681-4835,,1681-4835,Electronic Journal of Information Systems in Developing Countries,Active,2000-2026,,Journal,,,Physical Sciences,,,,,,,,,Computer Science ,,,,,,,,,,,,,,,,,,,
617,1479-4411,,1479-4411,Electronic Journal of Knowledge Management,Active,2018-2026,,Journal,,Social Sciences,Physical Sciences,,,,,,"Business, Management and Accounting ",,,Computer Science ,,,,,,,,,,,,,,,,,,,
618,1083-6489,,1083-6489,Electronic Journal of Probability,Active,1996-2026,,Journal,,Social Sciences,Physical Sciences,,,,,,,,,,Decision Sciences ,,,,,,,,Mathematics ,,,,,,,,,,
619,1019-6781,1019-6781,1422-8890,Electronic Markets,Active,2009-2026,,Journal,,Social Sciences,Physical Sciences,,,,,,"Business, Management and Accounting ",,,Computer Science ,,,"Economics, Econometrics and Finance ",,,,,,,,,,,,,,,,
620,1540-496X,1540-496X,1558-0938,Emerging Markets Finance and Trade,Active,2002-2026,,Journal,,Social Sciences,,,,,,,,,,,,,"Economics, Econometrics and Finance ",,,,,,,,,,,,,,,,
621,1566-0141,1566-0141,1873-6173,Emerging Markets Review,Active,2000-2026,,Journal,,Social Sciences,,,,,,,"Business, Management and Accounting ",,,,,,"Economics, Econometrics and Finance ",,,,,,,,,,,,,,,,
622,0340-8744,0340-8744,1573-6911,Empirica,Active,1974-2026,,Journal,,Social Sciences,,,,,,,,,,,,,"Economics, Econometrics and Finance ",,,,,,,,,,,,,,,,
623,0377-7332,0377-7332,1435-8921,Empirical Economics,Active,1976-2026,,Journal,,Social Sciences,Physical Sciences,,,,,,,,,,,,"Economics, Econometrics and Finance ",,,,,,Mathematics ,,,,,,,Social Sciences ,,,
624,,,,,,,,,,,,,,,,,,,,,,,,,,,,,,,,,,,,,,,
625,0142-5455,0142-5455,1758-7069,Employee Relations,Active,1979-2026,,Journal,,Social Sciences,,,,,,,"Business, Management and Accounting ",,,,,,,,,,,,,,,,,,,,,,
626,0098-8898,0098-8898,,Employee Relations Law Journal,Inactive,2015; 1978-2013,,Journal,,Social Sciences,,,,,,,"Business, Management and Accounting ",,,,,,,,,,,,,,,,,,,Social Sciences ,,,
627,0892-7545,0892-7545,1573-3378,Employee Responsibilities and Rights Journal,Active,2000-2026; 1988-1998,,Journal,,Social Sciences,,,,,,,"Business, Management and Accounting ",,,,,,,,,,,,,,,,,,,Social Sciences ,,,
628,0958-305X,0958-305X,2048-4070,Energy and Environment,Active,1995-2026; 1981,,Journal,,,Physical Sciences,,,,,,,,,,,,,Energy ,,Environmental Science ,,,,,,,,,,,,,
629,0140-9883,0140-9883,1873-6181,Energy Economics,Active,1979-2026,,Journal,,Social Sciences,Physical Sciences,,,,,,,,,,,,"Economics, Econometrics and Finance ",Energy ,,,,,,,,,,,,,,,
630,0195-6574,0195-6574,1944-9089,Energy Journal,Active,1993-2026; 1991; 1989; 1987; 1980-1985,,Journal,,Social Sciences,Physical Sciences,,,,,,,,,,,,"Economics, Econometrics and Finance ",Energy ,,,,,,,,,,,,,,,
631,0301-4215,0301-4215,,Energy Policy,Active,1973-2026,,Journal,,,Physical Sciences,,,,,,,,,,,,,Energy ,,Environmental Science ,,,,,,,,,,,,,
632,2652-6433,,2652-6433,Energy Research Letters,Active,2020-2026,,Journal,,Social Sciences,Physical Sciences,,,,,,,,,,,,"Economics, Econometrics and Finance ",Energy ,,,,,,,,,,,,,,,
633,1556-7249,1556-7249,1556-7257,"Energy Sources, Part B: Economics, Planning and Policy",Active,2006-2026,,Journal,,,Physical Sciences,,,,,,,Chemical Engineering ,,,,,,Energy ,,,,,,,,,,,,,,,
634,0843-4379,0843-4379,,Energy Studies Review,Active,2024-2026; 2020-2021; 2010-2016; 2008; 1991-1995,,Journal,,Social Sciences,Physical Sciences,,,,,,,,,,,,"Economics, Econometrics and Finance ",Energy ,,Environmental Science ,,,,,,,,,,,,,
635,1392-2785,1392-2785,2029-5839,Engineering Economics,Active,2008-2026,,Journal,,Social Sciences,Physical Sciences,,,,,,"Business, Management and Accounting ",,,,,,"Economics, Econometrics and Finance ",,Engineering ,,,,,,,,,,,,,,
636,0013-791X,0013-791X,1547-2701,Engineering Economist,Active,1955-2026,,Journal,,Social Sciences,Physical Sciences,,,,,,,,,,,,"Economics, Econometrics and Finance ",,Engineering ,,,,,,,,,,,Social Sciences ,,,
637,1042-9247,1042-9247,,EMJ - Engineering Management Journal,Active,1989-2026,,Journal,,Social Sciences,Physical Sciences,,,,,,"Business, Management and Accounting ",,,,,,,,Engineering ,,,,,,,,,,,,,,
638,0969-9988,0969-9988,1365-232X,"Engineering, Construction and Architectural Management",Active,1994-2026,,Journal,,Social Sciences,Physical Sciences,,,,,,"Business, Management and Accounting ",,,,,,,,Engineering ,,,,,,,,,,,,,,
639,,,,,,,,,,,,,,,,,,,,,,,,,,,,,,,,,,,,,,,
640,1467-2227,1467-2227,1467-2235,Enterprise and Society,Active,2000-2026,,Journal,,Social Sciences,,,,,Arts and Humanities ,,"Business, Management and Accounting ",,,,,,,,,,,,,,,,,,,,,,
641,1755-1978,1755-1978,1755-1986,Enterprise Development and Microfinance,Inactive,2024-2025; 2007-2022,,Journal,,Social Sciences,,,,,,,,,,,,,,,,,,,,,,,,,,Social Sciences ,,,
642,,,,,,,,,,,,,,,,,,,,,,,,,,,,,,,,,,,,,,,
643,1751-7575,1751-7575,1751-7583,Enterprise Information Systems,Active,2007-2026,,Journal,,Social Sciences,Physical Sciences,,,,,,,,,Computer Science ,Decision Sciences ,,,,,,,,,,,,,,,,,,
644,,,,,,,,,,,,,,,,,,,,,,,,,,,,,,,,,,,,,,,
645,,,,,,,,,,,,,,,,,,,,,,,,,,,,,,,,,,,,,,,
646,0898-5626,0898-5626,1464-5114,Entrepreneurship and Regional Development,Active,1989-2026,,Journal,,Social Sciences,,,,,,,"Business, Management and Accounting ",,,,,,"Economics, Econometrics and Finance ",,,,,,,,,,,,,,,,
647,2194-6175,2194-6175,2157-5665,Entrepreneurship Research Journal,Active,2014-2026; 2011-2012,,Journal,,Social Sciences,,,,,,,"Business, Management and Accounting ",,,,,,,,,,,,,,,,,,,,,,
648,1042-2587,1042-2587,1540-6520,Entrepreneurship Theory and Practice,Active,2004-2026; 1997; 1994; 1992; 1989-1990,,Journal,,Social Sciences,,,,,,,"Business, Management and Accounting ",,,,,,"Economics, Econometrics and Finance ",,,,,,,,,,,,,,,,
649,1355-770X,1355-770X,1469-4395,Environment and Development Economics,Active,1996-2026,,Journal,,Social Sciences,Physical Sciences,,,,,,,,,,,,"Economics, Econometrics and Finance ",,,Environmental Science ,,,,,,,,,,Social Sciences ,,,
650,0308-518X,0308-518X,1472-3409,Environment and Planning A,Active,1973-2026,,Journal,,Social Sciences,Physical Sciences,,,,,,,,,,,,,,,Environmental Science ,,,,,,,,,,Social Sciences ,,,
651,,2399-8083,2399-8091,Environment and Planning B: Urban Analytics and City Science,Active,2017-2026,,,,Social Sciences,,,,,,,,,,,,,,,Engineering,Environmental Science ,,,,,,,,,,Social Sciences ,,,
652,,2399-6544,2399-6552,Environment and Planning C: Politics and Space,Active,2017-2026,,Journal,,,,,,,,,,,,,,,,,,,,,,,,,,,,,,,
653,0263-7758,0263-7758,1472-3433,Environment and Planning D: Society and Space,Active,1983-2026,,Journal,,Social Sciences,Physical Sciences,,,,,,,,,,,,,,,Environmental Science ,,,,,,,,,,Social Sciences ,,,
654,0975-4253,0975-4253,0976-3546,Environment and Urbanization ASIA,Active,2010-2026,,Journal,,Social Sciences,,,,,,,,,,,,,,,,,,,,,,,,,,Social Sciences ,,,
655,1352-8505,1352-8505,1573-3009,Environmental and Ecological Statistics,Active,1994-2026,,Journal,,Social Sciences,Physical Sciences,,,,,,,,,,Decision Sciences ,,,,,Environmental Science ,,,Mathematics ,,,,,,,,,,
656,0813-300X,0813-300X,,Environmental and Planning Law Journal,Inactive,1984-2020,,Journal,,Social Sciences,Physical Sciences,,,,,,,,,,,,,,,Environmental Science ,,,,,,,,,,Social Sciences ,,,
657,0924-6460,0924-6460,1573-1502,Environmental and Resource Economics,Active,1991-2026,,Journal,,Social Sciences,Physical Sciences,,,,,,,,,,,,"Economics, Econometrics and Finance ",,,Environmental Science ,,,,,,,,,,,,,
658,1432-847X,1432-847X,1867-383X,Environmental Economics and Policy Studies,Active,2004-2026; 1998-2002,,Journal,,Social Sciences,Physical Sciences,,,,,,,,,,,,"Economics, Econometrics and Finance ",,,Environmental Science ,,,,,,,,,,,,,
659,1350-4622,1469-5871,1350-4622,Environmental Education Research,Active,1995-2026,,Journal,,Social Sciences,,,,,,,,,,,,,,,,,,,,,,,,,,Social Sciences ,,,
660,2210-4224,2210-4224,2210-4232,Environmental Innovation and Societal Transitions,Active,2011-2026,,Journal,,Social Sciences,Physical Sciences,,,,,,,,,,,,,Energy ,,Environmental Science ,,,,,,,,,,Social Sciences ,,,
661,0364-152X,0364-152X,1432-1009,Environmental Management,Active,1977-2026,,Journal,,,Physical Sciences,,,,,,,,,,,,,,,Environmental Science ,,,,,,,,,,,,,
662,1180-4009,1180-4009,1099-095X,Environmetrics,Active,1990-2026,,Journal,,,Physical Sciences,,,,,,,,,,,,,,,Environmental Science ,,,Mathematics ,,,,,,,,,,
663,,,,,,,,,,,,,,,,,,,,,,,,,,,,,,,,,,,,,,,
664,2040-7149,2040-7149,2040-7157,"Equality, Diversity and Inclusion",Active,2010-2026; 1996-2003; 1989-1994,,Journal,,Social Sciences,,,,,,,"Business, Management and Accounting ",,,,,,,,,,,,,,,,,,,Social Sciences ,,,
665,1876-9098,,1876-9098,Erasmus Journal for Philosophy and Economics,Active,2015-2026; 2008-2013,,Journal,,Social Sciences,,,,,Arts and Humanities ,,,,,,,,"Economics, Econometrics and Finance ",,,,,,,,,,,,,,,,
666,,,,,,,,,,,,,,,,,,,,,,,,,,,,,,,,,,,,,,,
667,1292-8100,1292-8100,1262-3318,ESAIM - Probability and Statistics,Active,1997-2026,,Journal,,,Physical Sciences,,,,,,,,,,,,,,,,,,Mathematics ,,,,,,,,,,
668,,,,,,,,,,,,,,,,,,,,,,,,,,,,,,,,,,,,,,,
669,0101-4161,0101-4161,1980-5357,Estudos Economicos,Active,2008-2025; 1992; 1987; 1981,,Journal,,Social Sciences,,,,,,,,,,,,,"Economics, Econometrics and Finance ",,,,,,,,,,,,,,,,
670,,,,,,,,,,,,,,,,,,,,,,,,,,,,,,,,,,,,,,,
671,1388-1957,1388-1957,1572-8439,Ethics and Information Technology,Active,1999-2026,,Journal,,Social Sciences,Physical Sciences,,,,,,,,,Computer Science ,,,,,,,,,,,,,,,,Social Sciences ,,,
672,0014-1704,0014-1704,1539-297X,Ethics,Active,1996-2026; 1992-1993; 1973-1990,,Journal,,Social Sciences,,,,,Arts and Humanities ,,,,,,,,,,,,,,,,,,,,,,,,
673,1309-4297,1309-4297,2147-4281,Eurasian Business Review,Active,2011-2026,,Journal,,Social Sciences,,,,,,,"Business, Management and Accounting ",,,,,,"Economics, Econometrics and Finance ",,,,,,,,,,,,,,,,
674,1309-422X,1309-422X,2147-429X,Eurasian Economic Review,Active,2011-2026,,Journal,,Social Sciences,,,,,,,,,,,,,"Economics, Econometrics and Finance ",,,,,,,,,,,,,,,,
675,1538-7216,1538-7216,,Eurasian Geography and Economics,Active,2002-2026,,Journal,,Social Sciences,,,,,,,,,,,,,"Economics, Econometrics and Finance ",,,,,,,,,,,,,Social Sciences ,,,
676,1694-5948,1694-5948,1694-5972,Eurasian Journal of Business and Economics,Active,2020-2025,,Journal,,Social Sciences,,,,,,,,,,,,,"Economics, Econometrics and Finance ",,,,,,,,,,,,,,,,
677,2192-4376,2192-4376,2192-4384,EURO Journal on Transportation and Logistics,Active,2013-2026,,Journal,,Social Sciences,Physical Sciences,,,,,,,,,,Decision Sciences ,,,,,,,,Mathematics ,,,,,,,Social Sciences ,,,
678,1746-692X,1478-0917,1746-692X,EuroChoices,Active,2002-2026,,Journal,,Social Sciences,,,,,,,,,,,,,,,,,,,,,,,,,,Social Sciences ,,,
679,1450-2194,1450-2194,1758-888X,EuroMed Journal of Business,Active,2006-2026,,Journal,,Social Sciences,,,,,,,"Business, Management and Accounting ",,,,,,"Economics, Econometrics and Finance ",,,,,,,,,,,,,,,,
680,0966-8136,0966-8136,1465-3427,Europe-Asia Studies,Active,1993-2026,,Journal,,Social Sciences,,,,,Arts and Humanities ,,,,,,,,"Economics, Econometrics and Finance ",,,,,,,,,,,,,Social Sciences ,,,
681,2190-9733,2190-9733,2190-9741,European Actuarial Journal,Active,2011-2026,,Journal,,Social Sciences,Physical Sciences,,,,,,,,,,Decision Sciences ,,"Economics, Econometrics and Finance ",,,,,,Mathematics ,,,,,,,,,,
682,0959-6941,0959-6941,1875-841X,European Business Law Review,Active,2017-2026,,Journal,,Social Sciences,,,,,,,,,,,,,,,,,,,,,,,,,,Social Sciences ,,,
683,1566-7529,1566-7529,1741-6205,European Business Organization Law Review,Active,2000-2026,,Journal,,Social Sciences,,,,,,,"Business, Management and Accounting ",,,,,,,,,,,,,,,,,,,Social Sciences ,,,
684,0955-534X,0955-534X,1758-7107,European Business Review,Active,1989-2026; 1970,,Journal,,Social Sciences,,,,,,,"Business, Management and Accounting ",,,,,,,,,,,,,,,,,,,,,,
685,,,,,,,,,,,,,,,,,,,,,,,,,,,,,,,,,,,,,,,
686,1744-1056,1744-1056,1757-8396,European Competition Journal,Active,2014-2026; 2012; 2005,,Journal,,Social Sciences,,,,,,,,,,,,,"Economics, Econometrics and Finance ",,,,,,,,,,,,,Social Sciences ,,,
687,0144-3054,0144-3054,2754-1711,European Competition Law Review,Active,2021-2026,,Journal,,Social Sciences,,,,,,,,,,,,,,,,,,,,,,,,,,Social Sciences ,,,
688,0014-2921,0014-2921,,European Economic Review,Active,1969-2026,,Journal,,Social Sciences,,,,,,,,,,,,,"Economics, Econometrics and Finance ",,,,,,,,,,,,,,,,
689,1354-7798,1354-7798,1468-036X,European Financial Management,Active,1995-2026,,Journal,,Social Sciences,,,,,,,"Business, Management and Accounting ",,,,,,"Economics, Econometrics and Finance ",,,,,,,,,,,,,,,,
690,,,,,,,,,,,,,,,,,,,,,,,,,,,,,,,,,,,,,,,
691,0267-3231,0267-3231,1460-3705,European Journal of Communication,Active,1986-2026,,Journal,,Social Sciences,,,,,Arts and Humanities ,,,,,,,,,,,,,,,,,,,,,Social Sciences ,,,
692,1824-2979,1824-2979,,European Journal of Comparative Economics,Active,2017-2025,,Journal,,Social Sciences,,,,,,,,,,,,,"Economics, Econometrics and Finance ",,,,,,,,,,,,,,,,
693,0957-8811,0957-8811,1743-9728,European Journal of Development Research,Active,1989-2026,,Journal,,Social Sciences,,,,,,,,,,,,,,,,,,,,,,,,,,Social Sciences ,,,
694,2052-7764,2052-7764,2052-7772,European Journal of Economics and Economic Policies: Intervention,Active,2004-2025,,Journal,,Social Sciences,,,,,,,,,,,,,"Economics, Econometrics and Finance ",,,,,,,,,,,,,,,,
695,2254-7088,,2254-7088,European Journal of Government and Economics,Active,2012-2025,,Journal,,Social Sciences,,,,,,,,,,,,,"Economics, Econometrics and Finance ",,,,,,,,,,,,,Social Sciences ,,,
696,1618-7598,1618-7598,1618-7601,European Journal of Health Economics,Active,2002-2026,,Journal,,Social Sciences,,Health Sciences,,,,,,,,,,,"Economics, Econometrics and Finance ",,,,,,,Medicine ,,,,,,,,,
697,0959-6801,0959-6801,1461-7129,European Journal of Industrial Relations,Active,1995-2026,,Journal,,Social Sciences,,,,,,,"Business, Management and Accounting ",,,,,,,,,,,,,,,,,,,,,,
698,0960-085X,0960-085X,1476-9344,European Journal of Information Systems,Active,1995-2026,,Journal,,Social Sciences,Physical Sciences,,,,,,"Business, Management and Accounting ",,,Computer Science ,Decision Sciences ,,,,,,,,,,,,,,,Social Sciences ,,,
699,1460-1060,1460-1060,1758-7115,European Journal of Innovation Management,Active,1998-2026,,Journal,,Social Sciences,,,,,,,"Business, Management and Accounting ",,,,,,,,,,,,,,,,,,,,,,
700,0938-5428,0938-5428,1464-3596,European Journal of International Law,Active,2005-2025,,Journal,,Social Sciences,,,,,,,,,,,,,,,,,,,,,,,,,,Social Sciences ,,,
701,1751-6757,1751-6757,1751-6765,European Journal of International Management,Active,2007-2026,,Journal,,Social Sciences,,,,,,,"Business, Management and Accounting ",,,,,,,,,,,,,,,,,,,Social Sciences ,,,
702,1354-0661,1354-0661,1460-3713,European Journal of International Relations,Active,1995-2026,,Journal,,Social Sciences,,,,,,,,,,,,,,,,,,,,,,,,,,Social Sciences ,,,
703,0929-1261,0929-1261,1572-9990,European Journal of Law and Economics,Active,1994-2026,,Journal,,Social Sciences,,,,,,,"Business, Management and Accounting ",,,,,,"Economics, Econometrics and Finance ",,,,,,,,,,,,,Social Sciences ,,,
704,2444-8451,2444-8451,2444-8494,European Journal of Management and Business Economics,Active,2016-2026,,Journal,,Social Sciences,,,,,,,"Business, Management and Accounting ",,,,,,"Economics, Econometrics and Finance ",,,,,,,,,,,,,,,,
705,2183-4172,2183-4172,2635-2648,European Journal of Management Studies,Active,2022-2026,,Journal,,Social Sciences,,,,,,,"Business, Management and Accounting ",,,,,,,,,,,,,,,,,,,,,,
706,0309-0566,0309-0566,1758-7123,European Journal of Marketing,Active,1967-2026,,Journal,,Social Sciences,,,,,,,"Business, Management and Accounting ",,,,,,,,,,,,,,,,,,,,,,
707,0377-2217,0377-2217,,European Journal of Operational Research,Active,1977-2026,,Journal,,Social Sciences,Physical Sciences,,,,,,,,,Computer Science ,Decision Sciences ,,,,,,,,Mathematics ,,,,,,,,,,
708,0890-2070,0890-2070,1099-0984,European Journal of Personality,Active,1987-2026,,Journal,,Social Sciences,,,,,,,,,,,,,,,,,,,,,,,,,Psychology ,,,,
709,0176-2680,0176-2680,,European Journal of Political Economy,Active,1985-2026,,Journal,,Social Sciences,,,,,,,,,,,,,"Economics, Econometrics and Finance ",,,,,,,,,,,,,Social Sciences ,,,
710,0304-4130,0304-4130,1475-6765,European Journal of Political Research,Active,1973-2025,,Journal,,Social Sciences,,,,,,,,,,,,,,,,,,,,,,,,,,Social Sciences ,,,
711,0168-6577,0168-6577,1572-9885,European Journal of Population,Active,1985-2026,,Journal,,Social Sciences,,,,,,,,,,,,,,,,,,,,,,,,,,Social Sciences ,,,
712,1015-5759,1015-5759,2151-2426,European Journal of Psychological Assessment,Active,1996-2026,,Journal,,Social Sciences,,,,,,,,,,,,,,,,,,,,,,,,,Psychology ,,,,
713,1101-1262,1101-1262,1464-360X,European Journal of Public Health,Active,1991-2026,,Journal,,,,Health Sciences,,,,,,,,,,,,,,,,,,Medicine ,,,,,,,,,
714,0046-2772,0046-2772,1099-0992,European Journal of Social Psychology,Active,1971-2026,,Journal,,Social Sciences,,,,,,,,,,,,,,,,,,,,,,,,,Psychology ,,,,
715,0967-2567,0967-2567,1469-5936,European Journal of the History of Economic Thought,Active,1993-2026,,Journal,,Social Sciences,,,,,Arts and Humanities ,,,,,,,,"Economics, Econometrics and Finance ",,,,,,,,,,,,,,,,
716,1994-7658,1994-7658,1314-0817,European Journal of Tourism Research,Active,2008-2026,,Journal,,Social Sciences,,,,,,,"Business, Management and Accounting ",,,,,,,,,,,,,,,,,,,Social Sciences ,,,
717,2046-9012,2046-9012,2046-9020,European Journal of Training and Development,Active,2012-2026,,Journal,,Social Sciences,,,,,,,"Business, Management and Accounting ",,,,,,,,,,,,,,,,,,,Social Sciences ,,,
718,1567-7133,1567-7133,1567-7141,European Journal of Transport and Infrastructure Research,Active,2008-2026; 2002,,Journal,,Social Sciences,,,,,,,,,,,,,,,,,,,,,,,,,,Social Sciences ,,,
719,1359-432X,1359-432X,1464-0643,European Journal of Work and Organizational Psychology,Active,2005-2026,,Journal,,Social Sciences,,,,,,,"Business, Management and Accounting ",,,,,,,,,,,,,,,,,,Psychology ,,,,
720,1351-5993,1351-5993,1468-0386,European Law Journal,Active,1995-2026,,Journal,,Social Sciences,,,,,,,,,,,,,,,,,,,,,,,,,,Social Sciences ,,,
721,0307-5400,0307-5400,,European Law Review,Active,2008-2026; 1995,,Journal,,Social Sciences,,,,,,,,,,,,,,,,,,,,,,,,,,Social Sciences ,,,
722,0263-2373,0263-2373,,European Management Journal,Active,1982-2026,,Journal,,Social Sciences,,,,,,,"Business, Management and Accounting ",,,,,,,,,,,,,,,,,,,,,,
723,1740-4754,1740-4754,1740-4762,European Management Review,Active,2008-2026; 2006; 2004,,Journal,,Social Sciences,,,,,,,"Business, Management and Accounting ",,,,,,,,,,,,,,,,,,,,,,
724,2444-8834,2444-8834,,European Research on Management and Business Economics,Active,2016-2026,,Journal,,Social Sciences,,,,,,,"Business, Management and Accounting ",,,,,,"Economics, Econometrics and Finance ",,,,,,,,,,,,,,,,
725,0165-1587,0165-1587,1464-3618,European Review of Agricultural Economics,Active,1986-2026; 1981-1982,,Journal,Life Sciences,Social Sciences,,,,Agricultural and Biological Sciences ,,,,,,,,,"Economics, Econometrics and Finance ",,,,,,,,,,,,,,,,
726,1361-4916,1361-4916,1474-0044,European Review of Economic History,Active,2001-2026; 1999,,Journal,,Social Sciences,,,,,Arts and Humanities ,,,,,,,,"Economics, Econometrics and Finance ",,,,,,,,,,,,,,,,
727,1618-4742,1618-4742,1746-031X,European Sport Management Quarterly,Active,2009-2026; 2001-2003,,Journal,,Social Sciences,,,,,,,"Business, Management and Accounting ",,,,,,,,,,,,,,,,,,,,,,
728,0014-3138,0014-3138,2352-9199,European Taxation,Active,2019-2026,,Journal,,Social Sciences,,,,,,,,,,,,,"Economics, Econometrics and Finance ",,,,,,,,,,,,,Social Sciences ,,,
729,1825-3997,1825-3997,,European Transport - Trasporti Europei,Active,2015-2026; 2010-2013; 2008; 2006; 1995-1996,,Journal,,Social Sciences,Physical Sciences,,,,,,,,,,,,,,Engineering ,,,,,,,,,,,Social Sciences ,,,
730,,,,,,,,,,,,,,,,,,,,,,,,,,,,,,,,,,,,,,,
731,0969-7764,0969-7764,1461-7145,European Urban and Regional Studies,Active,1994-2026,,Journal,,Social Sciences,Physical Sciences,,,,,,,,,,,,,,,Environmental Science ,,,,,,,,,,Social Sciences ,,,
732,1356-3890,1356-3890,1461-7153,Evaluation,Active,1995-2026,,Journal,,Social Sciences,,,,,,,,,,,,,,,,,,,,,,,,,,Social Sciences ,,,
733,0193-841X,0193-841X,1552-3926,Evaluation Review,Active,1977-2026,,Journal,,Social Sciences,,,,,Arts and Humanities ,,,,,,,,,,,,,,,,,,,,,Social Sciences ,,,
734,1525-9951,1525-9951,,Event Management,Active,2005-2026,,Journal,,Social Sciences,,,,,,,"Business, Management and Accounting ",,,,,,,,,,,,,,,,,,,,,,
735,2049-3983,2049-3983,2049-3991,Evidence-based HRM,Active,2013-2026,,Journal,,Social Sciences,,,,,,,"Business, Management and Accounting ",,,,,,"Economics, Econometrics and Finance ",,,,,,,,,,,,Psychology ,,,,
736,1386-4157,1386-4157,1573-6938,Experimental Economics,Active,2000-2026; 1998,,Journal,,Social Sciences,,,,,,,,,,,,,"Economics, Econometrics and Finance ",,,,,,,,,,,,,,,,
737,1473-7167,1473-7167,1744-8379,Expert Review of Pharmacoeconomics and Outcomes Research,Active,2001-2026,,Journal,,,,Health Sciences,,,,,,,,,,,,,,,,,,Medicine ,,,,,,,,,
738,0014-4983,0014-4983,1090-2457,Explorations in Economic History,Active,1969-2026,,Journal,,Social Sciences,,,,,Arts and Humanities ,,,,,,,,"Economics, Econometrics and Finance ",,,,,,,,,,,,,,,,
739,0263-2772,0263-2772,1758-7131,Facilities,Active,1983-2026,,Journal,,Social Sciences,Physical Sciences,,,,,,,,,,,,,,Engineering ,,,,,,,,,,,Social Sciences ,,,
740,,,,,,,,,,,,,,,,,,,,,,,,,,,,,,,,,,,,,,,
741,,,,,,,,,,,,,,,,,,,,,,,,,,,,,,,,,,,,,,,
742,0894-4865,0894-4865,1741-6248,Family Business Review,Active,1988-2026,,Journal,,Social Sciences,,,,,,,"Business, Management and Accounting ",,,,,,"Economics, Econometrics and Finance ",,,,,,,,,,,,,,,,
743,,,,,,,,,,,,,,,,,,,,,,,,,,,,,,,,,,,,,,,
744,0067-205X,0067-205X,1444-6928,Federal Law Review,Active,2018-2026; 2006,,Journal,,Social Sciences,,,,,,,,,,,,,,,,,,,,,,,,,,Social Sciences ,,,
745,1354-5701,1354-5701,1466-4372,Feminist Economics,Active,1995-2026,,Journal,,Social Sciences,,,,,Arts and Humanities ,,"Business, Management and Accounting ",,,,,,"Economics, Econometrics and Finance ",,,,,,,,,,,,,Social Sciences ,,,
746,2319-7145,2319-7145,2455-2658,FIIB Business Review,Active,2011-2026,,Journal,,Social Sciences,,,,,,,"Business, Management and Accounting ",,,,,,,,,,,,,,,,,,,,,,
747,0752-6180,0752-6180,2101-0145,Finance,Active,2019-2024,,Journal,,Social Sciences,,,,,,,,,,,,,"Economics, Econometrics and Finance ",,,,,,,,,,,,,,,,
748,0949-2984,0949-2984,1432-1122,Finance and Stochastics,Active,2004-2026,,Journal,,Social Sciences,Physical Sciences,,,,,,,,,,Decision Sciences ,,"Economics, Econometrics and Finance ",,,,,,Mathematics ,,,,,,,,,,
749,0970-3772,0970-3772,,Finance India,Active,2018-2025,,Journal,,Social Sciences,,,,,,,"Business, Management and Accounting ",,,,,,"Economics, Econometrics and Finance ",,,,,,,,,,,,,,,,
750,1544-6123,1544-6123,1544-6131,Finance Research Letters,Active,2004-2026,,Journal,,Social Sciences,,,,,,,,,,,,,"Economics, Econometrics and Finance ",,,,,,,,,,,,,,,,
751,0267-4424,0267-4424,1468-0408,Financial Accountability and Management,Active,1985-2026,,Journal,,Social Sciences,,,,,,,"Business, Management and Accounting ",,,,,,"Economics, Econometrics and Finance ",,,,,,,,,,,,,,,,
752,0015-198X,0015-198X,,Financial Analysts Journal,Active,1996-2026,,Journal,,Social Sciences,,,,,,,"Business, Management and Accounting ",,,,,,"Economics, Econometrics and Finance ",,,,,,,,,,,,,,,,
753,0968-5650,0968-5650,1474-0052,Financial History Review,Active,2003-2026; 1994-1999,,Journal,,Social Sciences,,,,,Arts and Humanities ,,,,,,,,"Economics, Econometrics and Finance ",,,,,,,,,,,,,,,,
754,2199-4730,,2199-4730,Financial Innovation,Active,2015-2026,,Journal,,Social Sciences,,,,,,,"Business, Management and Accounting ",,,,,,"Economics, Econometrics and Finance ",,,,,,,,,,,,,,,,
755,0046-3892,0046-3892,1755-053X,Financial Management,Active,1996-2026,,Journal,,Social Sciences,,,,,,,"Business, Management and Accounting ",,,,,,"Economics, Econometrics and Finance ",,,,,,,,,,,,,,,,
756,1934-4554,1934-4554,2373-8529,Financial Markets and Portfolio Management,Active,2006-2026,,Journal,,Social Sciences,,,,,,,"Business, Management and Accounting ",,,,,,"Economics, Econometrics and Finance ",,,,,,,,,,,,,,,,
757,0963-8008,0963-8008,1468-0416,"Financial Markets, Institutions and Instruments",Active,2003-2025,,Journal,,Social Sciences,,,,,,,,,,,,,"Economics, Econometrics and Finance ",,,,,,,,,,,,,,,,
758,,,,,,,,,,,,,,,,,,,,,,,,,,,,,,,,,,,,,,,
759,2573-8615,,2573-8615,Financial Planning Review,Active,2018-2026,,Journal,,Social Sciences,,,,,,,,,,,,,"Economics, Econometrics and Finance ",,,,,,,,,,,,,,,,
760,,,,,,,,,,,,,,,,,,,,,,,,,,,,,,,,,,,,,,,
761,0732-8516,0732-8516,1540-6288,Financial Review,Active,1969-2026,,Journal,,Social Sciences,,,,,,,,,,,,,"Economics, Econometrics and Finance ",,,,,,,,,,,,,,,,
762,,,,,,,,,,,,,,,,,,,,,,,,,,,,,,,,,,,,,,,
763,1057-0810,1057-0810,,Financial Services Review,Active,2022-2026; 2007-2008; 2001-2003; 1998-1999; 1991-1995,,Journal,,Social Sciences,,,,,,,"Business, Management and Accounting ",,,,,,"Economics, Econometrics and Finance ",,,,,,,,,,,,,,,,
764,,,,,,,,,,,,,,,,,,,,,,,,,,,,,,,,,,,,,,,
765,,,,,,,,,,,,,,,,,,,,,,,,,,,,,,,,,,,,,,,
766,1396-0466,,1396-0466,First Monday,Active,1996-2026,,Journal,,Social Sciences,Physical Sciences,,,,,,,,,Computer Science ,,,,,,,,,,,,,,,,Social Sciences ,,,
767,0143-5671,0143-5671,1475-5890,Fiscal Studies,Active,1979-2026,,Journal,,Social Sciences,,,,,,,"Business, Management and Accounting ",,,,,,"Economics, Econometrics and Finance ",,,,,,,,,,,,,,,,
768,1936-6582,1936-6582,1936-6590,Flexible Services and Manufacturing Journal,Active,2008-2026; 2006,,Journal,,Social Sciences,Physical Sciences,,,,,,,,,,Decision Sciences ,,,,Engineering ,,,,,,,,,,,,,,
769,0306-9192,0306-9192,,Food Policy,Active,1975-2026,,Journal,Life Sciences,Social Sciences,Physical Sciences,,,Agricultural and Biological Sciences ,,,,,,,,,"Economics, Econometrics and Finance ",,,Environmental Science ,,,,,,,,,,Social Sciences ,,,
770,0950-3293,0950-3293,,Food Quality and Preference,Active,1993-2026; 1988-1991,,Journal,Life Sciences,,,Health Sciences,,Agricultural and Biological Sciences ,,,,,,,,,,,,,,,,,,Nursing ,,,,,,,
771,,,,,,,,,,,,,,,,,,,,,,,,,,,,,,,,,,,,,,,
772,0015-7120,0015-7120,,Foreign Affairs,Active,1996-2025; 1991-1992; 1989; 1984-1985; 1977-1981; 1974; 1965,,Journal,,Social Sciences,,,,,,,,,,,,,,,,,,,,,,,,,,Social Sciences ,,,
773,0015-7228,0015-7228,,Foreign Policy,Inactive,2022-2023; 2020; 2017-2018; 1998-2015; 1984-1985; 1981; 1979,,Journal,,Social Sciences,,,,,,,,,,,,,,,,,,,,,,,,,,Social Sciences ,,,
774,0015-7325,0015-7325,0971-7625,Foreign Trade Review,Active,1966-2026,,Journal,,Social Sciences,,,,,,,"Business, Management and Accounting ",,,,,,"Economics, Econometrics and Finance ",,,,,,,,,,,,,,,,
775,foresight,3009-6294,3062-6307,Foresight,Active,1999-2026,,Journal,,Social Sciences,,,,,,,"Business, Management and Accounting ",,,,,,,,,,,,,,,,,,,,,,
776,1389-9341,1389-9341,,Forest Policy and Economics,Active,2000-2026,,Journal,Life Sciences,Social Sciences,Physical Sciences,,,Agricultural and Biological Sciences ,,,,,,,,,"Economics, Econometrics and Finance ",,,Environmental Science ,,,,,,,,,,Social Sciences ,,,
777,2194-6191,2194-6191,1558-9544,Forum for Health Economics and Policy,Active,2008-2025,,Journal,,Social Sciences,,Health Sciences,,,,,,,,,,,"Economics, Econometrics and Finance ",,,,,,,Medicine ,,,,,,,,,
778,0736-0932,0736-0932,1874-6381,Forum for Social Economics,Active,2011-2026; 2008; 2004; 1975-1998; 1971,,Journal,,Social Sciences,,,,,,,,,,,,,"Economics, Econometrics and Finance ",,,,,,,,,,,,,Social Sciences ,,,
779,,,,,,,,,,,,,,,,,,,,,,,,,,,,,,,,,,,,,,,
780,1554-0642,1554-0642,1554-0650,Foundations and Trends in Accounting,Active,2018-2025; 2014-2016; 2006-2012,,Journal,,Social Sciences,,,,,,,"Business, Management and Accounting ",,,,,,"Economics, Econometrics and Finance ",,,,,,,,,,,,,,,,
781,1551-3076,1551-3076,1551-3084,Foundations and Trends in Econometrics,Active,2009-2024; 2005-2006,,Journal,,Social Sciences,,,,,,,,,,,,,"Economics, Econometrics and Finance ",,,,,,,,,,,,,,,,
782,1567-2395,1567-2395,1567-2409,Foundations and Trends in Finance,Active,2023-2025; 2020-2021; 2017; 2005-2015,,Journal,,Social Sciences,,,,,,,,,,,,,"Economics, Econometrics and Finance ",,,,,,,,,,,,,,,,
783,1547-9846,1547-9846,1547-9854,Foundations and Trends in Microeconomics,Active,2025; 2021; 2017-2018; 2005-2015,,Journal,,Social Sciences,,,,,,,,,,,,,"Economics, Econometrics and Finance ",,,,,,,,,,,,,,,,
784,,,,,,,,,,,,,,,,,,,,,,,,,,,,,,,,,,,,,,,
785,1673-3444,1673-3444,1673-3568,Frontiers of Economics in China,Inactive,2006-2026,,Journal,,Social Sciences,,,,,,,,,,,,,"Economics, Econometrics and Finance ",,,,,,,,,,,,,,,,
786,0016-3287,0016-3287,,Futures,Active,1968-2026,,Journal,,Social Sciences,,,,,,,"Business, Management and Accounting ",,,,,,,,,,,,,,,,,,,Social Sciences ,,,
787,1136-0593,1136-0593,2445-4192,Fuzzy Economic Review,Active,2002-2024,,Journal,,Social Sciences,,,,,,,,,,,,,"Economics, Econometrics and Finance ",,,,,,,,,,,,,,,,
788,1411-1128,1411-1128,2338-7238,Gadjah Mada International Journal of Business,Active,2010-2026,,Journal,,Social Sciences,,,,,,,"Business, Management and Accounting ",,,,,,,,,,,,,,,,,,,,,,
789,2073-4336,,2073-4336,Games,Active,2010-2026,,Journal,,Social Sciences,Physical Sciences,,,,,,,,,,Decision Sciences ,,,,,,,,Mathematics ,,,,,,,,,,
790,0899-8256,0899-8256,1090-2473,Games and Economic Behavior,Active,1989-2026,,Journal,,Social Sciences,,,,,,,,,,,,,"Economics, Econometrics and Finance ",,,,,,,,,,,,,,,,
791,0891-2432,0891-2432,1552-3977,Gender and Society,Active,1987-2026,,Journal,,Social Sciences,,,,,Arts and Humanities ,,,,,,,,,,,,,,,,,,,,,Social Sciences ,,,
792,1754-2413,1754-2413,1754-2421,Gender in Management,Active,2008-2026,,Journal,,Social Sciences,,,,,,,"Business, Management and Accounting ",,,,,,,,,,,,,,,,,,,Social Sciences ,,,
793,0968-6673,0968-6673,1468-0432,"Gender, Work and Organization",Active,1994-2026,,Journal,,Social Sciences,,,,,,,"Business, Management and Accounting ",,,,,,,,,,,,,,,,,,,Social Sciences ,,,
794,1465-6485,1465-6485,1468-0475,German Economic Review,Active,2001-2026,,Journal,,Social Sciences,,,,,,,,,,,,,"Economics, Econometrics and Finance ",,,,,,,,,,,,,,,,
795,0002-1121,0002-1121,2191-4028,German Journal of Agricultural Economics,Active,2011-2026,,Journal,Life Sciences,Social Sciences,,,,Agricultural and Biological Sciences ,,,,,,,,,"Economics, Econometrics and Finance ",,,,,,,,,,,,,,,,
796,2397-0022,2397-0022,2397-0030,German Journal of Human Resource Management,Active,2016-2026,,Journal,,Social Sciences,,,,,,,"Business, Management and Accounting ",,,,,,,,,,,,,,,,,,,,,,
797,1097-4954,1097-4954,1745-1329,Global Business and Economics Review,Active,2003-2026,,Journal,,Social Sciences,,,,,,,"Business, Management and Accounting ",,,,,,"Economics, Econometrics and Finance ",,,,,,,,,,,,,,,,
798,1932-2054,1932-2054,1932-2062,Global Business and Organizational Excellence,Active,2006-2026,,Journal,,Social Sciences,,,,,,,"Business, Management and Accounting ",,,,,,,,,,,,,,,,,,,,,,
799,0972-1509,0972-1509,0973-0664,Global Business Review,Active,2000-2026,,Journal,,Social Sciences,,,,,,,"Business, Management and Accounting ",,,,,,,,,,,,,,,,,,,,,,
800,1226-508X,1226-508X,1744-3873,Global Economic Review,Active,1996-2026,,Journal,,Social Sciences,,,,,,,"Business, Management and Accounting ",,,,,,"Economics, Econometrics and Finance ",,,,,,,,,,,,,Social Sciences ,,,
801,2194-5659,2194-5659,1553-5304,Global Economy Journal,Active,2006-2026,,Journal,,Social Sciences,,,,,,,,,,,,,"Economics, Econometrics and Finance ",,,,,,,,,,,,,,,,
802,0959-3780,0959-3780,1872-9495,Global Environmental Change,Active,1990-2026,,Journal,,Social Sciences,Physical Sciences,,,,,,,,,,,,,,,Environmental Science ,,,,,,,,,,Social Sciences ,,,
803,1526-3800,1526-3800,,Global Environmental Politics,Active,2006-2026; 2003,,Journal,,Social Sciences,Physical Sciences,,,,,,,,,,,,,Energy ,,Environmental Science ,,,,,,,,,,Social Sciences ,,,
804,1044-0283,1044-0283,,Global Finance Journal,Active,1989-2026,,Journal,,Social Sciences,,,,,,,,,,,,,"Economics, Econometrics and Finance ",,,,,,,,,,,,,,,,
805,,,,,,,,,,,,,,,,,,,,,,,,,,,,,,,,,,,,,,,
806,0972-2696,0972-2696,0974-0198,Global Journal of Flexible Systems Management,Active,2000-2026,,Journal,,Social Sciences,,,,,,,"Business, Management and Accounting ",,,,,,,,,,,,,,,,,,,,,,
807,2514-9342,2514-9342,2514-9350,"Global Knowledge, Memory and Communication",Active,2018-2026,,Journal,,Social Sciences,,,,,,,,,,,,,,,,,,,,,,,,,,Social Sciences ,,,
808,1470-2266,1470-2266,1471-0374,Global Networks,Active,2001-2026,,Journal,,Social Sciences,,,,,,,,,,,,,,,,,,,,,,,,,,Social Sciences ,,,
809,1468-0181,1468-0181,1741-2803,Global Social Policy,Active,2001-2026,,Journal,,Social Sciences,Physical Sciences,,,,,,,,,,,,,,,Environmental Science ,,,,,,,,,,Social Sciences ,,,
810,2042-5805,,2042-5805,Global Strategy Journal,Active,2014-2026; 2011,,Journal,,Social Sciences,,,,,,,"Business, Management and Accounting ",,,,,,,,,,,,,,,,,,,,,,
811,,,,,,,,,,,,,,,,,,,,,,,,,,,,,,,,,,,,,,,
812,0740-624X,0740-624X,,Government Information Quarterly,Active,1984-2026,,Journal,,Social Sciences,,,,,,,,,,,,,,,,,,,,,,,,,,Social Sciences ,,,
813,1038-3441,1038-3441,1839-4205,Griffith Law Review,Active,2008-2026; 2003-2006,,Journal,,Social Sciences,,,,,,,,,,,,,,,,,,,,,,,,,,Social Sciences ,,,
814,1059-6011,1059-6011,1552-3993,Group and Organization Management,Active,1976-2026,,Journal,,Social Sciences,,,,,Arts and Humanities ,,"Business, Management and Accounting ",,,,,,,,,,,,,,,,,,Psychology ,,,,
815,0926-2644,0926-2644,1572-9907,Group Decision and Negotiation,Active,1992-2026,,Journal,,Social Sciences,,,,,Arts and Humanities ,,"Business, Management and Accounting ",,,,Decision Sciences ,,,,,,,,,,,,,,,Social Sciences ,,,
816,1089-2699,1089-2699,1930-7802,Group Dynamics,Active,1997-2025,,Journal,,Social Sciences,,,,,,,,,,,,,,,,,,,,,,,,,Psychology ,,,,
817,1368-4302,1368-4302,1461-7188,Group Processes and Intergroup Relations,Active,1998-2026,,Journal,,Social Sciences,,,,,Arts and Humanities ,,,,,,,,,,,,,,,,,,,,Psychology ,Social Sciences ,,,
818,0017-4815,0017-4815,1468-2257,Growth and Change,Active,1970-2026,,Journal,,,Physical Sciences,,,,,,,,,,,,,,,Environmental Science ,,,,,,,,,,,,,
819,0197-3975,0197-3975,,Habitat International,Active,1982-2026; 1976-1980; 1970,,Journal,,Social Sciences,,,,,,,,,,,,,,,,,,,,,,,,,,Social Sciences ,,,
820,0017-8012,0017-8012,,Harvard Business Review,Active,1989-2025; 1978-1987; 1974,,Journal,,Social Sciences,,,,,,,"Business, Management and Accounting ",,,,,,"Economics, Econometrics and Finance ",,,,,,,,,,,,,,,,
821,0147-8257,0147-8257,,Harvard Environmental Law Review,Active,1996-2025; 1989; 1987; 1979-1983,,Journal,,Social Sciences,Physical Sciences,,,,,,,,,,,,,,,Environmental Science ,,,,,,,,,,Social Sciences ,,,
822,0017-8063,0017-8063,,Harvard International Law Journal,Active,2022-2026; 1996-2019; 1992; 1979,,Journal,,Social Sciences,,,,,,,,,,,,,,,,,,,,,,,,,,Social Sciences ,,,
823,0193-4872,0193-4872,,Harvard Journal of Law and Public Policy,Active,1995-2026; 1990; 1985; 1980,,Journal,,Social Sciences,,,,,,,,,,,,,,,,,,,,,,,,,,Social Sciences ,,,
824,,,,,,,,,,,,,,,,,,,,,,,,,,,,,,,,,,,,,,,
825,0017-811X,0017-811X,,Harvard Law Review,Active,1973-2026,,Journal,,Social Sciences,,,,,,,,,,,,,,,,,,,,,,,,,,Social Sciences ,,,
826,,,,,,,,,,,,,,,,,,,,,,,,,,,,,,,,,,,,,,,
827,0361-6274,0361-6274,1550-5030,Health Care Management Review,Active,1976-2026,,Journal,,Social Sciences,,Health Sciences,,,,,"Business, Management and Accounting ",,,,,,,,,,,,,Medicine ,,Nursing ,,,,,,,
828,1386-9620,1386-9620,1572-9389,Health Care Management Science,Active,1998-2026,,Journal,,,,Health Sciences,,,,,,,,,,,,,,,,,,Medicine ,,,,,,,,,Health Professions 
829,1041-0236,1041-0236,1532-7027,Health Communication,Active,1989-2026,,Journal,,Social Sciences,,,,,,,,,,,,,,,,,,,,,,,,,,Social Sciences ,,,
830,1057-9230,1057-9230,1099-1050,Health Economics (United Kingdom),Active,1992-2026,,Journal,,,,Health Sciences,,,,,,,,,,,,,,,,,,Medicine ,,,,,,,,,
831,2191-1991,,2191-1991,Health Economics Review,Active,2011-2026,,Journal,,,,Health Sciences,,,,,,,,,,,,,,,,,,Medicine ,,,,,,,,,
832,1744-1331,1744-1331,1744-134X,"Health Economics, Policy and Law",Active,2006-2026,,Journal,,,,Health Sciences,,,,,,,,,,,,,,,,,,Medicine ,,,,,,,,,
833,1460-4582,1460-4582,1741-2811,Health Informatics Journal,Active,1995-2026,,Journal,,,,Health Sciences,,,,,,,,,,,,,,,,,,Medicine ,,,,,,,,,
834,0735-9683,0735-9683,1545-0864,Health Marketing Quarterly,Active,1983-2026,,Journal,,Social Sciences,,Health Sciences,,,,,"Business, Management and Accounting ",,,,,,,,,,,,,,,,,,,,,,Health Professions 
835,0168-8510,0168-8510,1872-6054,Health Policy,Active,1984-2026,,Journal,,,,Health Sciences,,,,,,,,,,,,,,,,,,Medicine ,,,,,,,,,
836,0957-4824,0957-4824,1460-2245,Health Promotion International,Active,1986-2026,,Journal,,Social Sciences,,Health Sciences,,,,,,,,,,,,,,,,,,Medicine ,,,,,,Social Sciences ,,,
837,0951-4848,0951-4848,1758-1044,Health Services Management Research,Active,1988-2026,,Journal,,,,Health Sciences,,,,,,,,,,,,,,,,,,Medicine ,,,,,,,,,
838,0017-9124,0017-9124,1475-6773,Health Services Research,Active,1966-2026,,Journal,,,,Health Sciences,,,,,,,,,,,,,,,,,,Medicine ,,,,,,,,,
839,2047-6965,2047-6965,2047-6973,Health Systems,Active,2012-2026,,Journal,,Social Sciences,Physical Sciences,Health Sciences,,,,,,,,Computer Science ,Decision Sciences ,,,,,,,,,Medicine ,,,,,,,,,
840,0951-5224,0951-5224,1468-2273,Higher Education Quarterly,Active,1947-2026,,Journal,,Social Sciences,,,,,,,,,,,,,,,,,,,,,,,,,,Social Sciences ,,,
841,2042-3896,2042-3896,2042-390X,"Higher Education, Skills and Work-based Learning",Active,2010-2026,,Journal,,Social Sciences,,,,,,,,,,,,,,,,,,,,,,,,,,Social Sciences ,,,
842,1465-4466,1465-4466,1569-206X,Historical Materialism,Active,2002-2026; 1997-1998,,Journal,,Social Sciences,,,,,Arts and Humanities ,,,,,,,,"Economics, Econometrics and Finance ",,,,,,,,,,,,,Social Sciences ,,,
843,1362-1572,1362-1572,2049-4459,Historical Studies in Industrial Relations,Active,2018-2025,,Journal,,Social Sciences,,,,,Arts and Humanities ,,,,,,,,"Economics, Econometrics and Finance ",,,,,,,,,,,,,Social Sciences ,,,
844,1122-8792,1122-8792,1724-2169,History of Economic Ideas,Active,2011-2025,,Journal,,Social Sciences,,,,,Arts and Humanities ,,,,,,,,"Economics, Econometrics and Finance ",,,,,,,,,,,,,Social Sciences ,,,
845,2240-9971,2240-9971,2280-188X,History of Economic Thought and Policy,Active,2018-2025,,Journal,,Social Sciences,,,,,Arts and Humanities ,,,,,,,,"Economics, Econometrics and Finance ",,,,,,,,,,,,,Social Sciences ,,,
846,1037-0196,1037-0196,1838-6318,History of Economics Review,Active,1986-2025,,Journal,,Social Sciences,,,,,,,,,,,,,"Economics, Econometrics and Finance ",,,,,,,,,,,,,,,,
847,0018-2702,0018-2702,1527-1919,History of Political Economy,Active,1996-2026; 1986,,Journal,,Social Sciences,,,,,Arts and Humanities ,,,,,,,,"Economics, Econometrics and Finance ",,,,,,,,,,,,,,,,
848,hitotsubashi journal of economics,,2436-097X,Hitotsubashi Journal of Economics,Active,1996-2025,,Journal,,Social Sciences,,,,,,,"Business, Management and Accounting ",,,,,,"Economics, Econometrics and Finance ",,,,,,,,,,,,,,,,
849,,,,,,,,,,,,,,,,,,,,,,,,,,,,,,,,,,,,,,,
850,0378-0600,0378-0600,,Hong Kong Law Journal,Inactive,2016-2017; 2010-2014; 1985,,Journal,,Social Sciences,,,,,,,,,,,,,,,,,,,,,,,,,,Social Sciences ,,,
851,2042-7913,2042-7913,2042-7921,Hospitality and Society,Active,2011-2026,,Journal,,Social Sciences,,,,,,,"Business, Management and Accounting ",,,,,,,,,,,,,,,,,,,Social Sciences ,,,
852,1051-1482,1051-1482,2152-050X,Housing Policy Debate,Active,2010-2026; 1990-2008,,Journal,,Social Sciences,Physical Sciences,,,,,,,,,,,,,,,Environmental Science ,,,,,,,,,,Social Sciences ,,,
853,0267-3037,0267-3037,1466-1810,Housing Studies,Active,1986-2026,,Journal,,Social Sciences,Physical Sciences,,,,,,,,,,,,,,,Environmental Science ,,,,,,,,,,Social Sciences ,,,
854,,,,,,,,,,,,,,,,,,,,,,,,,,,,,,,,,,,,,,,
855,0895-9285,0895-9285,1532-7043,Human Performance,Active,1988-2026,,Journal,,Social Sciences,,,,,,,"Business, Management and Accounting ",,,,,,,,,,,,,,,,,,Psychology ,,,,
856,0018-7267,0018-7267,1741-282X,Human Relations,Active,1947-2026,,Journal,,Social Sciences,,,,,Arts and Humanities ,,"Business, Management and Accounting ",,,,,,,,,,,,,,,,,,,Social Sciences ,,,
857,1367-8868,1367-8868,1469-8374,Human Resource Development International,Active,1998-2026,,Journal,,Social Sciences,,,,,,,"Business, Management and Accounting ",,,,,,,,,,,,,,,,,,,,,,
858,1044-8004,1044-8004,1532-1096,Human Resource Development Quarterly,Active,1990-2026,,Journal,,Social Sciences,,,,,Arts and Humanities ,,"Business, Management and Accounting ",,,,,,,,,,,,,,,,,,,,,,
859,1534-4843,1534-4843,1552-6712,Human Resource Development Review,Active,2002-2026,,Journal,,Social Sciences,,,,,,,"Business, Management and Accounting ",,,,,,,,,,,,,,,,,,,,,,
860,0090-4848,0090-4848,1099-050X,Human Resource Management,Active,1961-2026,,Journal,,Social Sciences,,,,,,,"Business, Management and Accounting ",,,,,,,,,,,,,,,,,,Psychology ,,,,
861,0967-0734,0967-0734,1758-7166,Human Resource Management International Digest,Active,2002-2026,,Journal,,Social Sciences,,,,,,,"Business, Management and Accounting ",,,,,,,,,,,,,,,,,,,,,,
862,0954-5395,0954-5395,1748-8583,Human Resource Management Journal,Active,1990-2026,,Journal,,Social Sciences,,,,,,,"Business, Management and Accounting ",,,,,,,,,,,,,,,,,,,,,,
863,1053-4822,1053-4822,,Human Resource Management Review,Active,1991-2026,,Journal,,Social Sciences,,,,,,,"Business, Management and Accounting ",,,,,,,,,,,,,,,,,,Psychology ,,,,
864,0167-2533,0167-2533,,Human Systems Management,Active,1980-2026,,Journal,,Social Sciences,,,,,,,"Business, Management and Accounting ",,,,,,,,,,,,,,,,,,,,,,
865,0737-0024,0737-0024,1532-7051,Human-Computer Interaction,Active,1989-2026; 1985-1987,,Journal,,Social Sciences,Physical Sciences,,,,,,,,,Computer Science ,,,,,,,,,,,,,,,Psychology ,,,,
866,0386-1112,0386-1112,,IATSS Research,Active,2008-2026,,Journal,,Social Sciences,Physical Sciences,,,,,,,,,,,,,,Engineering ,,,,,,,,,,,Social Sciences ,,,
867,2049-1999,0258-3690,2049-1999,ICSID Review,Active,1996-2025,,Journal,,Social Sciences,,,,,,,,,,,,,"Economics, Econometrics and Finance ",,,,,,,,,,,,,Social Sciences ,,,
868,1558-0040,0018-9391,1558-0040,IEEE Transactions on Engineering Management,Active,1969-2026; 1967; 1964,,Journal,,Social Sciences,Physical Sciences,,,,,,"Business, Management and Accounting ",,,,,,,,Engineering ,,,,,,,,,,,,,,
869,1524-9050,1524-9050,1558-0016,IEEE Transactions on Intelligent Transportation Systems,Active,2000-2026,,Journal,,,Physical Sciences,,,,,,,,,Computer Science ,,,,,Engineering ,,,,,,,,,,,,,,
870,0361-1434,0361-1434,1558-1500,IEEE Transactions on Professional Communication,Active,1972-2026,,Journal,,Social Sciences,Physical Sciences,,,,,,"Business, Management and Accounting ",,,,,,,,Engineering ,,,,,,,,,,,Social Sciences ,,,
871,0018-9855,0018-9855,2195-0237,IIC International Review of Intellectual Property and Competition Law,Active,1994-2026; 1991; 1989; 1982,,Journal,,Social Sciences,,,,,,,,,,,,,,,,,,,,,,,,,,Social Sciences ,,,
872,2321-029X,2277-9752,2321-029X,IIM Kozhikode Society and Management Review,Active,2018-2026,,Journal,,Social Sciences,,,,,,,,,,,,,,,,,,,,,,,,,,Social Sciences ,,,
873,0970-3896,0970-3896,,IIMB Management Review,Active,2010-2026,,Journal,,Social Sciences,,,,,,,"Business, Management and Accounting ",,,,,,"Economics, Econometrics and Finance ",,,,,,,,,,,,,,,,
874,,2472-5854,2472-5862,IISE Transactions,Active,2017-2026,,Journal,,,,,,,,,,,,,,,,,,,,,,,,,,,,,,,
875,0019-7939,0019-7939,2162-271X,ILR Review,Active,1996-2026; 1984-1988; 1981-1982; 1978-1979; 1976; 1971-1972; 1969; 1965-1966; 1960-1961; 1958; 1956,,Journal,,Social Sciences,,,,,,,"Business, Management and Accounting ",,,,,,,,,,,,,,,,,,,,,,
876,,,,,,,,,,,,,,,,,,,,,,,,,,,,,,,,,,,,,,,
877,2041-4161,2041-4161,2041-417X,IMF Economic Review,Active,2010-2026,,Journal,,Social Sciences,,,,,,,"Business, Management and Accounting ",,,,,,"Economics, Econometrics and Finance ",,,,,,,,,,,,,,,,
878,1461-5517,1461-5517,1471-5465,Impact Assessment and Project Appraisal,Active,1998-2026,,Journal,,Social Sciences,Physical Sciences,,,,,,,,,,,,,,,Environmental Science ,,,,,,,,,,Social Sciences ,,,
879,0019-4662,0019-4662,2631-617X,Indian Economic Journal,Active,2021-2026; 2007; 2003,,Journal,,Social Sciences,,,,,,,,,,,,,"Economics, Econometrics and Finance ",,,,,,,,,,,,,,,,
880,0019-4670,0019-4670,2520-1778,Indian Economic Review,Active,2019-2026; 2017,,Journal,,Social Sciences,,,,,,,,,,,,,"Economics, Econometrics and Finance ",,,,,,,,,,,,,,,,
881,1753-8254,1753-8254,1753-8262,Indian Growth and Development Review,Active,2008-2026,,Journal,,Social Sciences,,,,,,,"Business, Management and Accounting ",,,,,,"Economics, Econometrics and Finance ",,,,,,,,,,,,,Social Sciences ,,,
882,0974-6862,0974-6862,2454-2482,Indian Journal of Corporate Governance,Active,2008-2026,,Journal,,Social Sciences,,,,,,,"Business, Management and Accounting ",,,,,,,,,,,,,,,,,,,,,,
883,,,,,,,,,,,,,,,,,,,,,,,,,,,,,,,,,,,,,,,
884,0971-5215,0971-5215,0973-0672,Indian Journal of Gender Studies,Active,1994-2026,,Journal,,Social Sciences,,,,,Arts and Humanities ,,,,,,,,,,,,,,,,,,,,,Social Sciences ,,,
885,,,,,,,,,,,,,,,,,,,,,,,,,,,,,,,,,,,,,,,
886,0019-5308,0019-5308,,Indian Journal of Labour Economics,Active,2015-2026; 1998-2013; 1996,,Journal,,Social Sciences,,,,,,,,,,,,,"Economics, Econometrics and Finance ",,,,,,,,,,,,,,,,
887,0973-8703,0973-8703,,Indian Journal of Marketing,Active,2009-2026,,Journal,,Social Sciences,,,,,,,"Business, Management and Accounting ",,,,,,,,,,,,,,,,,,,,,,
888,,,,,,,,,,,,,,,,,,,,,,,,,,,,,,,,,,,,,,,
889,,,,,,,,,,,,,,,,,,,,,,,,,,,,,,,,,,,,,,,
890,0960-6491,0960-6491,1464-3650,Industrial and Corporate Change,Active,1992-2026,,Journal,,Social Sciences,,,,,,,"Business, Management and Accounting ",,,,,,"Economics, Econometrics and Finance ",,,,,,,,,,,,,,,,
891,1754-9426,1754-9426,1754-9434,Industrial and Organizational Psychology,Active,2008-2026,,Journal,,Social Sciences,,,,,,,,,,,,,,,,,,,,,,,,,Psychology ,,,,
892,0305-9332,0305-9332,1464-3669,Industrial Law Journal,Active,1972-2025,,Journal,,Social Sciences,,,,,,,,,,,,,,,,,,,,,,,,,,Social Sciences ,,,
893,0263-5577,0263-5577,1758-5783,Industrial Management and Data Systems,Active,1980-2026,,Journal,,Social Sciences,Physical Sciences,,,,,,"Business, Management and Accounting ",,,Computer Science ,,,,,Engineering ,,,,,,,,,,,,,,
894,0019-8501,0019-8501,,Industrial Marketing Management,Active,1971-2026,,Journal,,Social Sciences,,,,,,,"Business, Management and Accounting ",,,,,,,,,,,,,,,,,,,,,,
895,0019-8692,0019-8692,1468-2338,Industrial Relations Journal,Active,2019-2026; 2010; 1981,,Journal,,Social Sciences,,,,,,,"Business, Management and Accounting ",,,,,,,,,,,,,,,,,,,,,,
896,0019-8676,0019-8676,1468-232X,Industrial Relations,Active,1961-2026,,Journal,,Social Sciences,,,,,,,"Business, Management and Accounting ",,,,,,,,,,,,,,,,,,,,,,
897,0950-4222,0950-4222,2043-6858,Industry and Higher Education,Active,1996-2026,,Journal,,Social Sciences,,,,,,,"Business, Management and Accounting ",,,,,,,,,,,,,,,,,,,Social Sciences ,,,
898,1366-2716,1366-2716,1469-8390,Industry and Innovation,Active,1997-2026,,Journal,,Social Sciences,,,,,,,"Business, Management and Accounting ",,,,,,,,,,,,,,,,,,,,,,
899,0315-5986,0315-5986,1916-0615,INFOR,Active,1995-2026; 1993; 1971-1991,,Journal,,Social Sciences,,,,,,,,,,,Decision Sciences ,,,,,,,,,,,,,,,,,,
900,1753-8157,1753-8157,1753-8165,Informatics for Health and Social Care,Active,2005-2026; 2002; 1976-1999,,Journal,,,,Health Sciences,,,,,,,,,,,,,,,,,,Medicine ,,Nursing ,,,,,,,Health Professions 
901,0378-7206,0378-7206,,Information and Management,Active,1977-2026,,Journal,,Social Sciences,Physical Sciences,,,,,,"Business, Management and Accounting ",,,Computer Science ,Decision Sciences ,,,,,,,,,,,,,,,,,,
902,1360-0834,1360-0834,1469-8404,Information and Communications Technology Law,Active,2003-2026; 1992-2001,,Journal,,Social Sciences,Physical Sciences,,,,,,,,,Computer Science ,,,,,,,,,,,,,,,,Social Sciences ,,,
903,0890-5401,0890-5401,1090-2651,Information and Computation,Active,1987-2026,,Journal,,,Physical Sciences,,,,,,,,,Computer Science ,,,,,,,,,Mathematics ,,,,,,,,,,
904,2056-4961,2056-4961,2056-497X,Information and Computer Security,Active,2015-2026,,Journal,,Social Sciences,Physical Sciences,,,,,,"Business, Management and Accounting ",,,Computer Science ,Decision Sciences ,,,,,,,,,,,,,,,,,,
905,1471-7727,1471-7727,,Information and Organization,Active,2001-2026; 1996-1997,,Journal,,Social Sciences,Physical Sciences,,,,,,"Business, Management and Accounting ",,,Computer Science ,,,,,,,,,,,,,,,,Social Sciences ,,,
906,2398-6247,2398-6247,2398-6255,Information Discovery and Delivery,Active,2017-2026,,Journal,,Social Sciences,Physical Sciences,,,,,,,,,Computer Science ,,,,,,,,,,,,,,,,Social Sciences ,,,
907,0167-6245,0167-6245,,Information Economics and Policy,Active,1993-2026; 1988-1989; 1986; 1983-1984,,Journal,,Social Sciences,Physical Sciences,,,,,,,,,,,,"Economics, Econometrics and Finance ",,,Environmental Science ,,,,,,,,,,,,,
908,1570-1255,1570-1255,1875-8754,Information Polity,Active,2002-2026,,Journal,,Social Sciences,Physical Sciences,,,,,,,,,Computer Science ,,,,,,,,,,,,,,,,Social Sciences ,,,
909,1040-1628,1040-1628,1533-7979,Information Resources Management Journal,Active,1988-2026,,Journal,,Social Sciences,,,,,,,"Business, Management and Accounting ",,,,,,,,,,,,,,,,,,,Social Sciences ,,,
910,1617-9846,1617-9846,1617-9854,Information Systems and e-Business Management,Active,2005-2026; 2003,,Journal,,,Physical Sciences,,,,,,,,,Computer Science ,,,,,,,,,,,,,,,,,,,
911,1387-3326,1387-3326,1572-9419,Information Systems Frontiers,Active,1999-2026,,Journal,,,Physical Sciences,,,,,,,,,Computer Science ,,,,,,,,,Mathematics ,,,,,,,,,,
912,1350-1917,1350-1917,1365-2575,Information Systems Journal,Active,1991-2026,,Journal,,,Physical Sciences,,,,,,,,,Computer Science ,,,,,,,,,,,,,,,,,,,
913,1058-0530,1058-0530,,Information Systems Management,Active,1992-2026,,Journal,,Social Sciences,Physical Sciences,,,,,,,,,Computer Science ,,,,,,,,,,,,,,,,Social Sciences ,,,
914,1047-7047,1047-7047,1526-5536,Information Systems Research,Active,1990-2026,,Journal,,Social Sciences,Physical Sciences,,,,,,"Business, Management and Accounting ",,,Computer Science ,Decision Sciences ,,,,,,,,,,,,,,,Social Sciences ,,,
915,0959-3845,0959-3845,1758-5813,Information Technology and People,Active,1994-2026; 1992; 1990,,Journal,,Social Sciences,Physical Sciences,,,,,,,,,Computer Science ,,,,,,,,,,,,,,,,Social Sciences ,,,
916,1098-3058,1098-3058,1943-4294,Information Technology and Tourism,Active,2014-2026,,Journal,,Social Sciences,Physical Sciences,,,,,,"Business, Management and Accounting ",,,Computer Science ,,,,,,,,,,,,,,,,,,,
917,1385-951X,1385-951X,1573-7667,Information Technology and Management,Active,2003-2026,,Journal,,Social Sciences,Physical Sciences,,,,,,"Business, Management and Accounting ",,,Computer Science ,,,,,,,,,,,,,,,,Social Sciences ,,,
918,0268-1102,0268-1102,1554-0170,Information Technology for Development,Active,2008-2025; 2003; 1998-2000; 1995-1996; 1986-1990,,Journal,,Social Sciences,Physical Sciences,,,,,,,,,Computer Science ,,,,,,,,,,,,,,,,Social Sciences ,,,
919,1369-118X,1369-118X,1468-4462,Information Communication and Society,Active,2005-2026; 2001,,Journal,,Social Sciences,,,,,,,,,,,,,,,,,,,,,,,,,,Social Sciences ,,,
920,,2644-0865,2644-0873,INFORMS Journal on Applied Analytics,Active,2019-2024,,Journal,,,,,,,,,,,,,,,,,,,,,,,,,,,,,,,
921,1091-9856,1091-9856,1526-5528,INFORMS Journal on Computing,Active,2003-2026; 1996-2001,,Journal,,Social Sciences,Physical Sciences,,,,,,,,,Computer Science ,Decision Sciences ,,,,,,,,,,,,,,,,,,
922,1532-0545,,1532-0545,INFORMS Transactions on Education,Active,2017-2025; 2012-2014; 2009; 2005-2007; 2001,,Journal,,Social Sciences,,,,,,,"Business, Management and Accounting ",,,,Decision Sciences ,,,,,,,,,,,,,,,Social Sciences ,,,
923,2949-7531,,2949-7531,Innovation and Green Development,Active,2022-2026,,Journal,,Social Sciences,Physical Sciences,,,,,,"Business, Management and Accounting ",,,,Decision Sciences ,,,Energy ,,,,,,,,,,,,,,,
924,1531-3468,1531-3468,1537-2618,Innovation Policy and the Economy,Inactive,2011-2020; 2009,,Book Series,,Social Sciences,,,,,,,"Business, Management and Accounting ",,,,,,"Economics, Econometrics and Finance ",,,,,,,,,,,,,,,,
925,1447-9338,1447-9338,,Innovation: Organization and Management,Active,2008-2026; 2006,,Journal,,Social Sciences,,,,,,,"Business, Management and Accounting ",,,,,,,,,,,,,,,,,,,,,,
926,1351-1610,1351-1610,1469-8412,Innovation: The European Journal of Social Science Research,Active,1988-2026,,Journal,,Social Sciences,,,,,,,"Business, Management and Accounting ",,,,,,,,,,,,,,,,,,,Social Sciences ,,,
927,,,,,,,,,,,,,,,,,,,,,,,,,,,,,,,,,,,,,,,
928,,,,,,,,,,,,,,,,,,,,,,,,,,,,,,,,,,,,,,,
929,,,,,,,,,,,,,,,,,,,,,,,,,,,,,,,,,,,,,,,
930,,,,,,,,,,,,,,,,,,,,,,,,,,,,,,,,,,,,,,,
931,0167-6687,0167-6687,,Insurance: Mathematics and Economics,Active,1982-2026,,Journal,,Social Sciences,Physical Sciences,,,,,,,,,,Decision Sciences ,,"Economics, Econometrics and Finance ",,,,,,Mathematics ,,,,,,,,,,
932,,,,,,,,,,,,,,,,,,,,,,,,,,,,,,,,,,,,,,,
933,,,,,,,,,,,,,,,,,,,,,,,,,,,,,,,,,,,,,,,
934,,,,,,,,,,,,,,,,,,,,,,,,,,,,,,,,,,,,,,,
935,,,,,,,,,,,,,,,,,,,,,,,,,,,,,,,,,,,,,,,
936,0953-5438,0953-5438,1873-7951,Interacting with Computers,Active,1989-2026,,Journal,,Social Sciences,Physical Sciences,,,,,,,,,Computer Science ,,,,,,,,,,,,,,,,Social Sciences ,,,
937,,,,,,,,,,,,,,,,,,,,,,,,,,,,,,,,,,,,,,,
938,2981-0795,,2981-0795,Interdisciplinary Journal of Management Studies,Active,2024-2026,,Journal,,Social Sciences,,,,,,,"Business, Management and Accounting ",,,,,,,,,,,,,,,,,,,,,,
939,0020-5346,0020-5346,1613-964X,Intereconomics,Active,1966-2026,,Journal,,Social Sciences,,,,,,,"Business, Management and Accounting ",,,,,,"Economics, Econometrics and Finance ",,,,,,,,,,,,,,,,
940,0020-5893,0020-5893,1471-6895,International and Comparative Law Quarterly,Active,1952-2026,,Journal,,Social Sciences,,,,,,,,,,,,,,,,,,,,,,,,,,Social Sciences ,,,
941,1083-0898,1083-0898,1573-966X,International Advances in Economic Research,Active,1995-2026,,Journal,,Social Sciences,,,,,,,,,,,,,"Economics, Econometrics and Finance ",,,,,,,,,,,,,,,,
942,0020-5850,0020-5850,1468-2346,International Affairs,Active,1996-2026; 1988-1989; 1979-1986,,Journal,,Social Sciences,,,,,,,,,,,,,,,,,,,,,,,,,,Social Sciences ,,,
943,,,,,,,,,,,,,,,,,,,,,,,,,,,,,,,,,,,,,,,
944,0969-5931,0969-5931,,International Business Review,Active,1993-2026,,Journal,,Social Sciences,,,,,,,"Business, Management and Accounting ",,,,,,"Economics, Econometrics and Finance ",,,,,,,,,,,,,,,,
945,,,,,,,,,,,,,,,,,,,,,,,,,,,,,,,,,,,,,,,
946,2044-4001,2044-3994,2044-4001,International Data Privacy Law,Active,2011-2025,,Journal,,Social Sciences,,,,,,,,,,,,,,,,,,,,,,,,,,Social Sciences ,,,
947,1474-6743,1474-6743,1478-3401,International Development Planning Review,Active,2002-2026,,Journal,,Social Sciences,,,,,,,,,,,,,,,,,,,,,,,,,,Social Sciences ,,,
948,1016-8737,1016-8737,1743-517X,International Economic Journal,Active,1987-2026,,Journal,,Social Sciences,,,,,,,,,,,,,"Economics, Econometrics and Finance ",,,,,,,,,,,,,,,,
949,0020-6598,0020-6598,1468-2354,International Economic Review,Active,1988-2026; 1979-1985,,Journal,,Social Sciences,,,,,,,,,,,,,"Economics, Econometrics and Finance ",,,,,,,,,,,,,,,,
950,1612-4804,1612-4804,1612-4812,International Economics and Economic Policy,Active,2005-2026,,Journal,,Social Sciences,,,,,,,,,,,,,"Economics, Econometrics and Finance ",,,,,,,,,,,,,,,,
951,1554-7191,1554-7191,1555-1938,International Entrepreneurship and Management Journal,Active,2006-2026,,Journal,,Social Sciences,,,,,,,"Business, Management and Accounting ",,,,,,,,,,,,,,,,,,,,,,
952,1567-9764,1567-9764,1573-1553,"International Environmental Agreements: Politics, Law and Economics",Active,2002-2026,,Journal,,Social Sciences,,,,,,,,,,,,,"Economics, Econometrics and Finance ",,,,,,,,,,,,,Social Sciences ,,,
953,1367-0271,1367-0271,1468-2362,International Finance,Active,1998-2026,,Journal,,Social Sciences,,,,,,,,,,,,,"Economics, Econometrics and Finance ",,,,,,,,,,,,,Social Sciences ,,,
954,1445-9795,1445-9795,1479-4276,International Gambling Studies,Active,2010-2026; 2007,,Journal,,Social Sciences,,,,,,,,,,,,,,,,,,,,,,,,,Psychology ,,,,
955,0219-1989,0219-1989,1793-6675,International Game Theory Review,Active,2002-2026; 1999,,Journal,,Social Sciences,Physical Sciences,,,,,,"Business, Management and Accounting ",,,Computer Science ,Decision Sciences ,,,,,,,,,,,,,,,,,,
956,,,,,,,,,,,,,,,,,,,,,,,,,,,,,,,,,,,,,,,
957,1180-0518,1180-0518,1099-1107,International Insolvency Review,Active,1993-2026; 1990-1991,,Journal,,Social Sciences,,,,,,,,,,,,,"Economics, Econometrics and Finance ",,,,,,,,,,,,,Social Sciences ,,,
958,,,,,,,,,,,,,,,,,,,,,,,,,,,,,,,,,,,,,,,
959,,,,,,,,,,,,,,,,,,,,,,,,,,,,,,,,,,,,,,,
960,,,,,,,,,,,,,,,,,,,,,,,,,,,,,,,,,,,,,,,
961,1834-7649,1834-7649,1758-9037,International Journal of Accounting and Information Management,Active,2007-2026,,Journal,,Social Sciences,,,,,,,"Business, Management and Accounting ",,,,,,,,,,,,,,,,,,,,,,
962,1467-0895,1467-0895,,International Journal of Accounting Information Systems,Active,2000-2026,,Journal,,Social Sciences,,,,,,,"Business, Management and Accounting ",,,,Decision Sciences ,,"Economics, Econometrics and Finance ",,,,,,,,,,,,,,,,
963,1740-8008,1740-8008,1740-8016,"International Journal of Accounting, Auditing and Performance Evaluation",Active,2004-2026,,Journal,,Social Sciences,,,,,,,"Business, Management and Accounting ",,,,,,"Economics, Econometrics and Finance ",,,,,,,,,,,,,,,,
964,,,,,,,,,,,,,,,,,,,,,,,,,,,,,,,,,,,,,,,
965,0265-0487,0265-0487,1759-3948,International Journal of Advertising,Active,1982-2026,,Journal,,Social Sciences,,,,,,,"Business, Management and Accounting ",,,,,,,,,,,,,,,,,,,Social Sciences ,,,
966,1462-4605,1462-4605,1741-5004,"International Journal of Agricultural Resources, Governance and Ecology",Active,2025; 2014-2023; 2011-2012; 2000-2009,,Journal,Life Sciences,,Physical Sciences,,,Agricultural and Biological Sciences ,,,,,,,,,,,,Environmental Science ,,,,,,,,,,,,,
967,,,,,,,,,,,,,,,,,,,,,,,,,,,,,,,,,,,,,,,
968,,,,,,,,,,,,,,,,,,,,,,,,,,,,,,,,,,,,,,,
969,,,,,,,,,,,,,,,,,,,,,,,,,,,,,,,,,,,,,,,
970,,,,,,,,,,,,,,,,,,,,,,,,,,,,,,,,,,,,,,,
971,1480-8986,1480-8986,,International Journal of Arts Management,Active,2011-2026,,Journal,,Social Sciences,,,,,Arts and Humanities ,,"Business, Management and Accounting ",,,,,,,,,,,,,,,,,,,,,,
972,1479-5914,1479-5914,1479-5922,International Journal of Asian Studies,Active,2009-2026; 2007; 2004-2005; 1996,,Journal,,Social Sciences,,,,,Arts and Humanities ,,,,,,,,,,,,,,,,,,,,,Social Sciences ,,,
973,1090-6738,1090-6738,1099-1123,International Journal of Auditing,Active,2009-2026,,Journal,,Social Sciences,,,,,,,"Business, Management and Accounting ",,,,,,"Economics, Econometrics and Finance ",,,,,,,,,,,,,,,,
974,1881-7629,1881-7629,1883-8022,International Journal of Automation Technology,Active,2007-2026,,Journal,,,Physical Sciences,,,,,,,,,,,,,,Engineering ,,,,,,,,,,,,,,
975,1229-9138,1229-9138,1976-3832,International Journal of Automotive Technology,Active,2000-2026,,Journal,,,Physical Sciences,,,,,,,,,,,,,,Engineering ,,,,,,,,,,,,,,
976,0265-2323,0265-2323,1758-5937,International Journal of Bank Marketing,Active,1983-2026,,Journal,,Social Sciences,,,,,,,"Business, Management and Accounting ",,,,,,,,,,,,,,,,,,,,,,
977,1755-3830,1755-3830,1755-3849,"International Journal of Banking, Accounting and Finance",Active,2008-2025,,Journal,,Social Sciences,,,,,,,"Business, Management and Accounting ",,,,,,"Economics, Econometrics and Finance ",,,,,,,,,,,,,,,,
978,,,,,,,,,,,,,,,,,,,,,,,,,,,,,,,,,,,,,,,
979,,,,,,,,,,,,,,,,,,,,,,,,,,,,,,,,,,,,,,,
980,1083-4346,1083-4346,,International Journal of Business,Active,2010-2026; 2007,,Journal,,Social Sciences,,,,,,,"Business, Management and Accounting ",,,,,,"Economics, Econometrics and Finance ",,,,,,,,,,,,,,,,
981,,,,,,,,,,,,,,,,,,,,,,,,,,,,,,,,,,,,,,,
982,,,,,,,,,,,,,,,,,,,,,,,,,,,,,,,,,,,,,,,
983,1511-6670,1511-6670,,International Journal of Business and Society,Active,2009-2025,,Journal,,Social Sciences,,,,,,,"Business, Management and Accounting ",,,,,,"Economics, Econometrics and Finance ",,,,,,,,,,,,,,,,
984,2329-4884,2329-4884,2329-4892,International Journal of Business Communication,Active,2014-2026,,Journal,,Social Sciences,,,,,,,"Business, Management and Accounting ",,,,,,"Economics, Econometrics and Finance ",,,,,,,,,,,,,,,,
985,1746-0972,1746-0972,1746-0980,International Journal of Business Information Systems,Active,2005-2026,,Journal,,Social Sciences,,,,,,,"Business, Management and Accounting ",,,,Decision Sciences ,,,,,,,,,,,,,,,,,,
986,1947-3591,1947-3591,1947-3605,International Journal of Business Intelligence Research,Active,2018-2025,,Journal,,Social Sciences,,,,,,,"Business, Management and Accounting ",,,,Decision Sciences ,,,,,,,,,,,,,,,,,,
987,,,,,,,,,,,,,,,,,,,,,,,,,,,,,,,,,,,,,,,
988,,,,,,,,,,,,,,,,,,,,,,,,,,,,,,,,,,,,,,,
989,1815-4654,1815-4654,1815-7556,International Journal of Central Banking,Active,2010-2025,,Journal,,Social Sciences,,,,,,,,,,,,,"Economics, Econometrics and Finance ",,,,,,,,,,,,,,,,
990,1757-1170,1757-1170,1757-1189,International Journal of Computational Economics and Econometrics,Active,2017-2026,,Journal,,Social Sciences,Physical Sciences,,,,,,,,,Computer Science ,,,"Economics, Econometrics and Finance ",,,,,,,,,,,,,,,,
991,1044-4068,1044-4068,1758-8545,International Journal of Conflict Management,Active,1990-2026,,Journal,,Social Sciences,,,,,,,"Business, Management and Accounting ",,,,,,,,,,,,,,,,,,,Social Sciences ,,,
992,2331-2327,1562-3599,2331-2327,International Journal of Construction Management,Active,2009-2026,,Journal,,Social Sciences,Physical Sciences,,,,,,"Business, Management and Accounting ",,,,,,,,Engineering ,,,,,,,,,,,,,,
993,1470-6423,1470-6423,1470-6431,International Journal of Consumer Studies,Active,2001-2026,,Journal,,Social Sciences,,Health Sciences,,,,,"Business, Management and Accounting ",,,,,,"Economics, Econometrics and Finance ",,,,,,,Medicine ,,,,,Psychology ,,,,
994,0959-6119,0959-6119,1757-1049,International Journal of Contemporary Hospitality Management,Active,1989-2026,,Journal,,Social Sciences,,,,,,,"Business, Management and Accounting ",,,,,,,,,,,,,,,,,,,,,,
995,,,,,,,,,,,,,,,,,,,,,,,,,,,,,,,,,,,,,,,
996,,,,,,,,,,,,,,,,,,,,,,,,,,,,,,,,,,,,,,,
997,1470-5958,1470-5958,1741-2838,International Journal of Cross Cultural Management,Active,2001-2026,,Journal,,Social Sciences,,,,,Arts and Humanities ,,"Business, Management and Accounting ",,,,,,,,,,,,,,,,,,,Social Sciences ,,,
998,1028-6632,1028-6632,1477-2833,International Journal of Cultural Policy,Active,1997-2026,,Journal,,Social Sciences,,,,,,,,,,,,,,,,,,,,,,,,,,Social Sciences ,,,
999,1548-3924,1548-3924,1548-3932,International Journal of Data Warehousing and Mining,Active,2005-2026,,Journal,,,Physical Sciences,,,,,,,,,Computer Science ,,,,,,,,,,,,,,,,,,,
1000,2010-2690,2010-2690,2010-2704,International Journal of Development and Conflict,Active,2017-2024,,Journal,,Social Sciences,,,,,,,,,,,,,"Economics, Econometrics and Finance ",,,,,,,,,,,,,Social Sciences ,,,
1001,1446-8956,1446-8956,1758-8553,International Journal of Development Issues,Active,2003-2025,,Journal,,Social Sciences,,,,,,,,,,,,,"Economics, Econometrics and Finance ",,,,,,,,,,,,,Social Sciences ,,,
1002,2212-4209,2212-4209,,International Journal of Disaster Risk Reduction,Active,2012-2026,,Journal,,Social Sciences,Physical Sciences,,,,,,,,,,,Earth and Planetary Sciences ,,,,,,,,,,,,,,Social Sciences ,,,
1003,1741-3591,1741-3591,1746-6539,International Journal of Disclosure and Governance,Active,2009-2026,,Journal,,Social Sciences,,,,,,,"Business, Management and Accounting ",,,,,,"Economics, Econometrics and Finance ",,,,,,,,,,,,,,,,
1004,1307-1637,,1307-1637,International Journal of Economic Perspectives,Inactive,2009-2018,Discontinued by Scopus,Journal,,Social Sciences,,,,,,,,,,,,,"Economics, Econometrics and Finance ",,,,,,,,,,,,,,,,
1005,1752-0452,1752-0452,1752-0460,International Journal of Economic Policy in Emerging Economies,Active,2007-2025,,Journal,,Social Sciences,,,,,,,,,,,,,"Economics, Econometrics and Finance ",,,,,,,,,,,,,,,,
1006,,,,,,,,,,,,,,,,,,,,,,,,,,,,,,,,,,,,,,,
1007,1742-7355,1742-7355,1742-7363,International Journal of Economic Theory,Active,2009-2026; 2006-2007,,Journal,,Social Sciences,,,,,,,,,,,,,"Economics, Econometrics and Finance ",,,,,,,,,,,,,,,,
1008,,,,,,,,,,,,,,,,,,,,,,,,,,,,,,,,,,,,,,,
1009,1756-9850,1756-9850,1756-9869,International Journal of Economics and Business Research,Active,2014-2026,,Journal,,Social Sciences,,,,,,,"Business, Management and Accounting ",,,,,,"Economics, Econometrics and Finance ",,,,,,,,,,,,,,,,
1010,2146-4138,,2146-4138,International Journal of Economics and Financial Issues,Inactive,2024-2025; 2019; 2011-2016,Discontinued by Scopus,Journal,,Social Sciences,,,,,,,,,,,,,"Economics, Econometrics and Finance ",,,,,,,,,,,,,,,,
1011,,,,,,,,,,,,,,,,,,,,,,,,,,,,,,,,,,,,,,,
1012,0951-354X,0951-354X,1758-6518,International Journal of Educational Management,Active,1987-2026,,Journal,,Social Sciences,,,,,,,"Business, Management and Accounting ",,,,,,,,,,,,,,,,,,,Social Sciences ,,,
1013,,,,,,,,,,,,,,,,,,,,,,,,,,,,,,,,,,,,,,,
1014,1086-4415,1086-4415,1557-9301,International Journal of Electronic Commerce,Active,1996-2026,,Journal,,Social Sciences,,,,,,,"Business, Management and Accounting ",,,,,,"Economics, Econometrics and Finance ",,,,,,,,,,,,,,,,
1015,1750-0664,1750-0664,1750-0672,International Journal of Electronic Customer Relationship Management,Active,2007-2026,,Journal,,Social Sciences,,,,,,,"Business, Management and Accounting ",,,,,,,,,,,,,,,,,,,,,,
1016,1746-0069,1746-0069,1746-0077,International Journal of Electronic Finance,Active,2018-2026; 2006-2016,,Journal,,Social Sciences,Physical Sciences,,,,,,"Business, Management and Accounting ",,,Computer Science ,,,"Economics, Econometrics and Finance ",,,,,,,,,,,,,,,,
1017,1548-3886,1548-3886,1548-3894,International Journal of Electronic Government Research,Active,2005-2026,,Journal,,Social Sciences,Physical Sciences,,,,,,,,,Computer Science ,,,,,,,,,,,,,,,,Social Sciences ,,,
1018,1741-1025,1741-1025,1741-1033,International Journal of Electronic Marketing and Retailing,Active,2006-2026,,Journal,,Social Sciences,,,,,,,"Business, Management and Accounting ",,,,,,,,,,,,,,,,,,,,,,
1019,2047-0908,2047-0894,2047-0908,International Journal of Emergency Services,Active,2012-2026,,Journal,,Social Sciences,,,,,,,,,,,Decision Sciences ,,,,,,,,,,,,,,,Social Sciences ,,,
1020,1746-8809,1746-8809,1746-8817,International Journal of Emerging Markets,Active,2006-2026,,Journal,,Social Sciences,,,,,,,"Business, Management and Accounting ",,,,,,,,,,,,,,,,,,,,,,
1021,,,,,,,,,,,,,,,,,,,,,,,,,,,,,,,,,,,,,,,
1022,2146-4553,,2146-4553,International Journal of Energy Economics and Policy,Inactive,2011-2025,Discontinued by Scopus,Journal,,Social Sciences,Physical Sciences,,,,,,,,,,,,"Economics, Econometrics and Finance ",Energy ,,,,,,,,,,,,,,,
1023,1750-6220,1750-6220,1750-6239,International Journal of Energy Sector Management,Active,2007-2026,,Journal,,Social Sciences,Physical Sciences,,,,,,"Business, Management and Accounting ",,,,,,,Energy ,,,,,,,,,,,,,,,
1024,1548-1115,1548-1115,1548-1123,International Journal of Enterprise Information Systems,Active,2025-2026; 2005-2023,,Journal,,Social Sciences,Physical Sciences,,,,,,"Business, Management and Accounting ",,,Computer Science ,Decision Sciences ,,,,,,,,,,,,,,,,,,
1025,1748-1260,1748-1252,1748-1260,International Journal of Enterprise Network Management,Active,2014-2026; 2006-2012,,Journal,,Social Sciences,,,,,,,"Business, Management and Accounting ",,,,Decision Sciences ,,,,,,,,,,,,,,,,,,
1026,1355-2554,1355-2554,1758-6534,International Journal of Entrepreneurial Behaviour and Research,Active,1995-2026,,Journal,,Social Sciences,,,,,,,"Business, Management and Accounting ",,,,,,,,,,,,,,,,,,,,,,
1027,1465-7503,1465-7503,2043-6882,International Journal of Entrepreneurship and Innovation,Active,2013-2026,,Journal,,Social Sciences,,,,,,,"Business, Management and Accounting ",,,,,,,,,,,,,,,,,,,,,,
1028,0957-4352,0957-4352,1741-5101,International Journal of Environment and Pollution,Active,1991-2026,,Journal,,,Physical Sciences,,,,,,,,,,,,,,,Environmental Science ,,,,,,,,,,,,,
1029,2514-9369,2514-9369,2514-9377,International Journal of Ethics and Systems,Active,2018-2026,,Journal,,Social Sciences,,,,,Arts and Humanities ,,,,,,,,"Economics, Econometrics and Finance ",,,,,,,,,,,,,,,,
1030,1758-2954,1758-2954,1758-2962,International Journal of Event and Festival Management,Active,2010-2026,,Journal,,Social Sciences,,,,,,,"Business, Management and Accounting ",,,,,,,,,,,,,,,,,,,,,,
1031,1076-9307,1076-9307,1099-1158,International Journal of Finance and Economics,Active,1996-2026,,Journal,,Social Sciences,,,,,,,"Business, Management and Accounting ",,,,,,"Economics, Econometrics and Finance ",,,,,,,,,,,,,,,,
1032,,,,,,,,,,,,,,,,,,,,,,,,,,,,,,,,,,,,,,,
1033,,,,,,,,,,,,,,,,,,,,,,,,,,,,,,,,,,,,,,,
1034,,,,,,,,,,,,,,,,,,,,,,,,,,,,,,,,,,,,,,,
1035,0169-2070,0169-2070,,International Journal of Forecasting,Active,1985-2026,,Journal,,Social Sciences,Physical Sciences,,,,,,"Business, Management and Accounting ",,,,,,,,,,,,Mathematics ,,,,,,,,,,
1036,0020-7276,0020-7276,1432-1270,International Journal of Game Theory,Active,1973-2026; 1971,,Journal,,Social Sciences,Physical Sciences,,,,,,,,,,Decision Sciences ,,"Economics, Econometrics and Finance ",,,,,,Mathematics ,,,,,,,Social Sciences ,,,
1037,1756-6266,1756-6266,1756-6274,International Journal of Gender and Entrepreneurship,Active,2009-2026,,Journal,,Social Sciences,,,,,,,"Business, Management and Accounting ",,,,,,"Economics, Econometrics and Finance ",,,,,,,,,,,,,Social Sciences ,,,
1038,0308-1079,0308-1079,1563-5104,International Journal of General Systems,Active,1974-2026,,Journal,,,Physical Sciences,,,,,,,,,Computer Science ,,,,,Engineering ,,,,Mathematics ,,,,,,,,,,
1039,,,,,,,,,,,,,,,,,,,,,,,,,,,,,,,,,,,,,,,
1040,0954-7118,0954-7118,1741-5128,International Journal of Global Energy Issues,Active,1989-2026,,Journal,,,Physical Sciences,,,,,,,,,,,,,Energy ,,,,,,,,,,,,,,,
1041,,,,,,,,,,,,,,,,,,,,,,,,,,,,,,,,,,,,,,,
1042,1744-9928,1744-9928,1744-9936,International Journal of Green Economics,Active,2006-2026,,Journal,,Social Sciences,,,,,,,,,,,,,"Economics, Econometrics and Finance ",,,,,,,,,,,,,,,,
1043,0952-6862,0952-6862,1758-6542,International Journal of Health Care Quality Assurance,Active,1988-2026,,Journal,,,,Health Sciences,,,,,,,,,,,,,,,,,,Medicine ,,,,,,,,,
1044,1389-6563,1389-6563,1573-6962,International Journal of Health Care Finance and Economics,Inactive,2001-2014,,Journal,,Social Sciences,,,,,,,,,,,,,"Economics, Econometrics and Finance ",,,,,,,,,,,,,Social Sciences ,,,
1045,1555-3396,1555-3396,1555-340X,International Journal of Healthcare Information Systems and Informatics,Active,2006-2026,,Journal,,Social Sciences,Physical Sciences,Health Sciences,,,,,,,,Computer Science ,Decision Sciences ,,,,,,,,,Medicine ,,,,,,,,,
1046,2047-9700,2047-9700,2047-9719,International Journal of Healthcare Management,Active,2012-2026; 2010,,Journal,,,,Health Sciences,,,,,,,,,,,,,,,,,,Medicine ,,Nursing ,,,,,,,
1047,1352-7258,1352-7258,1470-3610,International Journal of Heritage Studies,Active,1994-2026,,Journal,,Social Sciences,,,,,Arts and Humanities ,,"Business, Management and Accounting ",,,,,,,,,,,,,,,,,,,Social Sciences ,,,
1048,,,,,,,,,,,,,,,,,,,,,,,,,,,,,,,,,,,,,,,
1049,1525-6480,1525-6480,1525-6499,International Journal of Hospitality and Tourism Administration,Active,2000-2026,,Journal,,Social Sciences,,,,,,,"Business, Management and Accounting ",,,,,,,,,,,,,,,,,,,,,,
1050,0278-4319,0278-4319,,International Journal of Hospitality Management,Active,1982-2026,,Journal,,Social Sciences,,,,,,,"Business, Management and Accounting ",,,,,,,,,,,,,,,,,,,,,,
1051,1753-8270,1753-8270,1753-8289,International Journal of Housing Markets and Analysis,Active,2008-2026,,Journal,,Social Sciences,,,,,,,,,,,,,"Economics, Econometrics and Finance ",,,,,,,,,,,,,,,,
1052,,1949-1247,1949-1255,International Journal of Housing Policy,Active,2014-2026,,Journal,,,,,,,,,,,,,,,,,,,,,,,,,,,,,,,
1053,0958-5192,0958-5192,1466-4399,International Journal of Human Resource Management,Active,1990-2026,,Journal,,Social Sciences,,,,,,,"Business, Management and Accounting ",,,,,,,,,,,,,,,,,,,,,,
1054,1044-7318,1044-7318,1532-7590,International Journal of Human-Computer Interaction,Active,1999-2026; 1989-1995,,Journal,,Social Sciences,Physical Sciences,,,,,,,,,Computer Science ,,,,,,,,,,,,,,,,Social Sciences ,,,
1055,1071-5819,1071-5819,1095-9300,International Journal of Human Computer Studies,Active,1994-2026,,Journal,,Social Sciences,Physical Sciences,,,,,,,,,Computer Science ,,,,,Engineering ,,,,,,,,,,,Social Sciences ,,,
1056,0167-7187,0167-7187,,International Journal of Industrial Organization,Active,1983-2026,,Journal,,Social Sciences,Physical Sciences,,,,,,"Business, Management and Accounting ",,,,,,"Economics, Econometrics and Finance ",,Engineering ,,,,,,,,,,,,,,
1057,1550-1876,1550-1876,1550-1337,International Journal of Information and Communication Technology Education,Active,2005-2026,,Journal,,Social Sciences,Physical Sciences,,,,,,,,,Computer Science ,,,,,,,,,,,,,,,,Social Sciences ,,,
1058,2056-4880,2056-4880,2056-4899,International Journal of Information and Learning Technology,Active,2015-2026,,Journal,,Social Sciences,Physical Sciences,,,,,,,,,Computer Science ,,,,,,,,,,,,,,,,Social Sciences ,,,
1059,0268-4012,0268-4012,,International Journal of Information Management,Active,1986-2026; 1970,,Journal,,Social Sciences,Physical Sciences,,,,,,"Business, Management and Accounting ",,,Computer Science ,Decision Sciences ,,,,,,,,,,,,,,,Social Sciences ,,,
1060,1930-1650,1930-1650,1930-1669,International Journal of Information Security and Privacy,Active,2007-2026,,Journal,,,Physical Sciences,,,,,,,,,Computer Science ,,,,,,,,,,,,,,,,,,,
1061,1479-3121,1479-3121,1479-313X,International Journal of Information Systems and Change Management,Active,2006-2025,,Journal,,Social Sciences,,,,,,,"Business, Management and Accounting ",,,,Decision Sciences ,,,,,,,,,,,,,,,,,,
1062,1935-5726,1935-5726,1935-5734,International Journal of Information Systems and Supply Chain Management,Active,2008-2026,,Journal,,Social Sciences,Physical Sciences,,,,,,"Business, Management and Accounting ",,,Computer Science ,,,,,,,,,,,,,,,,,,,
1063,0219-6220,0219-6220,1793-6845,International Journal of Information Technology and Decision Making,Active,2005-2026; 2002-2003,,Journal,,,Physical Sciences,,,,,,,,,Computer Science ,,,,,,,,,,,,,,,,,,,
1064,1554-1045,1554-1045,1554-1053,International Journal of Information Technology and Web Engineering,Active,2006-2025,,Journal,,,Physical Sciences,,,,,,,,,Computer Science ,,,,,,,,,,,,,,,,,,,
1065,1757-2223,1757-2223,1757-2231,International Journal of Innovation Science,Active,2010-2026,,Journal,,Social Sciences,Physical Sciences,,,,,,"Business, Management and Accounting ",,,,,,,,Engineering ,,,,,,,,,,,,,,
1066,2096-2487,2096-2487,2589-2975,International Journal of Innovation Studies,Active,2017-2026,,Journal,,Social Sciences,,,,,,,"Business, Management and Accounting ",,,,Decision Sciences ,,,,,,,,,,,,,,,,,,
1067,1478-9647,1478-9647,1478-9655,International Journal of Intellectual Property Management,Active,2019-2026; 2006-2016,,Journal,,Social Sciences,,,,,,,"Business, Management and Accounting ",,,,,,,,,,,,,,,,,,,Social Sciences ,,,
1068,1548-3657,1548-3657,1548-3665,International Journal of Intelligent Information Technologies,Active,2005-2026,,Journal,,Social Sciences,Physical Sciences,,,,,,,,,Computer Science ,Decision Sciences ,,,,,,,,,,,,,,,,,,
1069,0147-1767,0147-1767,,International Journal of Intercultural Relations,Active,1977-2026,,Journal,,Social Sciences,,,,,,,"Business, Management and Accounting ",,,,,,,,,,,,,,,,,,Psychology ,Social Sciences ,,,
1070,,,,,,,,,,,,,,,,,,,,,,,,,,,,,,,,,,,,,,,
1071,1477-5212,1477-5212,1741-8100,International Journal of Internet Marketing and Advertising,Active,2004-2026,,Journal,,Social Sciences,,,,,,,"Business, Management and Accounting ",,,,,,,,,,,,,,,,,,,,,,
1072,1753-8394,1753-8394,1753-8408,International Journal of Islamic and Middle Eastern Finance and Management,Active,2008-2026,,Journal,,Social Sciences,,,,,,,"Business, Management and Accounting ",,,,,,"Economics, Econometrics and Finance ",,,,,,,,,,,,,,,,
1073,1741-1009,1741-1009,1741-1017,International Journal of Knowledge and Learning,Active,2014-2025; 2005-2012,,Journal,,Social Sciences,,,,,,,,,,,,,,,,,,,,,,,,,,Social Sciences ,,,
1074,1548-0666,1548-0666,1548-0658,International Journal of Knowledge Management,Active,2005-2026,,Journal,,Social Sciences,Physical Sciences,,,,,,"Business, Management and Accounting ",,,Computer Science ,,,,,,,,,,,,,,,,,,,
1075,1743-8268,1743-8268,1743-8276,International Journal of Knowledge Management Studies,Active,2014-2025; 2006-2012,,Journal,,Social Sciences,Physical Sciences,,,,,,"Business, Management and Accounting ",,,Computer Science ,Decision Sciences ,,,,,,,,,,,,,,,,,,
1076,1447-9524,1447-9524,1447-9575,"International Journal of Knowledge, Culture and Change Management",Inactive,2018-2019; 2015-2016; 2009-2013,,Journal,,Social Sciences,,,,,,,"Business, Management and Accounting ",,,,,,,,,,,,,,,,,,,,,,
1077,0967-0769,0967-0769,1464-3693,International Journal of Law and Information Technology,Active,1993-2026,,Journal,,Social Sciences,,,,,,,,,,,,,,,,,,,,,,,,,,Social Sciences ,,,
1078,1754-243X,1754-243X,1754-2448,International Journal of Law and Management,Active,2008-2026; 1996-1997,,Journal,,Social Sciences,,,,,,,"Business, Management and Accounting ",,,,,,,,,,,,,,,,,,,Social Sciences ,,,
1079,2040-4166,2040-4166,2040-4174,International Journal of Lean Six Sigma,Active,2010-2026,,Journal,,Social Sciences,,,,,,,,,,,Decision Sciences ,,,,,,,,,,,,,,,,,,
1080,,,,,,,,,,,,,,,,,,,,,,,,,,,,,,,,,,,,,,,
1081,1367-5567,1367-5567,1469-848X,International Journal of Logistics Research and Applications,Active,2003-2026,,Journal,,Social Sciences,,,,,,,"Business, Management and Accounting ",,,,Decision Sciences ,,,,,,,,,,,,,,,,,,
1082,,,,,,,,,,,,,,,,,,,,,,,,,,,,,,,,,,,,,,,
1083,,,,,,,,,,,,,,,,,,,,,,,,,,,,,,,,,,,,,,,
1084,1460-8545,1460-8545,1468-2370,International Journal of Management Reviews,Active,2004-2026; 1999-2002,,Journal,,Social Sciences,,,,,,,"Business, Management and Accounting ",,,,Decision Sciences ,,,,,,,,,,,,,,,,,,
1085,1750-9653,1750-9653,1750-9661,International Journal of Management Science and Engineering Management,Active,2006-2026,,Journal,,Social Sciences,Physical Sciences,,,,,,"Business, Management and Accounting ",,,,Decision Sciences ,,,,Engineering ,,,,,,,,,,,,,,
1086,1753-6715,1753-6715,1753-6723,International Journal of Managerial and Financial Accounting,Active,2008-2026; 2002,,Journal,,Social Sciences,,,,,,,"Business, Management and Accounting ",,,,,,,,,,,,,,,,,,,,,,
1087,1743-9132,1743-9132,1758-6569,International Journal of Managerial Finance,Active,2005-2026,,Journal,,Social Sciences,,,,,,,"Business, Management and Accounting ",,,,,,"Economics, Econometrics and Finance ",,,,,,,,,,,,,,,,
1088,1753-8378,1753-8378,1753-8386,International Journal of Managing Projects in Business,Active,2008-2026,,Journal,,Social Sciences,,,,,,,"Business, Management and Accounting ",,,,,,,,,,,,,,,,,,,,,,
1089,0143-7720,0143-7720,1758-6577,International Journal of Manpower,Active,1980-2026; 1970,,Journal,,Social Sciences,,,,,,,"Business, Management and Accounting ",,,,,,,,,,,,,,,,,,,,,,
1090,1470-7853,1470-7853,2515-2173,International Journal of Market Research,Active,1996-2026,,Journal,,Social Sciences,,,,,,,"Business, Management and Accounting ",,,,,,"Economics, Econometrics and Finance ",,,,,,,,,,,,,,,,
1091,1752-0479,1752-0479,1752-0487,International Journal of Monetary Economics and Finance,Active,2007-2025,,Journal,,Social Sciences,,,,,,,,,,,,,"Economics, Econometrics and Finance ",,,,,,,,,,,,,,,,
1092,0144-3577,0144-3577,1758-6593,International Journal of Operations and Production Management,Active,1993-2026; 1988-1991; 1985,,Journal,,Social Sciences,,,,,,,"Business, Management and Accounting ",,,,Decision Sciences ,,,,,,,,,,,,,,,,,,
1093,1082-1910,1082-1910,,International Journal of Operations and Quantitative Management,Active,2000-2025,,Journal,,Social Sciences,,,,,,,"Business, Management and Accounting ",,,,Decision Sciences ,,,,,,,,,,,,,,,,,,
1094,1093-4537,1093-4537,1532-4273,International Journal of Organization Theory and Behavior,Active,2012-2026; 2010; 2005; 2003; 2000,,Journal,,Social Sciences,,,,,,,"Business, Management and Accounting ",,,,,,,,,,,,,,,,,,Psychology ,Social Sciences ,,,
1095,1934-8835,1934-8835,1758-8561,International Journal of Organizational Analysis,Active,2005-2026,,Journal,,Social Sciences,,,,,,,"Business, Management and Accounting ",,,,,,,,,,,,,,,,,,,,,,
1096,1750-6123,1750-6123,1750-6131,International Journal of Pharmaceutical and Healthcare Marketing,Active,2007-2026,,Journal,,Social Sciences,,Health Sciences,,,,,"Business, Management and Accounting ",,,,,,,,,,,,,Medicine ,,,,,,,,,
1097,0960-0035,0960-0035,1758-664X,International Journal of Physical Distribution and Logistics Management,Active,1990-2026,,Journal,,Social Sciences,,,,,,,"Business, Management and Accounting ",,,,,,,,,,,,,,,,,,,Social Sciences ,,,
1098,0891-1916,0891-1916,1558-0970,International Journal of Political Economy,Active,2006-2026; 1996-2004,,Journal,,Social Sciences,,,,,,,,,,,,,"Economics, Econometrics and Finance ",,,,,,,,,,,,,Social Sciences ,,,
1099,,,,,,,,,,,,,,,,,,,,,,,,,,,,,,,,,,,,,,,
1100,0925-5273,0925-5273,,International Journal of Production Economics,Active,1991-2026,,Journal,,Social Sciences,Physical Sciences,,,,,,"Business, Management and Accounting ",,,,Decision Sciences ,,"Economics, Econometrics and Finance ",,Engineering ,,,,,,,,,,,,,,
1101,0020-7543,0020-7543,1366-588X,International Journal of Production Research,Active,1970-2026; 1963-1968; 1961,,Journal,,Social Sciences,Physical Sciences,,,,,,"Business, Management and Accounting ",,,,Decision Sciences ,,,,Engineering ,,,,,,,,,,,,,,
1102,1741-0401,1741-0401,1758-6658,International Journal of Productivity and Performance Management,Active,2004-2026,,Journal,,Social Sciences,,,,,,,"Business, Management and Accounting ",,,,,,,,,,,,,,,,,,,,,,
1103,0263-7863,0263-7863,,International Journal of Project Management,Active,1983-2026,,Journal,,Social Sciences,,,,,,,"Business, Management and Accounting ",,,,,,,,,,,,,,,,,,,,,,
1104,0190-0692,0190-0692,1532-4265,International Journal of Public Administration,Active,1979-2026,,Journal,,Social Sciences,,,,,,,"Business, Management and Accounting ",,,,,,,,,,,,,,,,,,,Social Sciences ,,,
1105,1471-6909,0954-2892,1471-6909,International Journal of Public Opinion Research,Active,1989-2026,,Journal,,Social Sciences,,,,,,,,,,,,,,,,,,,,,,,,,,Social Sciences ,,,
1106,0951-3558,0951-3558,1758-6666,International Journal of Public Sector Management,Active,1988-2026; 1970,,Journal,,Social Sciences,Physical Sciences,,,,,,,,,,,,,,,Environmental Science ,,,,,,,,,,Social Sciences ,,,
1107,0265-671X,0265-671X,1758-6682,International Journal of Quality and Reliability Management,Active,1984-2026; 1970,,Journal,,Social Sciences,,,,,,,"Business, Management and Accounting ",,,,,,,,,,,,,,,,,,,,,,
1108,1756-669X,1756-669X,1756-6703,International Journal of Quality and Service Sciences,Active,2009-2026,,Journal,,Social Sciences,,,,,,,"Business, Management and Accounting ",,,,,,,,,,,,,,,,,,,,,,
1109,0167-8116,0167-8116,,International Journal of Research in Marketing,Active,1984-2026,,Journal,,Social Sciences,,,,,,,"Business, Management and Accounting ",,,,,,,,,,,,,,,,,,,,,,
1110,0959-0552,0959-0552,1758-6690,International Journal of Retail and Distribution Management,Active,1990-2026,,Journal,,Social Sciences,,,,,,,"Business, Management and Accounting ",,,,,,,,,,,,,,,,,,,,,,
1111,1474-7332,1474-7332,1741-8186,International Journal of Revenue Management,Active,2007-2025,,Journal,,Social Sciences,,,,,,,"Business, Management and Accounting ",,,,,,"Economics, Econometrics and Finance ",,,,,,,,,,,,,,,,
1112,1466-8297,1466-8297,1741-5241,International Journal of Risk Assessment and Management,Inactive,2005-2023; 2000-2003,,Journal,,Social Sciences,,,,,,,"Business, Management and Accounting ",,,,Decision Sciences ,,,,,,,,,,,,,,,,,,
1113,0965-075X,0965-075X,1468-2389,International Journal of Selection and Assessment,Active,1993-2026,,Journal,,Social Sciences,,,,,,,"Business, Management and Accounting ",,,,,,,,,,,,,,,,,,Psychology ,,,,
1114,,,,,,,,,,,,,,,,,,,,,,,,,,,,,,,,,,,,,,,
1115,,,,,,,,,,,,,,,,,,,,,,,,,,,,,,,,,,,,,,,
1116,0306-8293,0306-8293,1758-6712,International Journal of Social Economics,Active,1974-2026,,Journal,,Social Sciences,,,,,,,,,,,,,"Economics, Econometrics and Finance ",,,,,,,,,,,,,Social Sciences ,,,
1117,1364-5579,1364-5579,1464-5300,International Journal of Social Research Methodology: Theory and Practice,Active,1998-2026,,Journal,,Social Sciences,,,,,,,,,,,,,,,,,,,,,,,,,,Social Sciences ,,,
1118,0144-333X,0144-333X,1758-6720,International Journal of Sociology and Social Policy,Active,1981-2026,,Journal,,Social Sciences,,,,,,,,,,,,,"Economics, Econometrics and Finance ",,,,,,,,,,,,,Social Sciences ,,,
1119,2472-1743,,2472-1743,International Journal of Spa and Wellness,Active,2018-2026,,Journal,,Social Sciences,,,,,,,"Business, Management and Accounting ",,,,,,,,,,,,,,,,,,,,,,
1120,1936-3915,1936-3915,1936-3907,International Journal of Sport Communication,Active,2014-2026; 2010-2012; 2008,,Journal,,Social Sciences,,,,,,,"Business, Management and Accounting ",,,,,,,,,,,,,,,,,,,Social Sciences ,,,
1121,1558-6235,1558-6235,1930-076X,International Journal of Sport Finance,Active,2008-2026; 2006,,Journal,,Social Sciences,,,,,,,"Business, Management and Accounting ",,,,,,"Economics, Econometrics and Finance ",,,,,,,,,,,,,,,,
1122,,,,,,,,,,,,,,,,,,,,,,,,,,,,,,,,,,,,,,,
1123,1940-6940,1940-6940,1940-6959,International Journal of Sport Policy and Politics,Active,2010-2026,,Journal,,Social Sciences,,,,,,,"Business, Management and Accounting ",,,,,,,,,,,,,,,,,,,Social Sciences ,,,
1124,0047-0767,0047-0767,,International Journal of Sport Psychology,Active,2025; 2023; 1996-2021; 1973-1974,,Journal,,Social Sciences,,,,,,,,,,,,,,,,,,,,,,,,,Psychology ,,,,
1125,1475-8962,1475-8962,1740-2808,International Journal of Sport Management and Marketing,Active,2005-2025,,Journal,,Social Sciences,,,,,,,"Business, Management and Accounting ",,,,Decision Sciences ,,,,,,,,,,,,,,,,,,
1126,1464-6668,1464-6668,2515-7841,International Journal of Sports Marketing and Sponsorship,Active,2005-2026; 2003; 2001; 1999,,Journal,,Social Sciences,,,,,,,"Business, Management and Accounting ",,,,,,"Economics, Econometrics and Finance ",,,,,,,,,,,,,,,,
1127,2090-3332,2090-3332,2090-3340,International Journal of Stochastic Analysis,Inactive,2010-2018,,Journal,,,Physical Sciences,,,,,,,,,,,,,,,,,,Mathematics ,,,,,,,,,,
1128,1553-118X,1553-118X,1553-1198,International Journal of Strategic Communication,Active,2009-2026,,Journal,,Social Sciences,,,,,,,,,,,,,,,,,,,,,,,,,,Social Sciences ,,,
1129,1648-715X,1648-715X,1648-9179,International Journal of Strategic Property Management,Active,2004-2026,,Journal,,Social Sciences,,,,,,,"Business, Management and Accounting ",,,,,,,,,,,,,,,,,,,,,,
1130,1072-5245,1072-5245,1573-3424,International Journal of Stress Management,Active,1994-2026,,Journal,,Social Sciences,,Health Sciences,,,,,"Business, Management and Accounting ",,,,,,,,,,,,,Medicine ,,,,,Psychology ,Social Sciences ,,,
1131,,,,,,,,,,,,,,,,,,,,,,,,,,,,,,,,,,,,,,,
1132,1756-5804,1756-5804,1756-5812,International Journal of Sustainable Economy,Active,2017-2026,,Journal,,Social Sciences,,,,,,,"Business, Management and Accounting ",,,,,,"Economics, Econometrics and Finance ",,,,,,,,,,,,,Social Sciences ,,,
1133,1556-8318,1556-8318,1556-8334,International Journal of Sustainable Transportation,Active,2007-2026,,Journal,,Social Sciences,Physical Sciences,,,,,,,,,,,,,Energy ,Engineering ,Environmental Science ,,,,,,,,,,Social Sciences ,,,
1134,2330-2674,2330-2674,2330-2682,International Journal of Systems Science: Operations and Logistics,Active,2014-2026,,Journal,,Social Sciences,Physical Sciences,,,,,,"Business, Management and Accounting ",,,Computer Science ,Decision Sciences ,,,,,,,,,,,,,,,,,,
1135,1548-3908,1548-3908,1548-3916,International Journal of Technology and Human Interaction,Active,2005-2026,,Journal,,,Physical Sciences,,,,,,,,,Computer Science ,,,,,,,,,,,,,,,,,,,
1136,0267-5730,0267-5730,1741-5276,International Journal of Technology Management,Active,1996-2025; 1986-1989,,Journal,,Social Sciences,Physical Sciences,,,,,,"Business, Management and Accounting ",,,Computer Science ,,,,,Engineering ,,,,,,,,,,,Social Sciences ,,,
1137,1474-2748,1474-2748,2040-0551,International Journal of Technology Management and Sustainable Development,Active,2013-2026,,Journal,,Social Sciences,Physical Sciences,,,,,,"Business, Management and Accounting ",,,,,,,,,Environmental Science ,,,,,,,,,,Social Sciences ,,,
1138,1741-878X,1741-878X,1741-8798,International Journal of Technology Marketing,Active,2005-2026,,Journal,,Social Sciences,Physical Sciences,,,,,,"Business, Management and Accounting ",,,Computer Science ,,,,,,,,,,,,,,,,,,,
1139,1832-3669,1832-3669,2835-0391,"International Journal of Technology, Knowledge and Society",Active,2016-2025; 2008-2014,,Journal,,Social Sciences,Physical Sciences,,,,,,,,,Computer Science ,,,,,Engineering ,,,,,,,,,,,Social Sciences ,,,
1140,1357-1516,1357-1516,1466-1829,International Journal of the Economics of Business,Active,1994-2026,,Journal,,Social Sciences,,,,,,,"Business, Management and Accounting ",,,,,,"Economics, Econometrics and Finance ",,,,,,,,,,,,,,,,
1141,0219-0249,0219-0249,1793-6322,International Journal of Theoretical and Applied Finance,Active,2003-2026,,Journal,,Social Sciences,,,,,,,,,,,,,"Economics, Econometrics and Finance ",,,,,,,,,,,,,,,,
1142,2056-5607,2056-5607,2056-5615,International Journal of Tourism Cities,Active,2026; 2015-2024,,Journal,,Social Sciences,Physical Sciences,,,,,,"Business, Management and Accounting ",,,,,,,,,Environmental Science ,,,,,,,,,,Social Sciences ,,,
1143,1750-4090,1750-4090,1750-4104,International Journal of Tourism Policy,Active,2007-2026,,Journal,,Social Sciences,,,,,,,"Business, Management and Accounting ",,,,,,,,,,,,,,,,,,,Social Sciences ,,,
1144,1099-2340,1099-2340,1522-1970,International Journal of Tourism Research,Active,2008-2026,,Journal,,Social Sciences,Physical Sciences,,,,,,"Business, Management and Accounting ",,,,,,,,,Environmental Science ,,,,,,,,,,Social Sciences ,,,
1145,1742-7541,1742-7541,1742-755X,International Journal of Trade and Global Markets,Active,2014-2025,,Journal,,Social Sciences,,,,,,,"Business, Management and Accounting ",,,,,,"Economics, Econometrics and Finance ",,,,,,,,,,,,,,,,
1146,1360-3736,1360-3736,1468-2419,International Journal of Training and Development,Active,1997-2026,,Journal,,Social Sciences,,,,,,,"Business, Management and Accounting ",,,,,,,,,,,,,,,,,,,Social Sciences ,,,
1147,0303-5247,0303-5247,1724-2185,International Journal of Transport Economics,Active,1989-2026; 1987; 1979-1981,,Journal,,Social Sciences,,,,,,,,,,,,,,,,,,,,,,,,,,Social Sciences ,,,
1148,0309-1317,0309-1317,1468-2427,International Journal of Urban and Regional Research,Active,1977-2026,,Journal,,Social Sciences,,,,,,,,,,,,,,,,,,,,,,,,,,Social Sciences ,,,
1149,0143-3369,0143-3369,,International Journal of Vehicle Design,Active,1979-2025,,Journal,,,Physical Sciences,,,,,,,,,,,,,,Engineering ,,,,,,,,,,,,,,
1150,,,,,,,,,,,,,,,,,,,,,,,,,,,,,,,,,,,,,,,
1151,1477-8394,1477-8394,1741-8216,International Journal of Web Based Communities,Active,2004-2025,,Journal,,Social Sciences,Physical Sciences,,,,,,,,,Computer Science ,,,,,,,,,,,,,,,,Social Sciences ,,,
1152,1751-1062,1751-1062,1751-1070,International Journal of Wine Business Research,Active,2007-2026,,Journal,,Social Sciences,,,,,,,"Business, Management and Accounting ",,,,,,,,,,,,,,,,,,,,,,
1153,1740-8938,1740-8938,1740-8946,International Journal of Work Organisation and Emotion,Active,2005-2025,,Journal,,Social Sciences,,,,,,,"Business, Management and Accounting ",,,,,,,,,,,,,,,,,,,,,,
1154,0147-5479,0147-5479,1471-6445,International Labor and Working-Class History,Active,1976-2026,,Journal,,Social Sciences,,,,,Arts and Humanities ,,"Business, Management and Accounting ",,,,,,,,,,,,,,,,,,,,,,
1155,0020-7780,0020-7780,1564-913X,International Labour Review,Active,1973-2026; 1945-1948,,Journal,,Social Sciences,,,,,,,"Business, Management and Accounting ",,,,,,,,,,,,,,,,,,,,,,
1156,0265-1335,0265-1335,1758-6763,International Marketing Review,Active,1983-2026,,Journal,,Social Sciences,,,,,,,"Business, Management and Accounting ",,,,,,,,,,,,,,,,,,,,,,
1157,0020-7985,0020-7985,1468-2435,International Migration,Active,1961-2026,,Journal,,Social Sciences,,,,,,,,,,,,,,,,,,,,,,,,,,Social Sciences ,,,
1158,0197-9183,0197-9183,1747-7379,International Migration Review,Active,1971-2026,,Journal,,Social Sciences,,,,,Arts and Humanities ,,,,,,,,,,,,,,,,,,,,,Social Sciences ,,,
1159,1382-340X,1382-340X,1571-8069,International Negotiation,Active,2007-2026; 2002; 1999,,Journal,,Social Sciences,,,,,,,,,,,,,,,,,,,,,,,,,,Social Sciences ,,,
1160,0020-8183,0020-8183,1531-5088,International Organization,Active,1947-2026,,Journal,,Social Sciences,,,,,,,"Business, Management and Accounting ",,,,,,,,,,,,,,,,,,,Social Sciences ,,,
1161,,,,,,,,,,,,,,,,,,,,,,,,,,,,,,,,,,,,,,,
1162,1096-7494,1096-7494,1559-3169,International Public Management Journal,Active,1998-2026,,Journal,,Social Sciences,,,,,,,"Business, Management and Accounting ",,,,,,,,,,,,,,,,,,,Social Sciences ,,,
1163,2154-8919,2154-8919,,International Real Estate Review,Active,1998-2025,,Journal,,Social Sciences,,,,,,,"Business, Management and Accounting ",,,,,,"Economics, Econometrics and Finance ",,,,,,,,,,,,,Social Sciences ,,,
1164,0160-0176,0160-0176,1552-6925,International Regional Science Review,Active,1986-2026; 1975-1984,,Journal,,Social Sciences,Physical Sciences,,,,,,,,,,,,,,,Environmental Science ,,,,,,,,,,Social Sciences ,,,
1165,1012-6902,1012-6902,1461-7218,International Review for the Sociology of Sport,Active,2004-2026; 1966-2002,,Journal,,Social Sciences,,,,,,,,,,,,,,,,,,,,,,,,,,Social Sciences ,,,
1166,0020-8523,0020-8523,1461-7226,International Review of Administrative Sciences,Active,1957-2026,,Journal,,Social Sciences,,,,,,,,,,,,,,,,,,,,,,,,,,Social Sciences ,,,
1167,0269-2171,0269-2171,1465-3486,International Review of Applied Economics,Active,1987-2026,,Journal,,Social Sciences,,,,,,,,,,,,,"Economics, Econometrics and Finance ",,,,,,,,,,,,,,,,
1168,1865-1704,1865-1704,1863-4613,International Review of Economics,Active,2008-2026,,Journal,,Social Sciences,,,,,,,,,,,,,"Economics, Econometrics and Finance ",,,,,,,,,,,,,,,,
1169,1059-0560,1059-0560,,International Review of Economics and Finance,Active,1992-2026,,Journal,,Social Sciences,,,,,,,,,,,,,"Economics, Econometrics and Finance ",,,,,,,,,,,,,,,,
1170,1477-3880,1477-3880,,International Review of Economics Education,Active,2013-2026; 2003-2011,,Journal,,Social Sciences,,,,,,,,,,,,,,,,,,,,,,,,,,Social Sciences ,,,
1171,1932-1465,1932-1465,1932-1473,International Review of Environmental and Resource Economics,Active,2007-2025,,Journal,,Social Sciences,Physical Sciences,,,,,,"Business, Management and Accounting ",,,,,,"Economics, Econometrics and Finance ",,,Environmental Science ,,,,,,,,,,,,,
1172,1369-412X,1369-412X,1468-2443,International Review of Finance,Active,2011-2026; 2009; 2002-2003,,Journal,,Social Sciences,,,,,,,,,,,,,"Economics, Econometrics and Finance ",,,,,,,,,,,,,,,,
1173,1057-5219,1057-5219,,International Review of Financial Analysis,Active,1992-2026,,Journal,,Social Sciences,,,,,,,,,,,,,"Economics, Econometrics and Finance ",,,,,,,,,,,,,,,,
1174,,,,,,,,,,,,,,,,,,,,,,,,,,,,,,,,,,,,,,,
1175,0144-8188,0144-8188,,International Review of Law and Economics,Active,1981-2026,,Journal,,Social Sciences,,,,,,,,,,,,,"Economics, Econometrics and Finance ",,,,,,,,,,,,,Social Sciences ,,,
1176,1360-0869,1360-0869,1364-6885,"International Review of Law, Computers and Technology",Active,2009-2026; 1991-1995; 1989; 1986-1987; 1984,,Journal,,Social Sciences,Physical Sciences,,,,,,,,,Computer Science ,,,,,,,,,,,,,,,,Social Sciences ,,,
1177,1229-4659,1229-4659,2331-7795,International Review of Public Administration,Active,1999-2026,,Journal,,Social Sciences,,,,,,,,,,,,,,,,,,,,,,,,,,Social Sciences ,,,
1178,0959-3969,0959-3969,1466-4402,"International Review of Retail, Distribution and Consumer Research",Active,1990-2026,,Journal,,Social Sciences,,,,,,,"Business, Management and Accounting ",,,,,,"Economics, Econometrics and Finance ",,,,,,,,,,,,,,,,
1179,1865-1984,1865-1984,1865-1992,International Review on Public and Nonprofit Marketing,Active,2009-2026; 2001,,Journal,,Social Sciences,,,,,,,"Business, Management and Accounting ",,,,,,"Economics, Econometrics and Finance ",,,,,,,,,,,,,,,,
1180,0266-2426,0266-2426,1741-2870,International Small Business Journal: Researching Entrepreneurship,Active,1982-2026,,Journal,,Social Sciences,,,,,,,"Business, Management and Accounting ",,,,,,,,,,,,,,,,,,,,,,
1181,1468-2451,0020-8701,1468-2451,International Social Science Journal,Active,2016-2026; 2008-2014; 1978-2006; 1973-1975,,Journal,,Social Sciences,,,,,,,,,,,,,,,,,,,,,,,,,,Social Sciences ,,,
1182,0306-7734,0306-7734,1751-5823,International Statistical Review,Active,1996-2026; 1992-1994; 1990; 1987; 1985; 1982,,Journal,,Social Sciences,Physical Sciences,,,,,,,,,,Decision Sciences ,,,,,,,,Mathematics ,,,,,,,,,,
1183,0020-8825,0020-8825,1558-0911,International Studies of Management and Organization,Active,2009-2026; 2005,,Journal,,Social Sciences,,,,,,,"Business, Management and Accounting ",,,,,,,,,,,,,,,,,,,,,,
1184,0020-8833,0020-8833,1468-2478,International Studies Quarterly,Active,1987-2026; 1985; 1982-1983; 1978; 1976; 1971-1974,,Journal,,Social Sciences,,,,,,,,,,,,,,,,,,,,,,,,,,Social Sciences ,,,
1185,0927-5940,0927-5940,1573-6970,International Tax and Public Finance,Active,1994-2026,,Journal,,Social Sciences,,,,,,,"Business, Management and Accounting ",,,,,,"Economics, Econometrics and Finance ",,,,,,,,,,,,,,,,
1186,,,,,,,,,,,,,,,,,,,,,,,,,,,,,,,,,,,,,,,
1187,,,,,,,,,,,,,,,,,,,,,,,,,,,,,,,,,,,,,,,
1188,0885-3908,0885-3908,1521-0545,International Trade Journal,Active,1986-2026,,Journal,,Social Sciences,,,,,,,"Business, Management and Accounting ",,,,,,"Economics, Econometrics and Finance ",,,,,,,,,,,,,,,,
1189,0969-6016,0969-6016,1475-3995,International Transactions in Operational Research,Active,1994-2026,,Journal,,Social Sciences,Physical Sciences,,,,,,"Business, Management and Accounting ",,,Computer Science ,Decision Sciences ,,,,,,,,,,,,,,,,,,
1190,1385-3074,1385-3074,2352-9172,International Transfer Pricing Journal,Active,2019-2025,,Journal,,Social Sciences,,,,,,,,,,,,,"Economics, Econometrics and Finance ",,,,,,,,,,,,,Social Sciences ,,,
1191,0925-0832,0925-0832,2352-9210,International VAT Monitor,Active,2019-2025,,Journal,,Social Sciences,,,,,,,,,,,,,"Economics, Econometrics and Finance ",,,,,,,,,,,,,Social Sciences ,,,
1192,1066-2243,1066-2243,2054-5657,Internet Research,Active,1991-2026,,Journal,,Social Sciences,,,,,,,,,,,,,"Economics, Econometrics and Finance ",,,,,,,,,,,,,Social Sciences ,,,
1193,0165-2826,0165-2826,1875-8347,Intertax,Active,2018-2026,,Journal,,Social Sciences,,,,,,,"Business, Management and Accounting ",,,,,,,,,,,,,,,,,,,Social Sciences ,,,
1194,1029-3523,1029-3523,2077-0227,Investment Analysts Journal,Active,1972-2026,,Journal,,Social Sciences,,,,,,,"Business, Management and Accounting ",,,,,,"Economics, Econometrics and Finance ",,,,,,,,,,,,,,,,
1195,2573-2331,2573-2323,2573-2331,IPPR Progressive Review,Active,2017-2025,,Journal,,Social Sciences,,,,,,,,,,,,,"Economics, Econometrics and Finance ",,,,,,,,,,,,,Social Sciences ,,,
1196,,,,,,,,,,,,,,,,,,,,,,,,,,,,,,,,,,,,,,,
1197,,,,,,,,,,,,,,,,,,,,,,,,,,,,,,,,,,,,,,,
1198,,,,,,,,,,,,,,,,,,,,,,,,,,,,,,,,,,,,,,,
1199,,,,,,,,,,,,,,,,,,,,,,,,,,,,,,,,,,,,,,,
1200,0128-1976,0128-1976,2289-4365,ISRA International Journal of Islamic Finance,Inactive,2009-2024,,Journal,,Social Sciences,,,,,,,"Business, Management and Accounting ",,,,,,"Economics, Econometrics and Finance ",,,,,,,,,,,,,Social Sciences ,,,
1201,0739-3172,0739-3172,1558-7983,Issues in Accounting Education,Active,2007-2026; 2003-2004; 2001,,Journal,,Social Sciences,,,,,,,"Business, Management and Accounting ",,,,,,,,,,,,,,,,,,,Social Sciences ,,,
1202,,,,,,,,,,,,,,,,,,,,,,,,,,,,,,,,,,,,,,,
1203,2199-322X,2199-322X,2199-3238,Italian Economic Journal,Active,2015-2026,,Journal,,Social Sciences,,,,,,,,,,,,,"Economics, Econometrics and Finance ",,,,,,,,,,,,,,,,
1204,2662-3323,2662-3323,2662-3331,Italian Journal of Marketing,Active,2020-2026,,Journal,,Social Sciences,,,,,,,"Business, Management and Accounting ",,,,,,,,,,,,,,,,,,,,,,
1205,,,,,,,,,,,,,,,,,,,,,,,,,,,,,,,,,,,,,,,
1206,,,,,,,,,,,,,,,,,,,,,,,,,,,,,,,,,,,,,,,
1207,2193-8997,,2193-8997,IZA Journal of Labor Economics,Active,2012-2024,,Journal,,Social Sciences,,,,,,,"Business, Management and Accounting ",,,,,,"Economics, Econometrics and Finance ",,,,,,,,,,,,,,,,
1208,0922-1425,0922-1425,,Japan and the World Economy,Active,1988-2026,,Journal,,Social Sciences,,,,,,,,,,,,,"Economics, Econometrics and Finance ",,,,,,,,,,,,,Social Sciences ,,,
1209,,,,,,,,,,,,,,,,,,,,,,,,,,,,,,,,,,,,,,,
1210,1352-4739,1352-4739,1468-5876,Japanese Economic Review,Active,1995-2026,,Journal,,Social Sciences,,,,,,,,,,,,,"Economics, Econometrics and Finance ",,,,,,,,,,,,,,,,
1211,0313-5934,0313-5934,,JASSA,Inactive,2017; 2010-2014,,Journal,,Social Sciences,,,,,,,,,,,,,"Economics, Econometrics and Finance ",,,,,,,,,,,,,,,,
1212,0975-2498,0975-2498,2364-4869,Jindal Global Law Review,Active,2015-2025,,Journal,,Social Sciences,,,,,,,,,,,,,,,,,,,,,,,,,,Social Sciences ,,,
1213,0120-4483,0120-4483,2665-1327,Ensayos Sobre Politica Economica,Active,2009-2026,,Journal,,Social Sciences,,,,,,,,,,,,,"Economics, Econometrics and Finance ",,,,,,,,,,,,,Social Sciences ,,,
1214,2326-3296,2326-3296,1537-5137,Journal for Advancement of Marketing Education,Active,2012-2026,,Journal,,Social Sciences,,,,,,,"Business, Management and Accounting ",,,,,,,,,,,,,,,,,,,Social Sciences ,,,
1215,,,,,,,,,,,,,,,,,,,,,,,,,,,,,,,,,,,,,,,
1216,0379-6205,0379-6205,,Journal for Studies in Economics and Econometrics,Active,2008-2026,,Journal,,Social Sciences,,,,,,,,,,,,,"Economics, Econometrics and Finance ",,,,,,,,,,,,,,,,
1217,,,,,,,,,,,,,,,,,,,,,,,,,,,,,,,,,,,,,,,
1218,,,,,,,,,,,,,,,,,,,,,,,,,,,,,,,,,,,,,,,
1219,,,,,,,,,,,,,,,,,,,,,,,,,,,,,,,,,,,,,,,
1220,1832-5912,1832-5912,1839-5473,Journal of Accounting and Organizational Change,Active,2005-2026,,Journal,,Social Sciences,,,,,,,"Business, Management and Accounting ",,,,,,,,,,,,,,,,,,,,,,
1221,0165-4101,0165-4101,,Journal of Accounting and Economics,Active,1979-2026,,Journal,,Social Sciences,,,,,,,"Business, Management and Accounting ",,,,,,"Economics, Econometrics and Finance ",,,,,,,,,,,,,,,,
1222,,,,,,,,,,,,,,,,,,,,,,,,,,,,,,,,,,,,,,,
1223,,,,,,,,,,,,,,,,,,,,,,,,,,,,,,,,,,,,,,,
1224,0278-4254,0278-4254,1873-2070,Journal of Accounting and Public Policy,Active,1982-2026,,Journal,,Social Sciences,,,,,,,"Business, Management and Accounting ",,,,,,,,,,,,,,,,,,,Social Sciences ,,,
1225,0148-558X,0148-558X,2160-4061,"Journal of Accounting, Auditing and Finance",Active,1986-2026,,Journal,,Social Sciences,,,,,,,"Business, Management and Accounting ",,,,,,"Economics, Econometrics and Finance ",,,,,,,,,,,,,,,,
1226,0748-5751,0748-5751,,Journal of Accounting Education,Active,1983-2026,,Journal,,Social Sciences,,,,,,,"Business, Management and Accounting ",,,,,,,,,,,,,,,,,,,Social Sciences ,,,
1227,2042-1168,2042-1168,2042-1176,Journal of Accounting in Emerging Economies,Active,2015-2026,,Journal,,Social Sciences,,,,,,,"Business, Management and Accounting ",,,,,,,,,,,,,,,,,,,Social Sciences ,,,
1228,0737-4607,0737-4607,2452-1469,Journal of Accounting Literature,Active,2022-2026; 2013-2019,,Journal,,Social Sciences,,,,,,,"Business, Management and Accounting ",,,,,,,,,,,,,,,,,,,,,,
1229,0021-8456,0021-8456,1475-679X,Journal of Accounting Research,Active,1996-2026,,Journal,,Social Sciences,,,,,,,"Business, Management and Accounting ",,,,,,"Economics, Econometrics and Finance ",,,,,,,,,,,,,,,,
1230,1018-1687,1018-1687,,Journal of Accounting Review,Active,2018-2026,,Journal,,Social Sciences,,,,,,,"Business, Management and Accounting ",,,,,,,,,,,,,,,,,,,,,,
1231,,,,,,,,,,,,,,,,,,,,,,,,,,,,,,,,,,,,,,,
1232,,,,,,,,,,,,,,,,,,,,,,,,,,,,,,,,,,,,,,,
1233,1089-652X,1089-652X,,"Journal of Accounting, Ethics and Public Policy",Inactive,2020-2023; 2016; 2013,,Journal,,Social Sciences,,,,,,,"Business, Management and Accounting ",,,,,,,,,,,,,,,,,,,Social Sciences ,,,
1234,0197-6729,0197-6729,2042-3195,Journal of Advanced Transportation,Active,1979-2026,,Journal,,Social Sciences,Physical Sciences,,,,,,"Business, Management and Accounting ",,,Computer Science ,,,"Economics, Econometrics and Finance ",,Engineering ,,,,,,,,,,,,,,
1235,0091-3367,0091-3367,1557-7805,Journal of Advertising,Active,1972-2026,,Journal,,Social Sciences,,,,,,,"Business, Management and Accounting ",,,,,,,,,,,,,,,,,,,Social Sciences ,,,
1236,1098-0482,1098-0482,2516-1873,Journal of Advertising Education,Active,2015-2026,,Journal,,Social Sciences,,,,,,,"Business, Management and Accounting ",,,,,,,,,,,,,,,,,,,Social Sciences ,,,
1237,0021-8499,0021-8499,1740-1909,Journal of Advertising Research,Active,1996-2025; 1991; 1972,,Journal,,Social Sciences,,,,,,,"Business, Management and Accounting ",,,,,,,,,,,,,,,,,,,Social Sciences ,,,
1238,1522-8916,1522-8916,1522-9076,Journal of African Business,Active,2000-2026,,Journal,,Social Sciences,,,,,,,,,,,,,,,,,,,,,,,,,,Social Sciences ,,,
1239,,,,,,,,,,,,,,,,,,,,,,,,,,,,,,,,,,,,,,,
1240,0963-8024,0963-8024,1464-3723,Journal of African Economies,Active,1992-2026,,Journal,,Social Sciences,,,,,,,,,,,,,"Economics, Econometrics and Finance ",,,,,,,,,,,,,Social Sciences ,,,
1241,2044-0839,2044-0839,2044-0847,Journal of Agribusiness in Developing and Emerging Economies,Active,2016-2026; 2011-2013,,Journal,Life Sciences,Social Sciences,,,,Agricultural and Biological Sciences ,,,,,,,,,"Economics, Econometrics and Finance ",,,,,,,,,,,,,Social Sciences ,,,
1242,1542-0485,2194-5896,1542-0485,Journal of Agricultural and Food Industrial Organization,Active,2003-2026,,Journal,Life Sciences,Social Sciences,,,,Agricultural and Biological Sciences ,,,"Business, Management and Accounting ",,,,,,"Economics, Econometrics and Finance ",,,,,,,,,,,,,,,,
1243,1074-0708,1074-0708,2056-7405,Journal of Agricultural and Applied Economics,Active,2015-2026; 2008; 2006; 1999-2000; 1995; 1991; 1984-1985; 1975-1977,,Journal,Life Sciences,Social Sciences,,,,Agricultural and Biological Sciences ,,,,,,,,,"Economics, Econometrics and Finance ",,,,,,,,,,,,,,,,
1244,1068-5502,1068-5502,,Journal of Agricultural and Resource Economics,Active,1996-2026,,Journal,Life Sciences,Social Sciences,,,,Agricultural and Biological Sciences ,,,,,,,,,"Economics, Econometrics and Finance ",,,,,,,,,,,,,,,,
1245,0021-857X,0021-857X,1477-9552,Journal of Agricultural Economics,Active,1946-2026; 1940; 1933-1938; 1928-1931,,Journal,Life Sciences,Social Sciences,,,,Agricultural and Biological Sciences ,,,,,,,,,"Economics, Econometrics and Finance ",,,,,,,,,,,,,,,,
1246,1085-7117,1085-7117,1537-2693,"Journal of Agricultural, Biological, and Environmental Statistics",Active,1996-2026,,Journal,Life Sciences,Social Sciences,Physical Sciences,,,Agricultural and Biological Sciences ,,,,,,,Decision Sciences ,,,,,Environmental Science ,,,Mathematics ,,,,,,,,,,
1247,,,,,,,,,,,,,,,,,,,,,,,,,,,,,,,,,,,,,,,
1248,0969-6997,0969-6997,,Journal of Air Transport Management,Active,1997-2026; 1994-1995,,Journal,,Social Sciences,Physical Sciences,,,,,,"Business, Management and Accounting ",,,,,,,,,Environmental Science ,,,,,,,,,,Social Sciences ,,,
1249,0967-5426,0967-5426,1758-8855,Journal of Applied Accounting Research,Active,2008-2026; 2004-2006; 1999-2002,,Journal,,Social Sciences,,,,,,,"Business, Management and Accounting ",,,,Decision Sciences ,,"Economics, Econometrics and Finance ",,,,,,,,,,,,,,,,
1250,,,,,,,,,,,,,,,,,,,,,,,,,,,,,,,,,,,,,,,
1251,,,,,,,,,,,,,,,,,,,,,,,,,,,,,,,,,,,,,,,
1252,0883-7252,0883-7252,1099-1255,Journal of Applied Econometrics,Active,1986-2026,,Journal,,Social Sciences,,,,,,,,,,,,,"Economics, Econometrics and Finance ",,,,,,,,,,,,,Social Sciences ,,,
1253,1843-6110,1843-6110,2393-5162,Journal of Applied Economic Sciences,Active,2025-2026; 2022; 2009-2018,,Journal,,Social Sciences,,,,,,,"Business, Management and Accounting ",,,,,,"Economics, Econometrics and Finance ",,,,,,,,,,,,,,,,
1254,1514-0326,1514-0326,1667-6726,Journal of Applied Economics,Active,2006-2026,,Journal,,Social Sciences,,,,,,,,,,,,,"Economics, Econometrics and Finance ",,,,,,,,,,,,,,,,
1255,,,,,,,,,,,,,,,,,,,,,,,,,,,,,,,,,,,,,,,
1256,,,,,,,,,,,,,,,,,,,,,,,,,,,,,,,,,,,,,,,
1257,,,,,,,,,,,,,,,,,,,,,,,,,,,,,,,,,,,,,,,
1258,0021-9002,0021-9002,1475-6072,Journal of Applied Probability,Active,1975-2026,,Journal,,Social Sciences,Physical Sciences,,,,,,,,,,Decision Sciences ,,,,,,,,Mathematics ,,,,,,,,,,
1259,0021-9010,0021-9010,1939-1854,Journal of Applied Psychology,Active,1917-2026,,Journal,,Social Sciences,,,,,,,,,,,,,,,,,,,,,,,,,Psychology ,,,,
1260,0021-9029,0021-9029,1559-1816,Journal of Applied Social Psychology,Active,1971-2026,,Journal,,Social Sciences,,,,,,,,,,,,,,,,,,,,,,,,,Psychology ,,,,
1261,2327-0187,2327-0179,2327-0187,Journal of Applied Sport Management,Active,2021-2025; 2015-2016; 2009,,Journal,,Social Sciences,,,,,,,"Business, Management and Accounting ",,,,,,,,,,,,,,,,,,,Social Sciences ,,,
1262,1041-3200,1041-3200,1533-1571,Journal of Applied Sport Psychology,Active,1989-2026,,Journal,,Social Sciences,,,,,,,,,,,,,,,,,,,,,,,,,Psychology ,,,,
1263,1067-5817,1067-5817,,Journal of Applied Statistical Science,Inactive,2016-2017; 2008-2013,,Journal,,,Physical Sciences,,,,,,,,,,,,,,,,,,Mathematics ,,,,,,,,,,
1264,0266-4763,0266-4763,1360-0532,Journal of Applied Statistics,Active,1973-2026; 1970-1971,,Journal,,Social Sciences,Physical Sciences,,,,,,,,,,Decision Sciences ,,,,,,,,Mathematics ,,,,,,,,,,
1265,1063-2921,1063-2921,1930-7799,Journal of Arts Management Law and Society,Active,1992-2026,,Journal,,Social Sciences,,,,,Arts and Humanities ,,"Business, Management and Accounting ",,,,,,,,,,,,,,,,,,,Social Sciences ,,,
1266,1558-7894,1558-7894,1559-2243,Journal of Asia Business Studies,Active,2006-2026,,Journal,,Social Sciences,,,,,,,"Business, Management and Accounting ",,,,,,"Economics, Econometrics and Finance ",,,,,,,,,,,,,,,,
1267,,,,,,,,,,,,,,,,,,,,,,,,,,,,,,,,,,,,,,,
1268,1059-9231,1059-9231,1528-6940,Journal of Asia-Pacific Business,Inactive,1994-2023,,Journal,,Social Sciences,,,,,,,"Business, Management and Accounting ",,,,,,,,,,,,,,,,,,,,,,
1269,2515-964X,2615-9112,2515-964X,Journal of Asian Business and Economic Studies,Active,2018-2025,,Journal,,Social Sciences,,,,,,,"Business, Management and Accounting ",,,,,,"Economics, Econometrics and Finance ",,,,,,,,,,,,,,,,
1270,1049-0078,1049-0078,,Journal of Asian Economics,Active,1990-2026,,Journal,,Social Sciences,,,,,,,,,,,,,"Economics, Econometrics and Finance ",,,,,,,,,,,,,,,,
1271,0156-5826,0156-5826,,Journal of Australian Political Economy,Active,2008-2025,,Journal,,Social Sciences,,,,,,,,,,,,,"Economics, Econometrics and Finance ",,,,,,,,,,,,,Social Sciences ,,,
1272,1440-0405,1440-0405,2208-6773,Journal of Australian Taxation,Active,2022-2025; 2019-2020,,Journal,,Social Sciences,,,,,,,"Business, Management and Accounting ",,,,,,"Economics, Econometrics and Finance ",,,,,,,,,,,,,,,,
1273,0378-4266,0378-4266,,Journal of Banking and Finance,Active,1977-2026,,Journal,,Social Sciences,,,,,,,,,,,,,"Economics, Econometrics and Finance ",,,,,,,,,,,,,,,,
1274,,,,,,,,,,,,,,,,,,,,,,,,,,,,,,,,,,,,,,,
1275,1745-6452,1745-6452,1750-2071,Journal of Banking Regulation,Active,2008-2026,,Journal,,Social Sciences,,,,,,,,,,,,,"Economics, Econometrics and Finance ",,,,,,,,,,,,,,,,
1276,2214-8043,2214-8043,2214-8051,Journal of Behavioral and Experimental Economics,Active,2014-2026,,Journal,,Social Sciences,,,,,,,,,,,,,"Economics, Econometrics and Finance ",,,,,,,,,,,,Psychology ,Social Sciences ,,,
1277,2214-6350,2214-6350,2214-6369,Journal of Behavioral and Experimental Finance,Active,2014-2026,,Journal,,Social Sciences,,,,,,,"Business, Management and Accounting ",,,,,,"Economics, Econometrics and Finance ",,,,,,,,,,,,,,,,
1278,0894-3257,0894-3257,1099-0771,Journal of Behavioral Decision Making,Active,1988-2026,,Journal,,Social Sciences,,,,,Arts and Humanities ,,"Business, Management and Accounting ",,,,Decision Sciences ,,,,,,,,,,,,,,Psychology ,Social Sciences ,,,
1279,1542-7560,1542-7560,1542-7579,Journal of Behavioral Finance,Active,2009-2026; 2007,,Journal,,Social Sciences,,,,,,,,,,,,,"Economics, Econometrics and Finance ",,,,,,,,,,,,Psychology ,,,,
1280,2152-2812,2194-5888,2152-2812,Journal of Benefit-Cost Analysis,Active,2017-2025; 2015; 2011,,Journal,,Social Sciences,,,,,,,,,,,,,"Economics, Econometrics and Finance ",,,,,,,,,,,,,Social Sciences ,,,
1281,1387-6996,1387-6996,1573-6989,Journal of Bioeconomics,Inactive,1999-2023,,Journal,,Social Sciences,,,,,,,,,,,,,"Economics, Econometrics and Finance ",,,,,,,,,,,,,Social Sciences ,,,
1282,1054-3406,1054-3406,1520-5711,Journal of Biopharmaceutical Statistics,Active,1991-2026,,Journal,Life Sciences,,Physical Sciences,Health Sciences,,,,,,,,,,,,,,,,,Mathematics ,Medicine ,,,"Pharmacology, Toxicology and Pharmaceutics ",,,,,,
1283,1350-231X,1350-231X,1479-1803,Journal of Brand Management,Active,2008-2026; 2005,,Journal,,Social Sciences,,,,,,,"Business, Management and Accounting ",,,,,,,,,,,,,,,,,,,,,,
1284,0735-0015,0735-0015,1537-2707,Journal of Business and Economic Statistics,Active,1983-2026,,Journal,,Social Sciences,Physical Sciences,,,,,,,,,,Decision Sciences ,,"Economics, Econometrics and Finance ",,,,,,Mathematics ,,,,,,,Social Sciences ,,,
1285,,,,,,,,,,,,,,,,,,,,,,,,,,,,,,,,,,,,,,,
1286,0885-8624,0885-8624,2052-1189,Journal of Business and Industrial Marketing,Active,1986-2026,,Journal,,Social Sciences,,,,,,,"Business, Management and Accounting ",,,,,,,,,,,,,,,,,,,,,,
1287,2573-234X,2573-234X,2573-2358,Journal of Business Analytics,Active,2018-2026,,Journal,,Social Sciences,Physical Sciences,,,,,,,,,Computer Science ,Decision Sciences ,,,,,,,,,,,,,,,,,,
1288,,,,,,,,,,,,,,,,,,,,,,,,,,,,,,,,,,,,,,,
1289,,,,,,,,,,,,,,,,,,,,,,,,,,,,,,,,,,,,,,,
1290,,,,,,,,,,,,,,,,,,,,,,,,,,,,,,,,,,,,,,,
1291,0889-3268,0889-3268,1573-353X,Journal of Business and Psychology,Active,1986-2026,,Journal,,Social Sciences,,,,,,,"Business, Management and Accounting ",,,,,,,,,,,,,,,,,,Psychology ,,,,
1292,1050-6519,1050-6519,1552-4574,Journal of Business and Technical Communication,Active,1987-2026,,Journal,,Social Sciences,,,,,,,"Business, Management and Accounting ",,,,,,,,,,,,,,,,,,,Social Sciences ,,,
1293,,,,,,,,,,,,,,,,,,,,,,,,,,,,,,,,,,,,,,,
1294,2509-7962,2509-7962,2509-7970,Journal of Business Cycle Research,Active,2016-2026,,Journal,,Social Sciences,,,,,,,"Business, Management and Accounting ",,,,Decision Sciences ,,"Economics, Econometrics and Finance ",,,,,,,,,,,,,,,,
1295,0044-2372,0044-2372,1861-8928,Journal of Business Economics,Active,2013-2026; 2006; 1973-1979,,Journal,,Social Sciences,,,,,,,"Business, Management and Accounting ",,,,,,"Economics, Econometrics and Finance ",,,,,,,,,,,,,,,,
1296,1611-1699,1611-1699,2029-4433,Journal of Business Economics and Management,Active,2003-2026,,Journal,,Social Sciences,,,,,,,"Business, Management and Accounting ",,,,,,"Economics, Econometrics and Finance ",,,,,,,,,,,,,,,,
1297,0167-4544,0167-4544,1573-0697,Journal of Business Ethics,Active,1982-2026,,Journal,,Social Sciences,,,,,Arts and Humanities ,,"Business, Management and Accounting ",,,,,,"Economics, Econometrics and Finance ",,,,,,,,,,,,,Social Sciences ,,,
1298,0306-686X,0306-686X,1468-5957,Journal of Business Finance and Accounting,Active,1974-2026,,Journal,,Social Sciences,,,,,,,"Business, Management and Accounting ",,,,,,"Economics, Econometrics and Finance ",,,,,,,,,,,,,,,,
1299,0021-9460,0021-9460,2754-205X,Journal of Business Law,Active,2020-2025,,Journal,,Social Sciences,,,,,,,,,,,,,,,,,,,,,,,,,,Social Sciences ,,,
1300,0735-3766,0735-3766,2158-1592,Journal of Business Logistics,Active,2001-2026,,Journal,,Social Sciences,,,,,,,"Business, Management and Accounting ",,,,Decision Sciences ,,,,,,,,,,,,,,,,,,
1301,,,,,,,,,,,,,,,,,,,,,,,,,,,,,,,,,,,,,,,
1302,2246-2465,,2246-2465,Journal of Business Models,Active,2020-2025,,Journal,,Social Sciences,,,,,,,"Business, Management and Accounting ",,,,,,,,,,,,,,,,,,,,,,
1303,0148-2963,0148-2963,,Journal of Business Research,Active,1973-2026,,Journal,,Social Sciences,,,,,,,"Business, Management and Accounting ",,,,,,,,,,,,,,,,,,,,,,
1304,0275-6668,0275-6668,2052-1197,Journal of Business Strategy,Active,1980-2026,,Journal,,Social Sciences,,,,,,,"Business, Management and Accounting ",,,,,,,,,,,,,,,,,,,,,,
1305,,,,,,,,,,,,,,,,,,,,,,,,,,,,,,,,,,,,,,,
1306,,,,,,,,,,,,,,,,,,,,,,,,,,,,,,,,,,,,,,,
1307,0883-9026,0883-9026,,Journal of Business Venturing,Active,1985-2026,,Journal,,Social Sciences,,,,,,,"Business, Management and Accounting ",,,,,,,,,,,,,,,,,,,,,,
1308,2352-6734,,2352-6734,Journal of Business Venturing Insights,Active,2014-2026,,Journal,,Social Sciences,,,,,,,"Business, Management and Accounting ",,,,,,,,,,,,,,,,,,,,,,
1309,1051-712X,1051-712X,1547-0628,Journal of Business-to-Business Marketing,Active,1992-2026,,Journal,,Social Sciences,,,,,,,"Business, Management and Accounting ",,,,,,,,,,,,,,,,,,,,,,
1310,1069-0727,1069-0727,1552-4590,Journal of Career Assessment,Active,1993-2026,,Journal,,Social Sciences,,,,,,,,,,,,,,,,,,,,,,,,,,Social Sciences ,,,
1311,0894-8453,0894-8453,1556-0856,Journal of Career Development,Active,1975-2026; 1972-1973,,Journal,,Social Sciences,,,,,,,"Business, Management and Accounting ",,,,,,,,,,,,,,,,,,Psychology ,Social Sciences ,,,
1312,,,,,,,,,,,,,,,,,,,,,,,,,,,,,,,,,,,,,,,
1313,1548-7717,1548-7717,1548-7725,Journal of Cases on Information Technology,Active,2005-2026,,Journal,,Social Sciences,Physical Sciences,,,,,,"Business, Management and Accounting ",,,Computer Science ,Decision Sciences ,,,,,,,,,,,,,,,,,,
1314,1469-7017,1469-7017,1479-1811,Journal of Change Management,Active,2004-2026; 2000-2002,,Journal,,Social Sciences,,,,,,,"Business, Management and Accounting ",,,,,,,,,,,,,,,,,,,,,,
1315,1938-8160,1938-8160,1938-8179,Journal of China Tourism Research,Active,2008-2026,,Journal,,Social Sciences,,,,,Arts and Humanities ,,"Business, Management and Accounting ",,,,,,,,,,,,,,,,,,,Social Sciences ,,,
1316,1754-4408,1754-4408,1754-4416,Journal of Chinese Economic and Foreign Trade Studies,Active,2010-2026,,Journal,,Social Sciences,,,,,,,,,,,,,"Economics, Econometrics and Finance ",,,,,,,,,,,,,,,,
1317,1476-5284,1476-5284,1476-5292,Journal of Chinese Economic and Business Studies,Active,2010-2026; 2008,,Journal,,Social Sciences,,,,,,,,,,,,,"Economics, Econometrics and Finance ",,,,,,,,,,,,,,,,
1318,,,,,,,,,,,,,,,,,,,,,,,,,,,,,,,,,,,,,,,
1319,1755-5345,1755-5345,,Journal of Choice Modelling,Active,2008-2026,,Journal,,Social Sciences,Physical Sciences,,,,,,,,,,Decision Sciences ,,,,,,,,Mathematics ,,,,,,,,,,
1320,0959-6526,0959-6526,1879-1786,Journal of Cleaner Production,Active,1993-2026,,Journal,,Social Sciences,Physical Sciences,,,,,,"Business, Management and Accounting ",,,,,,,Energy ,Engineering ,Environmental Science ,,,,,,,,,,,,,
1321,,,,,,,,,,,,,,,,,,,,,,,,,,,,,,,,,,,,,,,
1322,,,,,,,,,,,,,,,,,,,,,,,,,,,,,,,,,,,,,,,
1323,2405-8513,2405-8513,,Journal of Commodity Markets,Active,2016-2026,,Journal,,Social Sciences,,,,,,,,,,,,,"Economics, Econometrics and Finance ",,,,,,,,,,,,,,,,
1324,0021-9886,0021-9886,1468-5965,Journal of Common Market Studies,Active,1962-2026,,Journal,,Social Sciences,,,,,,,"Business, Management and Accounting ",,,,,,"Economics, Econometrics and Finance ",,,,,,,,,,,,,Social Sciences ,,,
1325,0021-9916,0021-9916,1460-2466,Journal of Communication,Active,1951-2026,,Journal,,Social Sciences,,,,,Arts and Humanities ,,,,,,,,,,,,,,,,,,,,,Social Sciences ,,,
1326,1363-254X,1363-254X,1478-0852,Journal of Communication Management,Active,1995-2026,,Journal,,Social Sciences,,,,,,,"Business, Management and Accounting ",,,,,,,,,,,,,,,,,,,Social Sciences ,,,
1327,,,,,,,,,,,,,,,,,,,,,,,,,,,,,,,,,,,,,,,
1328,0147-5967,0147-5967,1095-7227,Journal of Comparative Economics,Active,1977-2026,,Journal,,Social Sciences,,,,,,,,,,,,,"Economics, Econometrics and Finance ",,,,,,,,,,,,,,,,
1329,,,,,,,,,,,,,,,,,,,,,,,,,,,,,,,,,,,,,,,
1330,1387-6988,1387-6988,1572-5448,Journal of Comparative Policy Analysis: Research and Practice,Active,1998-2026,,Journal,,Social Sciences,,,,,,,,,,,,,,,,,,,,,,,,,,Social Sciences ,,,
1331,1744-6414,1744-6414,1744-6422,Journal of Competition Law and Economics,Active,2005-2026,,Journal,,Social Sciences,,,,,,,,,,,,,"Economics, Econometrics and Finance ",,,,,,,,,,,,,Social Sciences ,,,
1332,1061-8600,1061-8600,1537-2715,Journal of Computational and Graphical Statistics,Active,1992-2026,,Journal,,Social Sciences,Physical Sciences,,,,,,,,,,Decision Sciences ,,,,,,,,Mathematics ,,,,,,,,,,
1333,1460-1559,1460-1559,1755-2850,Journal of Computational Finance,Active,2011-2025,,Journal,,Social Sciences,Physical Sciences,,,,,,,,,Computer Science ,,,"Economics, Econometrics and Finance ",,,,,,Mathematics ,,,,,,,,,,
1334,0887-4417,0887-4417,2380-2057,Journal of Computer Information Systems,Active,1995-2026,,Journal,,Social Sciences,Physical Sciences,,,,,,,,,Computer Science ,,,,,,,,,,,,,,,,Social Sciences ,,,
1335,0022-0027,0022-0027,1552-8766,Journal of Conflict Resolution,Active,1957-2026,,Journal,,Social Sciences,,,,,,,"Business, Management and Accounting ",,,,,,,,,,,,,,,,,,,Social Sciences ,,,
1336,,,,,,,,,,,,,,,,,,,,,,,,,,,,,,,,,,,,,,,
1337,0733-9364,0733-9364,1943-7862,Journal of Construction Engineering and Management,Active,1982-2026,,Journal,,Social Sciences,Physical Sciences,,,,,,"Business, Management and Accounting ",,,,,,,,Engineering ,,,,,,,,,,,,,,
1338,1072-0537,1072-0537,1521-0650,Journal of Constructivist Psychology,Active,1994-2026,,Journal,,Social Sciences,,,,,,,,,,,,,,,,,,,,,,,,,Psychology ,Social Sciences ,,,
1339,0022-0078,0022-0078,1745-6606,Journal of Consumer Affairs,Active,1967-2026,,Journal,,Social Sciences,,,,,,,,,,,,,"Economics, Econometrics and Finance ",,,,,,,,,,,,,Social Sciences ,,,
1340,1472-0817,1472-0817,1479-1838,Journal of Consumer Behaviour,Active,2007-2026,,Journal,,Social Sciences,,,,,,,,,,,,,,,,,,,,,,,,,Psychology ,,,,
1341,0736-3761,0736-3761,2052-1200,Journal of Consumer Marketing,Active,1984-2026,,Journal,,Social Sciences,,,,,,,"Business, Management and Accounting ",,,,,,,,,,,,,,,,,,,,,,
1342,0168-7034,0168-7034,1573-0700,Journal of Consumer Policy,Active,1983-2026; 1977-1981,,Journal,,Social Sciences,,,,,,,"Business, Management and Accounting ",,,,,,"Economics, Econometrics and Finance ",,,,,,,,,,,,,,,,
1343,1057-7408,1057-7408,1532-7663,Journal of Consumer Psychology,Active,1992-2026,,Journal,,Social Sciences,,,,,,,"Business, Management and Accounting ",,,,,,,,,,,,,,,,,,Psychology ,,,,
1344,0093-5301,0093-5301,1537-5277,Journal of Consumer Research,Active,1996-2026; 1991-1992; 1988; 1984; 1977-1978; 1975,,Journal,,Social Sciences,,,,,Arts and Humanities ,,"Business, Management and Accounting ",,,,,,"Economics, Econometrics and Finance ",,,,,,,,,,,,,Social Sciences ,,,
1345,0899-8620,0899-8620,,"Journal of Consumer Satisfaction, Dissatisfaction and Complaining Behavior",Active,2018-2025,,Journal,,Social Sciences,,,,,,,"Business, Management and Accounting ",,,,,,,,,,,,,,,,,,Psychology ,,,,
1346,1815-5669,1815-5669,,Journal of Contemporary Accounting and Economics,Active,2009-2026,,Journal,,Social Sciences,,,,,,,"Business, Management and Accounting ",,,,,,,,,,,,,,,,,,,,,,
1347,,,,,,,,,,,,,,,,,,,,,,,,,,,,,,,,,,,,,,,
1348,,,,,,,,,,,,,,,,,,,,,,,,,,,,,,,,,,,,,,,
1349,1547-0148,1547-0148,1547-0156,Journal of Convention and Event Tourism,Active,2005-2026,,Journal,,Social Sciences,,,,,,,"Business, Management and Accounting ",,,,,,,,,,,,,,,,,,,,,,
1350,1044-8136,1044-8136,1097-0053,Journal of Corporate Accounting and Finance,Active,1989-2026,,Journal,,Social Sciences,,,,,,,"Business, Management and Accounting ",,,,,,"Economics, Econometrics and Finance ",,,,,,,,,,,,,,,,
1351,0929-1199,0929-1199,,Journal of Corporate Finance,Active,1994-2026,,Journal,,Social Sciences,,,,,,,"Business, Management and Accounting ",,,,,,"Economics, Econometrics and Finance ",,,,,,,,,,,,,,,,
1352,1473-5970,1473-5970,1757-8426,Journal of Corporate Law Studies,Active,2013-2026; 2004,,Journal,,Social Sciences,,,,,,,,,,,,,,,,,,,,,,,,,,Social Sciences ,,,
1353,1463-001X,1463-001X,1479-1048,Journal of Corporate Real Estate,Active,1998-2026,,Journal,,Social Sciences,,,,,,,"Business, Management and Accounting ",,,,,,"Economics, Econometrics and Finance ",,,,,,,,,,,,,,,,
1354,,,,,,,,,,,,,,,,,,,,,,,,,,,,,,,,,,,,,,,
1355,,,,,,,,,,,,,,,,,,,,,,,,,,,,,,,,,,,,,,,
1356,2394-9643,2394-9643,2454-213X,Journal of Creating Value,Active,2015-2026,,Journal,,Social Sciences,,,,,,,"Business, Management and Accounting ",,,,,,,,,,,,,,,,,,,,,,
1357,0973-2586,0973-2586,0973-2594,Journal of Creative Communications,Active,2006-2026,,Journal,,Social Sciences,,,,,,,,,,,,,,,,,,,,,,,,,,Social Sciences ,,,
1358,1744-6619,1744-6619,1755-9723,Journal of Credit Risk,Active,2011-2026,,Journal,,Social Sciences,,,,,,,,,,,,,"Economics, Econometrics and Finance ",,,,,,,,,,,,,,,,
1359,0022-0221,0022-0221,1552-5422,Journal of Cross-Cultural Psychology,Active,1970-2026,,Journal,,Social Sciences,,,,,,,,,,,,,,,,,,,,,,,,,Psychology ,Social Sciences ,,,
1360,1542-8052,1542-8052,1542-8044,Journal of Culinary Science and Technology,Active,2006-2026,,Journal,Life Sciences,,,,,Agricultural and Biological Sciences ,,,,,,,,,,,,,,,,,,,,,,,,,
1361,0885-2545,0885-2545,1573-6997,Journal of Cultural Economics,Active,1977-2026,,Journal,,Social Sciences,,,,,,,,,,,,,"Economics, Econometrics and Finance ",,,,,,,,,,,,,,,,
1362,2044-1266,2044-1266,2044-1274,Journal of Cultural Heritage Management and Sustainable Development,Active,2011-2026,,Journal,,Social Sciences,,,,,Arts and Humanities ,,"Business, Management and Accounting ",,,,,,,,,,,,,,,,,,,Social Sciences ,,,
1363,1064-1734,1064-1734,2164-7313,Journal of Current Issues and Research in Advertising,Active,2012-2026; 1992-2010,,Journal,,Social Sciences,,,,,,,"Business, Management and Accounting ",,,,,,,,,,,,,,,,,,,,,,
1364,,,,,,,,,,,,,,,,,,,,,,,,,,,,,,,,,,,,,,,
1365,1063-8016,1063-8016,1533-8010,Journal of Database Management,Active,2003-2026; 1998-1999; 1995; 1990,,Journal,,,Physical Sciences,,,,,,,,,Computer Science ,,,,,,,,,,,,,,,,,,,
1366,1741-2439,1741-2439,1741-2447,Journal of Database Marketing and Customer Strategy Management,Inactive,2009-2012,,Journal,,Social Sciences,,,,,,,"Business, Management and Accounting ",,,,,,,,,,,,,,,,,,,,,,
1367,1246-0125,1246-0125,2116-7052,Journal of Decision Systems,Active,1992-2026,,Journal,,Social Sciences,,,,,,,"Business, Management and Accounting ",,,,,,,,,,,,,,,,,,,Social Sciences ,,,
1368,2054-0892,2054-0892,2054-0906,Journal of Demographic Economics,Active,2015-2026,,Journal,,Social Sciences,,,,,,,,,,,,,"Economics, Econometrics and Finance ",,,,,,,,,,,,,Social Sciences ,,,
1369,1753-9641,1753-9641,1753-965X,Journal of Derivatives and Hedge Funds,Inactive,2009-2014,,Journal,,Social Sciences,,,,,,,,,,,,,"Economics, Econometrics and Finance ",,,,,,,,,,,,,,,,
1370,2212-571X,2212-571X,,Journal of Destination Marketing and Management,Active,2012-2026,,Journal,,Social Sciences,,,,,,,"Business, Management and Accounting ",,,,,,,,,,,,,,,,,,,,,,
1371,0304-3878,0304-3878,,Journal of Development Economics,Active,1974-2026,,Journal,,Social Sciences,,,,,,,,,,,,,"Economics, Econometrics and Finance ",,,,,,,,,,,,,Social Sciences ,,,
1372,0022-0388,0022-0388,1743-9140,Journal of Development Studies,Active,1964-2026,,Journal,,Social Sciences,,,,,,,,,,,,,,,,,,,,,,,,,,Social Sciences ,,,
1373,2050-0076,2050-0076,2050-0084,Journal of Digital and Social Media Marketing,Active,2018-2026,,Journal,,Social Sciences,,,,,,,"Business, Management and Accounting ",,,,,,,,,,,,,,,,,,,Social Sciences ,,,
1374,2773-0670,,2773-0670,Journal of Digital Economy,Active,2022-2026,,Journal,,Social Sciences,,,,,,,"Business, Management and Accounting ",,,,,,"Economics, Econometrics and Finance ",,,,,,,,,,,,,Social Sciences ,,,
1375,0022-0418,0022-0418,1758-7379,Journal of Documentation,Active,1945-2026,,Journal,,Social Sciences,Physical Sciences,,,,,,,,,Computer Science ,,,,,,,,,,,,,,,,Social Sciences ,,,
1376,0949-6181,0949-6181,1862-0019,Journal of East European Management Studies,Inactive,2004-2024; 1996-2001,,Journal,,Social Sciences,,,,,,,"Business, Management and Accounting ",,,,,,,,,,,,,,,,,,,,,,
1377,1066-9868,1066-9868,1528-6959,Journal of East-West Business,Active,1994-2026,,Journal,,Social Sciences,,,,,,,"Business, Management and Accounting ",,,,,,,,,,,,,,,,,,,Social Sciences ,,,
1378,,,,,,,,,,,,,,,,,,,,,,,,,,,,,,,,,,,,,,,
1379,2156-6674,,2156-6674,Journal of Econometric Methods,Active,2015-2026; 2012-2013,,Journal,,Social Sciences,Physical Sciences,,,,,,,,,,,,"Economics, Econometrics and Finance ",,,,,,Mathematics ,,,,,,,,,,
1380,0304-4076,0304-4076,1872-6895,Journal of Econometrics,Active,1973-2026,,Journal,,Social Sciences,Physical Sciences,,,,,,,,,,,,"Economics, Econometrics and Finance ",,,,,,Mathematics ,,,,,,,,,,
1381,2054-6246,2054-6238,2054-6246,Journal of Economic and Administrative Sciences,Active,2012-2026; 2003-2010,,Journal,,Social Sciences,,,,,,,"Business, Management and Accounting ",,,,,,"Economics, Econometrics and Finance ",,,,,,,,,,,,,,,,
1382,0747-9662,0747-9662,1875-8932,Journal of Economic and Social Measurement,Inactive,2022-2023; 2004-2020; 1989-2002; 1985-1986,,Journal,,Social Sciences,,,,,,,,,,,,,,,,,,,,,,,,,,Social Sciences ,,,
1383,,,,,,,,,,,,,,,,,,,,,,,,,,,,,,,,,,,,,,,
1384,0167-2681,0167-2681,,Journal of Economic Behavior and Organization,Active,1980-2026,,Journal,,Social Sciences,,,,,,,"Business, Management and Accounting ",,,,,,"Economics, Econometrics and Finance ",,,,,,,,,,,,,,,,
1385,0254-8372,0254-8372,,Journal of Economic Development,Active,2017-2026,,Journal,,Social Sciences,,,,,,,,,,,,,"Economics, Econometrics and Finance ",,,,,,,,,,,,,,,,
1386,0165-1889,0165-1889,,Journal of Economic Dynamics and Control,Active,1979-2026,,Journal,,Social Sciences,Physical Sciences,,,,,,,,,,,,"Economics, Econometrics and Finance ",,,,,,Mathematics ,,,,,,,,,,
1387,1468-2702,1468-2702,1468-2710,Journal of Economic Geography,Active,2001-2026,,Journal,,Social Sciences,,,,,,,,,,,,,"Economics, Econometrics and Finance ",,,,,,,,,,,,,Social Sciences ,,,
1388,1381-4338,1381-4338,1573-7020,Journal of Economic Growth,Active,1996-2026,,Journal,,Social Sciences,,,,,,,,,,,,,"Economics, Econometrics and Finance ",,,,,,,,,,,,,,,,
1389,,,,,,,,,,,,,,,,,,,,,,,,,,,,,,,,,,,,,,,
1390,1225-651X,1225-651X,1976-5525,Journal of Economic Integration,Active,2013-2026; 2004-2005,,Journal,,Social Sciences,,,,,,,,,,,,,"Economics, Econometrics and Finance ",,,,,,,,,,,,,,,,
1391,1860-711X,1860-711X,1860-7128,Journal of Economic Interaction and Coordination,Active,2006-2026,,Journal,,Social Sciences,,,,,,,"Business, Management and Accounting ",,,,,,"Economics, Econometrics and Finance ",,,,,,,,,,,,,,,,
1392,0021-3624,0021-3624,1946-326X,Journal of Economic Issues,Active,1994-2026; 1985-1992; 1976-1983; 1973; 1967-1969,,Journal,,Social Sciences,,,,,,,"Business, Management and Accounting ",,,,,,"Economics, Econometrics and Finance ",,,,,,,,,,,,,,,,
1393,journal of economic literature,0022-0515,,Journal of Economic Literature,Active,1996-2026; 1986; 1984; 1981,,Journal,,Social Sciences,,,,,,,,,,,,,"Economics, Econometrics and Finance ",,,,,,,,,,,,,,,,
1394,1350-178X,1350-178X,1469-9427,Journal of Economic Methodology,Active,1994-2026,,Journal,,Social Sciences,,,,,,,,,,,,,"Economics, Econometrics and Finance ",,,,,,,,,,,,,,,,
1395,0895-3309,0895-3309,1944-7965,Journal of Economic Perspectives,Active,1996-2026; 1992-1994; 1987-1990,,Journal,,Social Sciences,,,,,,,,,,,,,"Economics, Econometrics and Finance ",,,,,,,,,,,,,,,,
1396,1748-7870,1748-7870,1748-7889,Journal of Economic Policy Reform,Active,2007-2026; 2003,,Journal,,Social Sciences,,,,,,,"Business, Management and Accounting ",,,,,,"Economics, Econometrics and Finance ",,,,,,,,,,,,,,,,
1397,0167-4870,0167-4870,,Journal of Economic Psychology,Active,1981-2026,,Journal,,Social Sciences,,,,,,,,,,,,,"Economics, Econometrics and Finance ",,,,,,,,,,,,Psychology ,Social Sciences ,,,
1398,,,,,,,,,,,,,,,,,,,,,,,,,,,,,,,,,,,,,,,
1399,,,,,,,,,,,,,,,,,,,,,,,,,,,,,,,,,,,,,,,
1400,0144-3585,0144-3585,1758-7387,Journal of Economic Studies,Active,1974-2026,,Journal,,Social Sciences,,,,,,,,,,,,,"Economics, Econometrics and Finance ",,,,,,,,,,,,,,,,
1401,0950-0804,0950-0804,1467-6419,Journal of Economic Surveys,Active,1987-2026,,Journal,,Social Sciences,,,,,,,,,,,,,"Economics, Econometrics and Finance ",,,,,,,,,,,,,,,,
1402,0022-0531,0022-0531,1095-7235,Journal of Economic Theory,Active,1969-2026,,Journal,,Social Sciences,,,,,,,,,,,,,"Economics, Econometrics and Finance ",,,,,,,,,,,,,,,,
1403,0931-8658,0931-8658,1617-7134,Journal of Economics/ Zeitschrift fur Nationalokonomie,Active,1948-2026; 1941-1944; 1930-1939,,Journal,,Social Sciences,,,,,,,"Business, Management and Accounting ",,,,,,"Economics, Econometrics and Finance ",,,,,,,,,,,,,,,,
1404,0013-3035,0013-3035,2729-7470,Ekonomicky Casopis,Active,1978-2025,,Journal,,Social Sciences,,,,,,,,,,,,,"Economics, Econometrics and Finance ",,,,,,,,,,,,,,,,
1405,1058-6407,1058-6407,1530-9134,Journal of Economics and Management Strategy,Active,1992-2026,,Journal,,Social Sciences,,,,,,,"Business, Management and Accounting ",,,,,,"Economics, Econometrics and Finance ",,,,,,,,,,,,,,,,
1406,0148-6195,0148-6195,,Journal of Economics and Business,Active,1982-2026; 1980; 1978,,Journal,,Social Sciences,,,,,,,"Business, Management and Accounting ",,,,,,"Economics, Econometrics and Finance ",,,,,,,,,,,,,,,,
1407,1859-0020,1859-0020,2632-5330,Journal of Economics and Development,Active,2019-2026,,Journal,,Social Sciences,,,,,,,"Business, Management and Accounting ",,,,,,"Economics, Econometrics and Finance ",,,,,,,,,,,,,,,,
1408,1055-0925,1055-0925,1938-9744,Journal of Economics and Finance,Active,1992-2026,,Journal,,Social Sciences,,,,,,,,,,,,,"Economics, Econometrics and Finance ",,,,,,,,,,,,,,,,
1409,,,,,,,,,,,,,,,,,,,,,,,,,,,,,,,,,,,,,,,
1410,0021-4027,0021-4027,2366-049X,Jahrbucher fur Nationalokonomie und Statistik,Active,1992-2026; 1987-1990; 1985; 1982; 1980; 1978; 1959; 1949; 1944; 1927-1928; 1923; 1920; 1918; 1916; 1914; 1910; 1905-1908; 1898-1903; 1896; 1863,,Journal,,Social Sciences,,,,,,,"Business, Management and Accounting ",,,,,,"Economics, Econometrics and Finance ",,,,,,,,,,,,,Social Sciences ,,,
1411,,,,,,,,,,,,,,,,,,,,,,,,,,,,,,,,,,,,,,,
1412,1472-4049,1472-4049,1747-7638,Journal of Ecotourism,Active,2002-2026,,Journal,,Social Sciences,,,,,,,"Business, Management and Accounting ",,,,,,,,,,,,,,,,,,,Social Sciences ,,,
1413,1363-9080,1363-9080,1469-9435,Journal of Education and Work,Active,2005-2026,,Journal,,Social Sciences,,,,,,,"Business, Management and Accounting ",,,,,,,,,,,,,,,,,,,Social Sciences ,,,
1414,0098-9495,0098-9495,1944-6470,Journal of Education Finance,Active,2005-2025,,Journal,,Social Sciences,,,,,,,,,,,,,"Economics, Econometrics and Finance ",,,,,,,,,,,,,Social Sciences ,,,
1415,0883-2323,0883-2323,1940-3356,Journal of Education for Business,Active,1985-2026; 1947,,Journal,,Social Sciences,,,,,,,"Business, Management and Accounting ",,,,,,,,,,,,,,,,,,,Social Sciences ,,,
1416,0957-8234,0957-8234,1758-7395,Journal of Educational Administration,Active,1963-2026,,Journal,,Social Sciences,,,,,,,,,,,,,,,,,,,,,,,,,,Social Sciences ,,,
1417,,,,,,,,,,,,,,,,,,,,,,,,,,,,,,,,,,,,,,,
1418,1539-2937,1539-2937,1539-2929,Journal of Electronic Commerce in Organizations,Active,2003-2026,,Journal,,Social Sciences,Physical Sciences,,,,,,"Business, Management and Accounting ",,,Computer Science ,,,,,,,,,,,,,,,,,,,
1419,1938-9027,1938-9027,1526-6133,Journal of Electronic Commerce Research,Active,2010-2026,,Journal,,Social Sciences,Physical Sciences,,,,,,,,,Computer Science ,,,"Economics, Econometrics and Finance ",,,,,,,,,,,,,,,,
1420,0972-6527,0972-6527,0973-0710,Journal of Emerging Market Finance,Active,2002-2026,,Journal,,Social Sciences,,,,,,,,,,,,,"Economics, Econometrics and Finance ",,,,,,,,,,,,,,,,
1421,1554-1908,1554-1908,1558-7940,Journal of Emerging Technologies in Accounting,Active,2008-2026; 2004,,Journal,,Social Sciences,Physical Sciences,,,,,,"Business, Management and Accounting ",,,Computer Science ,,,,,,,,,,,,,,,,,,,
1422,0927-5398,0927-5398,,Journal of Empirical Finance,Active,1993-2026,,Journal,,Social Sciences,,,,,,,,,,,,,"Economics, Econometrics and Finance ",,,,,,,,,,,,,,,,
1423,1326-4443,,1326-4443,Journal of Empirical Generalisations in Marketing Science,Active,2025; 2016-2023; 2013-2014; 2009-2010; 2005-2007; 1996-2003,,Journal,,Social Sciences,,,,,,,"Business, Management and Accounting ",,,,,,,,,,,,,,,,,,,,,,
1424,1740-1453,1740-1453,1740-1461,Journal of Empirical Legal Studies,Active,2011-2026; 2007-2009,,Journal,,Social Sciences,,,,,,,,,,,,,,,,,,,,,,,,,,Social Sciences ,,,
1425,0022-0787,0022-0787,2161-1920,Journal of Employment Counseling,Active,1964-2026,,Journal,,Social Sciences,,,,,,,"Business, Management and Accounting ",,,,,,,,,,,,,,,,,,Psychology ,,,,
1426,0361-4476,0361-4476,,Journal of Energy and Development,Active,2016-2025; 2011-2014; 1988; 1979-1986,,Journal,,Social Sciences,Physical Sciences,,,,,,,,,,,,"Economics, Econometrics and Finance ",Energy ,,,,,,,,,,,,,,,
1427,0923-4748,0923-4748,1879-1719,Journal of Engineering and Technology Management - JET-M,Active,1989-2026,,Journal,,Social Sciences,Physical Sciences,,,,,,"Business, Management and Accounting ",,,,Decision Sciences ,,,,Engineering ,,,,,,,,,,,,,,
1428,1726-0531,1726-0531,1758-8901,"Journal of Engineering, Design and Technology",Active,2005-2026,,Journal,,,Physical Sciences,,,,,,,,,,,,,,Engineering ,,,,,,,,,,,,,,
1429,1741-0398,1741-0398,1758-7409,Journal of Enterprise Information Management,Active,2004-2026,,Journal,,Social Sciences,Physical Sciences,,,,,,,,,Computer Science ,,,,,,,,,,,,,,,,Social Sciences ,,,
1430,1750-6204,1750-6204,1750-6212,Journal of Enterprising Communities,Active,2007-2026,,Journal,,Social Sciences,,,,,,,"Business, Management and Accounting ",,,,,,"Economics, Econometrics and Finance ",,,,,,,,,,,,,,,,
1431,0971-3557,0971-3557,0973-0745,Journal of Entrepreneurship,Active,2009-2026; 1996-1999,,Journal,,Social Sciences,,,,,,,"Business, Management and Accounting ",,,,,,"Economics, Econometrics and Finance ",,,,,,,,,,,,,,,,
1432,2053-4604,2053-4604,2053-4612,Journal of Entrepreneurship in Emerging Economies,Active,2014-2026,,Journal,,Social Sciences,,,,,,,"Business, Management and Accounting ",,,,,,,,,,,,,,,,,,,,,,
1433,1070-4965,1070-4965,1552-5465,Journal of Environment and Development,Active,1992-2026,,Journal,,Social Sciences,Physical Sciences,,,,,,,,,,,,,,,Environmental Science ,,,,,,,,,,Social Sciences ,,,
1434,0095-0696,0095-0696,1096-0449,Journal of Environmental Economics and Management,Active,1974-2026,,Journal,,Social Sciences,Physical Sciences,,,,,,,,,,,,"Economics, Econometrics and Finance ",,,Environmental Science ,,,,,,,,,,,,,
1435,0952-8873,0952-8873,1464-374X,Journal of Environmental Law,Active,1989-2025,,Journal,,Social Sciences,Physical Sciences,,,,,,,,,,,,,,,Environmental Science ,,,,,,,,,,Social Sciences ,,,
1436,0964-0568,0964-0568,1360-0559,Journal of Environmental Planning and Management,Active,1992-2026,,Journal,,Social Sciences,Physical Sciences,,,,,,,Chemical Engineering ,,,,,,,,Environmental Science ,,,,,,,,,,Social Sciences ,,,
1437,0272-4944,0272-4944,1522-9610,Journal of Environmental Psychology,Active,1981-2026,,Journal,,Social Sciences,,,,,,,,,,,,,,,,,,,,,,,,,Psychology ,,,,
1438,1049-6483,1049-6483,1528-6967,Journal of Euromarketing,Inactive,1992-2009,,Journal,,Social Sciences,,,,,,,"Business, Management and Accounting ",,,,,,,,,,,,,,,,,,,Social Sciences ,,,
1439,0391-5115,0391-5115,2499-8281,Journal of European Economic History,Active,2012-2025; 1999-2001; 1981-1984; 1979; 1974-1975,,Journal,,Social Sciences,,,,,Arts and Humanities ,,,,,,,,"Economics, Econometrics and Finance ",,,,,,,,,,,,,,,,
1440,1350-1763,1350-1763,1466-4429,Journal of European Public Policy,Active,1994-2026,,Journal,,Social Sciences,,,,,,,,,,,,,,,,,,,,,,,,,,Social Sciences ,,,
1441,1753-9269,1753-9269,1753-9277,Journal of European Real Estate Research,Active,2008-2026,,Journal,,Social Sciences,,,,,,,"Business, Management and Accounting ",,,,,,"Economics, Econometrics and Finance ",,,,,,,,,,,,,,,,
1442,0936-9937,0936-9937,1432-1386,Journal of Evolutionary Economics,Active,1991-2026,,Journal,,Social Sciences,,,,,,,"Business, Management and Accounting ",,,,,,"Economics, Econometrics and Finance ",,,,,,,,,,,,,,,,
1443,1076-898X,1076-898X,1939-2192,Journal of Experimental Psychology: Applied,Active,1995-2026,,Journal,,Social Sciences,,,,,,,,,,,,,,,,,,,,,,,,,Psychology ,,,,
1444,0096-3445,0096-3445,1939-2222,Journal of Experimental Psychology: General,Active,1975-2026,,Journal,Life Sciences,Social Sciences,,,,,,,,,,,,,,,,,,,,,Neuroscience ,,,,Psychology ,,,,
1445,0278-7393,0278-7393,1939-1285,Journal of Experimental Psychology: Learning Memory and Cognition,Active,1982-2026; 1975,,Journal,,Social Sciences,,,,,Arts and Humanities ,,,,,,,,,,,,,,,,,,,,Psychology ,Social Sciences ,,,
1446,0022-1031,0022-1031,1096-0465,Journal of Experimental Social Psychology,Active,1965-2026,,Journal,,Social Sciences,,,,,,,,,,,,,,,,,,,,,,,,,Psychology ,Social Sciences ,,,
1447,1472-5967,1472-5967,1741-0983,Journal of Facilities Management,Active,2005-2026; 2002-2003,,Journal,,Social Sciences,,,,,,,"Business, Management and Accounting ",,,,,,,,,,,,,,,,,,,,,,
1448,1058-0476,1058-0476,1573-3475,Journal of Family and Economic Issues,Active,1992-2026,,Journal,,Social Sciences,,,,,,,,,,,,,"Economics, Econometrics and Finance ",,,,,,,,,,,,Psychology ,,,,
1449,1877-8585,1877-8585,,Journal of Family Business Strategy,Active,2010-2026,,Journal,,Social Sciences,,,,,,,"Business, Management and Accounting ",,,,,,"Economics, Econometrics and Finance ",,,,,,,,,,,,,,,,
1450,1361-2026,1361-2026,1758-7433,Journal of Fashion Marketing and Management,Active,1996-2026,,Journal,,Social Sciences,,,,,,,"Business, Management and Accounting ",,,,,,,,,,,,,,,,,,,,,,
1451,,,,,,,,,,,,,,,,,,,,,,,,,,,,,,,,,,,,,,,
1452,0022-1090,0022-1090,1756-6916,Journal of Financial and Quantitative Analysis,Active,1966-2026,,Journal,,Social Sciences,,,,,,,"Business, Management and Accounting ",,,,,,"Economics, Econometrics and Finance ",,,,,,,,,,,,,,,,
1453,1052-3073,1052-3073,1947-7910,Journal of Financial Counseling and Planning,Active,1993-2026; 1990-1991,,Journal,,Social Sciences,,,,,,,,,,,,,"Economics, Econometrics and Finance ",,,,,,,,,,,,,,,,
1454,1359-0790,1359-0790,1758-7239,Journal of Financial Crime,Active,1993-2026,,Journal,,Social Sciences,,,,,,,,,,,,,"Economics, Econometrics and Finance ",,,,,,,,,,,,,Social Sciences ,,,
1455,1479-8409,1479-8409,1479-8417,Journal of Financial Econometrics,Active,2004-2026,,Journal,,Social Sciences,,,,,,,,,,,,,"Economics, Econometrics and Finance ",,,,,,,,,,,,,,,,
1456,1757-6385,1757-6385,1757-6393,Journal of Financial Economic Policy,Active,2014-2026; 2011-2012,,Journal,,Social Sciences,,,,,,,,,,,,,"Economics, Econometrics and Finance ",,,,,,,,,,,,,,,,
1457,0304-405X,0304-405X,,Journal of Financial Economics,Active,1974-2026,,Journal,,Social Sciences,,,,,,,"Business, Management and Accounting ",,,,,,"Economics, Econometrics and Finance ",,,,,,,,,,,,,,,,
1458,,,,,,,,,,,,,,,,,,,,,,,,,,,,,,,,,,,,,,,
1459,1042-9573,1042-9573,1096-0473,Journal of Financial Intermediation,Active,1990-2026,,Journal,,Social Sciences,,,,,,,,,,,,,"Economics, Econometrics and Finance ",,,,,,,,,,,,,,,,
1460,0970-4205,0970-4205,,Journal of Financial Management and Analysis,Inactive,1996-1997; 1989-1994,,Journal,,,Physical Sciences,,,,,,,,,,,Earth and Planetary Sciences ,,,,Environmental Science ,,,,,,,,,,,,,
1461,1366-4387,1366-4387,1759-8443,Journal of Financial Management of Property and Construction,Active,2005-2026,,Journal,,Social Sciences,,,,,,,"Business, Management and Accounting ",,,,,,"Economics, Econometrics and Finance ",,,,,,,,,,,,,,,,
1462,2282-717X,,2282-717X,"Journal of Financial Management, Markets and Institutions",Active,2019-2026,,Journal,,Social Sciences,,,,,,,,,,,,,"Economics, Econometrics and Finance ",,,,,,,,,,,,,,,,
1463,1386-4181,1386-4181,,Journal of Financial Markets,Active,1998-2026,,Journal,,Social Sciences,,,,,,,,,,,,,"Economics, Econometrics and Finance ",,,,,,,,,,,,,,,,
1464,2053-4833,2053-4833,2053-4841,Journal of Financial Regulation,Active,2015-2025,,Journal,,Social Sciences,,,,,,,,,,,,,"Economics, Econometrics and Finance ",,,,,,,,,,,,,,,,
1465,1358-1988,1358-1988,1740-0279,Journal of Financial Regulation and Compliance,Active,1996-2026,,Journal,,Social Sciences,,,,,,,"Business, Management and Accounting ",,,,,,"Economics, Econometrics and Finance ",,,,,,,,,,,,,,,,
1466,,,,,,,,,,,,,,,,,,,,,,,,,,,,,,,,,,,,,,,
1467,1985-2517,1985-2517,2042-5856,Journal of Financial Reporting and Accounting,Active,2017-2026; 2009; 2007; 2003,,Journal,,Social Sciences,,,,,,,"Business, Management and Accounting ",,,,,,"Economics, Econometrics and Finance ",,,,,,,,,,,,,,,,
1468,0270-2592,0270-2592,1475-6803,Journal of Financial Research,Active,1978-2026,,Journal,,Social Sciences,,,,,,,"Business, Management and Accounting ",,,,,,"Economics, Econometrics and Finance ",,,,,,,,,,,,,,,,
1469,1363-0539,1363-0539,1479-1846,Journal of Financial Services Marketing,Active,2009-2026; 2004,,Journal,,Social Sciences,,,,,,,"Business, Management and Accounting ",,,,,,"Economics, Econometrics and Finance ",,,,,,,,,,,,,,,,
1470,0920-8550,0920-8550,1573-0735,Journal of Financial Services Research,Active,1987-2026,,Journal,,Social Sciences,,,,,,,"Business, Management and Accounting ",,,,,,"Economics, Econometrics and Finance ",,,,,,,,,,,,,,,,
1471,1572-3089,1572-3089,,Journal of Financial Stability,Active,2004-2026,,Journal,,Social Sciences,,,,,,,,,,,,,"Economics, Econometrics and Finance ",,,,,,,,,,,,,,,,
1472,journal of food distribution research,,2643-3354,Journal of Food Distribution Research,Active,2019-2025,,Journal,Life Sciences,Social Sciences,,,,Agricultural and Biological Sciences ,,,"Business, Management and Accounting ",,,,Decision Sciences ,,"Economics, Econometrics and Finance ",,,,,,,,,,,,,,,,
1473,1045-4446,1045-4446,1540-4102,Journal of Food Products Marketing,Active,1992-2026,,Journal,Life Sciences,Social Sciences,,,,Agricultural and Biological Sciences ,,,"Business, Management and Accounting ",,,,,,,,,,,,,,,,,,,,,,
1474,1537-8020,1537-8020,1537-8039,Journal of Foodservice Business Research,Active,2002-2026,,Journal,Life Sciences,Social Sciences,,,,Agricultural and Biological Sciences ,,,"Business, Management and Accounting ",,,,,,,,,,,,,,,,,,,,,,
1475,0277-6693,0277-6693,1099-131X,Journal of Forecasting,Active,1982-2026,,Journal,,Social Sciences,Physical Sciences,,,,,,"Business, Management and Accounting ",,,Computer Science ,Decision Sciences ,,"Economics, Econometrics and Finance ",,,,,,Mathematics ,,,,,,,,,,
1476,,,,,,,,,,,,,,,,,,,,,,,,,,,,,,,,,,,,,,,
1477,2380-2138,,2380-2138,Journal of Forensic Accounting Research,Active,2020-2025,,Journal,,Social Sciences,Physical Sciences,Health Sciences,,,,,"Business, Management and Accounting ",,,Computer Science ,,,,,,,,,,Medicine ,,,,,Psychology ,,,,
1478,,,,,,,,,,,,,,,,,,,,,,,,,,,,,,,,,,,,,,,
1479,1104-6899,1104-6899,1618-1530,Journal of Forest Economics,Active,1995-2025,,Journal,Life Sciences,Social Sciences,Physical Sciences,,,Agricultural and Biological Sciences ,,,,,,,,,"Economics, Econometrics and Finance ",,,Environmental Science ,,,,,,,,,,Social Sciences ,,,
1480,1050-5350,1050-5350,1573-3602,Journal of Gambling Studies,Active,1990-2026,,Journal,,Social Sciences,,,,,,,,,,,,,,,,,,,,,,,,,Psychology ,Social Sciences ,,,
1481,0306-3070,0306-3070,1759-6106,Journal of General Management,Active,2003-2026; 1996; 1993; 1982; 1979,,Journal,,Social Sciences,,,,,,,"Business, Management and Accounting ",,,,,,,,,,,,,,,,,,,,,,
1482,,,,,,,,,,,,,,,,,,,,,,,,,,,,,,,,,,,,,,,
1483,2377-2999,,2377-2999,Journal of Global Economic Analysis,Active,2016-2025,,Journal,,Social Sciences,Physical Sciences,,,,,,,,,,Decision Sciences ,,"Economics, Econometrics and Finance ",,,,,,Mathematics ,,,,,,,,,,
1484,2093-2685,2093-2685,2325-4483,Journal of Global Fashion Marketing,Active,2013-2026; 2010-2011,,Journal,,Social Sciences,,,,,,,"Business, Management and Accounting ",,,,,,,,,,,,,,,,,,,Social Sciences ,,,
1485,1062-7375,1062-7375,1533-7995,Journal of Global Information Management,Active,2001-2026,,Journal,,Social Sciences,Physical Sciences,,,,,,"Business, Management and Accounting ",,,Computer Science ,Decision Sciences ,,,,,,,,,,,,,,,,,,
1486,1097-198X,1097-198X,2333-6846,Journal of Global Information Technology Management,Active,1998-2026,,Journal,,Social Sciences,Physical Sciences,,,,,,,,,Computer Science ,Decision Sciences ,,,,,,,,,,,,,,,,,,
1487,0891-1762,0891-1762,1528-6975,Journal of Global Marketing,Active,1988-2026,,Journal,,Social Sciences,,,,,,,"Business, Management and Accounting ",,,,,,,,,,,,,,,,,,,,,,
1488,2049-8799,2049-8799,2049-8802,Journal of Global Mobility,Active,2013-2026,,Journal,,Social Sciences,,,,,,,"Business, Management and Accounting ",,,,,,,,,,,,,,,,,,,,,,
1489,2398-5364,2398-5364,2398-5372,Journal of Global Operations and Strategic Sourcing,Active,2017-2026,,Journal,,Social Sciences,,,,,,,"Business, Management and Accounting ",,,,Decision Sciences ,,,,,,,,,,,,,,,,,,
1490,2041-2568,2041-2568,2041-2576,Journal of Global Responsibility,Active,2010-2026,,Journal,,Social Sciences,,,,,,,"Business, Management and Accounting ",,,,,,,,,,,,,,,,,,,,,,
1491,2163-9159,2163-9159,2163-9167,Journal of Global Scholars of Marketing Science: Bridging Asia and the World,Active,2011-2026,,Journal,,Social Sciences,,,,,Arts and Humanities ,,"Business, Management and Accounting ",,,,,,,,,,,,,,,,,,,Social Sciences ,,,
1492,2470-4067,2470-4067,2470-4075,Journal of Global Sport Management,Active,2016-2026,,Journal,,Social Sciences,,,,,,,"Business, Management and Accounting ",,,,,,,,,,,,,,,,,,,,,,
1493,1948-1837,2194-6353,1948-1837,Journal of Globalization and Development,Active,2016-2026,,Journal,,Social Sciences,,,,,,,,,,,,,"Economics, Econometrics and Finance ",,,,,,,,,,,,,Social Sciences ,,,
1494,2155-3815,,2155-3815,Journal of Governmental and Nonprofit Accounting,Active,2021-2025; 2017; 2014,,Journal,,Social Sciences,,,,,,,"Business, Management and Accounting ",,,,,,,,,,,,,,,,,,,,,,
1495,0167-6296,0167-6296,1879-1646,Journal of Health Economics,Active,1982-2026,,Journal,,,,Health Sciences,,,,,,,,,,,,,,,,,,Medicine ,,,,,,,,,
1496,0361-6878,0361-6878,1527-1927,"Journal of Health Politics, Policy and Law",Active,1976-2026,,Journal,,,,Health Sciences,,,,,,,,,,,,,,,,,,Medicine ,,,,,,,,,
1497,1355-8196,1355-8196,1758-1060,Journal of Health Services Research and Policy,Active,1995-2026,,Journal,,,,Health Sciences,,,,,,,,,,,,,,,,,,Medicine ,,,,,,,,,
1498,1477-7266,1477-7266,1758-7247,Journal of Health Organization and Management,Active,2003-2026,,Journal,,Social Sciences,,Health Sciences,,,,,"Business, Management and Accounting ",,,,,,,,,,,,,Medicine ,,,,,,,,,
1499,,,,,,,,,,,,,,,,,,,,,,,,,,,,,,,,,,,,,,,
1500,1096-9012,1096-9012,1944-7396,Journal of Healthcare Management,Active,1998-2026,,Journal,,Social Sciences,,Health Sciences,,,,,"Business, Management and Accounting ",,,,,,,,,,,,,Medicine ,,Nursing ,,,,,,,
1501,1743-873X,1743-873X,1747-6631,Journal of Heritage Tourism,Active,2006-2026,,Journal,,Social Sciences,,,,,Arts and Humanities ,,"Business, Management and Accounting ",,,,,,,,,,,,,,,,,,,,,,
1502,1360-080X,1360-080X,1469-9508,Journal of Higher Education Policy and Management,Active,2003-2026,,Journal,,Social Sciences,,,,,,,,,,,,,,,,,,,,,,,,,,Social Sciences ,,,
1503,1755-750X,1755-750X,1755-7518,Journal of Historical Research in Marketing,Active,2009-2026,,Journal,,Social Sciences,,,,,,,"Business, Management and Accounting ",,,,,,,,,,,,,,,,,,,,,,
1504,1096-3758,1096-3758,2325-6540,Journal of Hospitality and Tourism Education,Active,1997-2026,,Journal,,Social Sciences,,,,,,,"Business, Management and Accounting ",,,,,,,,,,,,,,,,,,,Social Sciences ,,,
1505,2514-9792,2514-9792,2514-9806,Journal of Hospitality and Tourism Insights,Active,2018-2026,,Journal,,Social Sciences,,,,,,,"Business, Management and Accounting ",,,,,,,,,,,,,,,,,,,,,,
1506,1447-6770,1447-6770,1839-5260,Journal of Hospitality and Tourism Management,Active,2006-2026,,Journal,,Social Sciences,,,,,,,"Business, Management and Accounting ",,,,,,,,,,,,,,,,,,,,,,
1507,1096-3480,1096-3480,1557-7554,Journal of Hospitality and Tourism Research,Active,1987-2026; 1983-1985; 1976-1981,,Journal,,Social Sciences,,,,,,,"Business, Management and Accounting ",,,,,,,,,,,,,,,,,,,Social Sciences ,,,
1508,1757-9880,1757-9880,1757-9899,Journal of Hospitality and Tourism Technology,Active,2010-2026,,Journal,,Social Sciences,Physical Sciences,,,,,,"Business, Management and Accounting ",,,Computer Science ,,,,,,,,,,,,,,,,,,,
1509,1936-8623,1936-8623,1936-8631,Journal of Hospitality Marketing and Management,Active,2009-2026,,Journal,,Social Sciences,,,,,,,"Business, Management and Accounting ",,,,,,,,,,,,,,,,,,,,,,
1510,1473-8376,,1473-8376,"Journal of Hospitality, Leisure, Sport and Tourism Education",Active,2008-2026,,Journal,,Social Sciences,,,,,,,"Business, Management and Accounting ",,,,,,,,,,,,,,,,,,,Social Sciences ,,,
1511,1051-1377,1051-1377,1096-0791,Journal of Housing Economics,Active,1991-2026,,Journal,,Social Sciences,,,,,,,,,,,,,"Economics, Econometrics and Finance ",,,,,,,,,,,,,,,,
1512,1052-7001,1052-7001,2691-1337,Journal of Housing Research,Active,2007-2026; 1998-2004,,Journal,,Social Sciences,,,,,,,"Business, Management and Accounting ",,,,,,"Economics, Econometrics and Finance ",,,,,,,,,,,,,Social Sciences ,,,
1513,1932-8575,1932-8575,1932-8664,Journal of Human Capital,Active,2009-2026,,Journal,,Social Sciences,,,,,,,,,,,,,"Economics, Econometrics and Finance ",,,,,,,,,,,,,,,,
1514,1945-2829,1945-2829,1945-2837,Journal of Human Development and Capabilities,Active,2009-2026,,Journal,,Social Sciences,,,,,,,,,,,,,,,,,,,,,,,,,,Social Sciences ,,,
1515,0022-166X,0022-166X,1548-8004,Journal of Human Resources,Active,1992-2026; 1990; 1988; 1976-1982,,Journal,,Social Sciences,,,,,,,"Business, Management and Accounting ",,,,,,"Economics, Econometrics and Finance ",,,,,,,,,,,,,,,,
1516,1533-2845,1533-2845,1533-2853,Journal of Human Resources in Hospitality and Tourism,Active,2002-2026,,Journal,,Social Sciences,,,,,,,"Business, Management and Accounting ",,,,,,,,,,,,,,,,,,,,,,
1517,2042-6747,2042-6747,2042-6755,Journal of Humanitarian Logistics and Supply Chain Management,Active,2011-2026,,Journal,,Social Sciences,,,,,,,"Business, Management and Accounting ",,,,Decision Sciences ,,,,,,,,,,,,,,,,,,
1518,0926-6437,0926-6437,1874-6322,Journal of Income Distribution,Inactive,2022; 2020; 2006-2013; 2002-2004,,Journal,,Social Sciences,,,,,,,,,,,,,"Economics, Econometrics and Finance ",,,,,,,,,,,,,Social Sciences ,,,
1519,2154-7238,2154-7238,2374-135X,Journal of Index Investing,Inactive,2017-2021; 2013,,Journal,,Social Sciences,,,,,,,"Business, Management and Accounting ",,,,,,"Economics, Econometrics and Finance ",,,,,,,,,,,,,,,,
1520,1755-4195,1755-4195,1755-4209,Journal of Indian Business Research,Active,2009-2026,,Journal,,Social Sciences,,,,,,,"Business, Management and Accounting ",,,,,,,,,,,,,,,,,,,,,,
1521,2085-8272,2085-8272,2338-5847,Journal of Indonesian Economy and Business,Active,2019-2026,,Journal,,Social Sciences,,,,,,,"Business, Management and Accounting ",,,,,,"Economics, Econometrics and Finance ",,,,,,,,,,,,,,,,
1522,0391-2078,0391-2078,1972-4977,Journal of Industrial and Business Economics,Active,2013-2026,,Journal,,Social Sciences,,,,,,,"Business, Management and Accounting ",,,,,,"Economics, Econometrics and Finance ",,,,,,,,,,,,,,,,
1523,1547-5816,1547-5816,1553-166X,Journal of Industrial and Management Optimization,Active,2007-2026,,Journal,,Social Sciences,Physical Sciences,,,,,,"Business, Management and Accounting ",,,,,,,,,,,,Mathematics ,,,,,,,,,,
1524,2452-414X,2452-414X,,Journal of Industrial Information Integration,Active,2016-2026,,Journal,,Social Sciences,Physical Sciences,,,,,,,,,,Decision Sciences ,,,,Engineering ,,,,,,,,,,,,,,
1525,0022-1856,0022-1856,1472-9296,Journal of Industrial Relations,Active,1959-2026,,Journal,,Social Sciences,,,,,,,"Business, Management and Accounting ",,,,,,,,,,,,,,,,,,,,,,
1526,1566-1679,1566-1679,1573-7012,"Journal of Industry, Competition and Trade",Active,2004-2026,,Journal,,Social Sciences,,,,,,,,,,,,,"Economics, Econometrics and Finance ",,,,,,,,,,,,,,,,
1527,0219-6492,0219-6492,1793-6926,Journal of Information and Knowledge Management,Active,2002-2026,,Journal,,Social Sciences,Physical Sciences,,,,,,,,,Computer Science ,,,,,,,,,,,,,,,,Social Sciences ,,,
1528,1477-996X,1477-996X,1758-8871,"Journal of Information, Communication and Ethics in Society",Active,2003-2026,,Journal,,Social Sciences,Physical Sciences,,,,Arts and Humanities ,,,,,Computer Science ,,,,,,,,,,,,,,,,Social Sciences ,,,
1529,0888-7985,0888-7985,1558-7959,Journal of Information Systems,Active,2006-2026; 2002-2003; 2000,,Journal,,Social Sciences,Physical Sciences,,,,,,"Business, Management and Accounting ",,,Computer Science ,Decision Sciences ,,,,,,,,,,,,,,,,,,
1530,,,,,,,,,,,,,,,,,,,,,,,,,,,,,,,,,,,,,,,
1531,1055-3096,1055-3096,2574-3872,Journal of Information Systems Education,Active,2012-2026,,Journal,,Social Sciences,Physical Sciences,,,,,,,,,,,,,,Engineering ,,,,,,,,,,,Social Sciences ,,,
1532,0268-3962,0268-3962,1466-4437,Journal of Information Technology,Active,1987-2026,,Journal,,Social Sciences,Physical Sciences,,,,,,"Business, Management and Accounting ",,,Computer Science ,,,,,,,,,,,,,,,,Social Sciences ,,,
1533,1522-8053,1522-8053,2333-6897,Journal of Information Technology Case and Application Research,Active,2005-2026; 1999,,Journal,,Social Sciences,,,,,,,,,,,Decision Sciences ,,,,,,,,,,,,,,,,,,
1534,1547-9714,1547-9714,1539-3585,Journal of Information Technology Education: Research,Active,2011-2026; 2005,,Journal,,Social Sciences,Physical Sciences,,,,,,,,,Computer Science ,,,,,,,,,,,,,,,,Social Sciences ,,,
1535,2444-569X,2530-7614,2444-569X,Journal of Innovation and Knowledge,Active,2016-2026,,Journal,,Social Sciences,,,,,,,"Business, Management and Accounting ",,,,,,"Economics, Econometrics and Finance ",,,,,,,,,,,,,,,,
1536,2032-5355,,2032-5355,Journal of Innovation Economics and Management,Active,2019-2025,,Journal,,Social Sciences,,,,,,,"Business, Management and Accounting ",,,,,,"Economics, Econometrics and Finance ",,,,,,,,,,,,,,,,
1537,2183-0606,,2183-0606,Journal of Innovation Management,Active,2013-2025,,Journal,,Social Sciences,Physical Sciences,,,,,,"Business, Management and Accounting ",,,,,,,,Engineering ,,,,,,,,,,,,,,
1538,0932-4569,0932-4569,1614-0559,Journal of Institutional and Theoretical Economics,Active,1996-2025; 1992-1993,,Journal,,Social Sciences,,,,,,,,,,,,,"Economics, Econometrics and Finance ",,,,,,,,,,,,,,,,
1539,1744-1374,1744-1374,1744-1382,Journal of Institutional Economics,Active,2011-2026; 2005-2009,,Journal,,Social Sciences,,,,,,,,,,,,,"Economics, Econometrics and Finance ",,,,,,,,,,,,,,,,
1540,,,,,,,,,,,,,,,,,,,,,,,,,,,,,,,,,,,,,,,
1541,1469-1930,1469-1930,1758-7468,Journal of Intellectual Capital,Active,2000-2026,,Journal,,Social Sciences,,,,,,,"Business, Management and Accounting ",,,,,,,,,,,,,,,,,,,Social Sciences ,,,
1542,1747-1532,1747-1532,1747-1540,Journal of Intellectual Property Law and Practice,Active,2005-2026,,Journal,,Social Sciences,,,,,,,,,,,,,,,,,,,,,,,,,,Social Sciences ,,,
1543,0925-9902,0925-9902,1573-7675,Journal of Intelligent Information Systems,Active,1992-2026,,Journal,,,Physical Sciences,,,,,,,,,Computer Science ,,,,,,,,,,,,,,,,,,,
1544,0956-5515,0956-5515,1572-8145,Journal of Intelligent Manufacturing,Active,1990-2026,,Journal,,,Physical Sciences,,,,,,,,,Computer Science ,,,,,Engineering ,,,,,,,,,,,,,,
1545,1547-2450,1547-2450,1547-2442,"Journal of Intelligent Transportation Systems: Technology, Planning, and Operations",Active,2004-2026,,Journal,,,Physical Sciences,,,,,,,,,Computer Science ,,,,,Engineering ,,,,Mathematics ,,,,,,,,,,
1546,1525-2019,,1525-2019,Journal of Interactive Advertising,Active,2018-2026; 2013; 2007,,Journal,,Social Sciences,,,,,,,"Business, Management and Accounting ",,,,,,,,,,,,,,,,,,,Social Sciences ,,,
1547,1094-9968,1094-9968,1520-6653,Journal of Interactive Marketing,Active,1997-2026,,Journal,,Social Sciences,,,,,,,"Business, Management and Accounting ",,,,,,,,,,,,,,,,,,,,,,
1548,1404-1634,,1404-1634,Journal of Intercultural Communication,Active,2011-2026,,Journal,,Social Sciences,,,,,,,"Business, Management and Accounting ",,,,,,,,,,,,,,,,,,,Social Sciences ,,,
1549,0260-1079,0260-1079,2321-5305,Journal of Interdisciplinary Economics,Active,2004-2026,,Journal,,Social Sciences,,,,,,,,,,,,,"Economics, Econometrics and Finance ",,,,,,,,,,,,,,,,
1550,1542-6297,1542-6297,1558-8025,Journal of International Accounting Research,Active,2007-2026; 2004,,Journal,,Social Sciences,,,,,,,"Business, Management and Accounting ",,,,,,,,,,,,,,,,,,,,,,
1551,1061-9518,1061-9518,,"Journal of International Accounting, Auditing and Taxation",Active,1992-2026,,Journal,,Social Sciences,,,,,,,"Business, Management and Accounting ",,,,,,"Economics, Econometrics and Finance ",,,,,,,,,,,,,,,,
1552,,,,,,,,,,,,,,,,,,,,,,,,,,,,,,,,,,,,,,,
1553,,,,,,,,,,,,,,,,,,,,,,,,,,,,,,,,,,,,,,,
1554,,,,,,,,,,,,,,,,,,,,,,,,,,,,,,,,,,,,,,,
1555,1649-4946,1649-4946,2044-4575,Journal of International Business Education,Active,2019-2025,,Journal,,Social Sciences,,,,,,,"Business, Management and Accounting ",,,,,,,,,,,,,,,,,,,,,,
1556,2522-0691,2522-0691,2522-0705,Journal of International Business Policy,Active,2018-2026,,Journal,,Social Sciences,,,,,,,"Business, Management and Accounting ",,,,,,,,,,,,,,,,,,,,,,
1557,0047-2506,0047-2506,1478-6990,Journal of International Business Studies,Active,1975-2026,,Journal,,Social Sciences,,,,,,,"Business, Management and Accounting ",,,,,,"Economics, Econometrics and Finance ",,,,,,,,,,,,,Social Sciences ,,,
1558,,,,,,,,,,,,,,,,,,,,,,,,,,,,,,,,,,,,,,,
1559,0896-1530,0896-1530,1528-7068,Journal of International Consumer Marketing,Active,1988-2026,,Journal,,Social Sciences,,,,,,,"Business, Management and Accounting ",,,,,,,,,,,,,,,,,,,,,,
1560,0954-1748,0954-1748,1099-1328,Journal of International Development,Active,1989-2026,,Journal,,Social Sciences,,,,,,,,,,,,,,,,,,,,,,,,,,Social Sciences ,,,
1561,1369-3034,1369-3034,1464-3758,Journal of International Economic Law,Active,1998-2026,,Journal,,Social Sciences,,,,,,,,,,,,,"Economics, Econometrics and Finance ",,,,,,,,,,,,,Social Sciences ,,,
1562,,,,,,,,,,,,,,,,,,,,,,,,,,,,,,,,,,,,,,,
1563,0022-1996,0022-1996,1873-0353,Journal of International Economics,Active,1971-2026,,Journal,,Social Sciences,,,,,,,,,,,,,"Economics, Econometrics and Finance ",,,,,,,,,,,,,,,,
1564,2046-469X,2046-469X,1836-3261,Journal of International Education in Business,Active,2008-2026,,Journal,,Social Sciences,,,,,,,"Business, Management and Accounting ",,,,,,,,,,,,,,,,,,,Social Sciences ,,,
1565,,,,,,,,,,,,,,,,,,,,,,,,,,,,,,,,,,,,,,,
1566,0954-1314,0954-1314,1467-646X,Journal of International Financial Management and Accounting,Active,1994-2026; 1989-1992,,Journal,,Social Sciences,,,,,,,"Business, Management and Accounting ",,,,,,"Economics, Econometrics and Finance ",,,,,,,,,,,,,,,,
1567,1042-4431,1042-4431,,"Journal of International Financial Markets, Institutions and Money",Active,1997-2026,,Journal,,Social Sciences,,,,,,,,,,,,,"Economics, Econometrics and Finance ",,,,,,,,,,,,,,,,
1568,0897-4438,0897-4438,1528-6983,Journal of International Food and Agribusiness Marketing,Active,1989-2026,,Journal,Life Sciences,Social Sciences,,,,Agricultural and Biological Sciences ,,,"Business, Management and Accounting ",,,,,,,,,,,,,,,,,,,,,,
1569,1075-4253,1075-4253,,Journal of International Management,Active,1998-2026,,Journal,,Social Sciences,,,,,,,"Business, Management and Accounting ",,,,,,"Economics, Econometrics and Finance ",,,,,,,,,,,,,,,,
1570,1069-031X,1069-031X,1547-7215,Journal of International Marketing,Active,1995-2026; 1993,,Journal,,Social Sciences,,,,,,,"Business, Management and Accounting ",,,,,,,,,,,,,,,,,,,,,,
1571,,,,,,,,,,,,,,,,,,,,,,,,,,,,,,,,,,,,,,,
1572,,,,,,,,,,,,,,,,,,,,,,,,,,,,,,,,,,,,,,,
1573,1488-3473,1488-3473,1874-6365,Journal of International Migration and Integration,Active,2007-2026; 2004; 2002,,Journal,,Social Sciences,,,,,,,,,,,,,,,,,,,,,,,,,,Social Sciences ,,,
1574,0261-5606,0261-5606,,Journal of International Money and Finance,Active,1982-2026,,Journal,,Social Sciences,,,,,,,,,,,,,"Economics, Econometrics and Finance ",,,,,,,,,,,,,,,,
1575,1408-6980,1408-6980,1581-1980,Journal of International Relations and Development,Active,1998-2026,,Journal,,Social Sciences,,,,,,,,,,,,,,,,,,,,,,,,,,Social Sciences ,,,
1576,,,,,,,,,,,,,,,,,,,,,,,,,,,,,,,,,,,,,,,
1577,,,,,,,,,,,,,,,,,,,,,,,,,,,,,,,,,,,,,,,
1578,1533-2861,1533-2861,1533-287X,Journal of Internet Commerce,Active,2002-2026,,Journal,,Social Sciences,Physical Sciences,,,,,,"Business, Management and Accounting ",,,Computer Science ,,,,,,,,,,,,,,,,,,,
1579,1068-0896,1068-0896,2168-8613,Journal of Investing,Active,2018-2026; 2013; 2011; 2008-2009; 2005; 2002-2003; 1999-2000; 1996-1997; 1994; 1992,,Journal,,Social Sciences,,,,,,,"Business, Management and Accounting ",,,,,,"Economics, Econometrics and Finance ",,,,,,,,,,,,,,,,
1580,,,,,,,,,,,,,,,,,,,,,,,,,,,,,,,,,,,,,,,
1581,,,,,,,,,,,,,,,,,,,,,,,,,,,,,,,,,,,,,,,
1582,,,,,,,,,,,,,,,,,,,,,,,,,,,,,,,,,,,,,,,
1583,1759-0817,1759-0817,1759-0825,Journal of Islamic Accounting and Business Research,Active,2010-2026,,Journal,,Social Sciences,,,,,,,"Business, Management and Accounting ",,,,,,,,,,,,,,,,,,,,,,
1584,2070-4658,2070-4658,2070-4666,"Journal of Islamic Economics, Banking and Finance",Inactive,2017-2018,,Journal,,Social Sciences,,,,,,,,,,,,,"Economics, Econometrics and Finance ",,,,,,,,,,,,,Social Sciences ,,,
1585,1759-0833,1759-0833,1759-0841,Journal of Islamic Marketing,Active,2010-2026,,Journal,,Social Sciences,,,,,,,"Business, Management and Accounting ",,,,,,,,,,,,,,,,,,,,,,
1586,1367-3270,1367-3270,1758-7484,Journal of Knowledge Management,Active,1997-2026,,Journal,,Social Sciences,,,,,,,"Business, Management and Accounting ",,,,,,,,,,,,,,,,,,,,,,
1587,,,,,,,,,,,,,,,,,,,,,,,,,,,,,,,,,,,,,,,
1588,1229-828X,1229-828X,,Journal of Korea Trade,Inactive,2013-2021,,Journal,,Social Sciences,,,,,,,"Business, Management and Accounting ",,,,,,"Economics, Econometrics and Finance ",,,,,,,,,,,,,,,,
1589,2471-4607,,2471-4607,Journal of Labor and Society,Active,2017-2026,,Journal,,Social Sciences,,,,,Arts and Humanities ,,,,,,,,"Economics, Econometrics and Finance ",,,,,,,,,,,,,Social Sciences ,,,
1590,0734-306X,0734-306X,1537-5307,Journal of Labor Economics,Active,1995-2026; 1993; 1991; 1985-1989,,Journal,,Social Sciences,,,,,,,"Business, Management and Accounting ",,,,,,"Economics, Econometrics and Finance ",,,,,,,,,,,,,,,,
1591,0195-3613,0195-3613,1936-4768,Journal of Labor Research,Active,1980-2026,,Journal,,Social Sciences,,,,,,,"Business, Management and Accounting ",,,,,,,,,,,,,,,,,,,,,,
1592,,,,,,,,,,,,,,,,,,,,,,,,,,,,,,,,,,,,,,,
1593,0263-323X,0263-323X,1467-6478,Journal of Law and Society,Active,1996-2026; 1991-1993; 1988; 1985; 1983,,Journal,,Social Sciences,,,,,,,,,,,,,,,,,,,,,,,,,,Social Sciences ,,,
1594,,,,,,,,,,,,,,,,,,,,,,,,,,,,,,,,,,,,,,,
1595,8756-6222,8756-6222,1465-7341,"Journal of Law, Economics, and Organization",Active,1985-2026,,Journal,,Social Sciences,,,,,,,"Business, Management and Accounting ",,,,,,"Economics, Econometrics and Finance ",,,,,,,,,,,,,Social Sciences ,,,
1596,,,,,,,,,,,,,,,,,,,,,,,,,,,,,,,,,,,,,,,
1597,1548-0518,1548-0518,1939-7089,Journal of Leadership and Organizational Studies,Active,2006-2026; 2003; 1995-1999,,Journal,,Social Sciences,,,,,,,"Business, Management and Accounting ",,,,Decision Sciences ,,,,,,,,,,,,,,,Social Sciences ,,,
1598,,,,,,,,,,,,,,,,,,,,,,,,,,,,,,,,,,,,,,,
1599,,,,,,,,,,,,,,,,,,,,,,,,,,,,,,,,,,,,,,,
1600,,,,,,,,,,,,,,,,,,,,,,,,,,,,,,,,,,,,,,,
1601,,,,,,,,,,,,,,,,,,,,,,,,,,,,,,,,,,,,,,,
1602,0022-2216,0022-2216,2159-6417,Journal of Leisure Research,Active,2018-2026; 1996-2016; 1993; 1991; 1978-1989; 1971,,Journal,,Social Sciences,Physical Sciences,,,,,,"Business, Management and Accounting ",,,,,,,,,Environmental Science ,,,,,,,,,,Social Sciences ,,,
1603,0164-0704,0164-0704,,Journal of Macroeconomics,Active,1979-2026,,Journal,,Social Sciences,,,,,,,,,,,,,"Economics, Econometrics and Finance ",,,,,,,,,,,,,,,,
1604,0276-1467,0276-1467,1552-6534,Journal of Macromarketing,Active,1981-2026,,Journal,,Social Sciences,,,,,,,"Business, Management and Accounting ",,,,,,,,,,,,,,,,,,,,,,
1605,,,,,,,,,,,,,,,,,,,,,,,,,,,,,,,,,,,,,,,
1606,0149-2063,0149-2063,1557-1211,Journal of Management,Active,1975-2026,,Journal,,Social Sciences,,,,,,,"Business, Management and Accounting ",,,,,,"Economics, Econometrics and Finance ",,,,,,,,,,,,,,,,
1607,1833-3672,1833-3672,1839-3527,Journal of Management and Organization,Active,1995-2026,,Journal,,Social Sciences,,,,,,,"Business, Management and Accounting ",,,,,,,,,,,,,,,,,,,,,,
1608,1049-2127,1049-2127,1558-8033,Journal of Management Accounting Research,Active,2008-2026,,Journal,,Social Sciences,,,,,,,"Business, Management and Accounting ",,,,,,,,,,,,,,,,,,,,,,
1609,2327-0012,2327-0012,2327-0039,Journal of Management Analytics,Active,2014-2026,,Journal,,Social Sciences,Physical Sciences,,,,,,"Business, Management and Accounting ",,,,Decision Sciences ,,,,,,,,Mathematics ,,,,,,,,,,
1610,1385-3457,1385-3457,1572-963X,Journal of Management and Governance,Active,1997-2026,,Journal,,Social Sciences,,,,,,,"Business, Management and Accounting ",,,,,,,,,,,,,,,,,,,,,,
1611,2191-4761,2191-4761,2191-477X,Journal of Management Control,Active,2011-2026,,Journal,,Social Sciences,,,,,,,"Business, Management and Accounting ",,,,Decision Sciences ,,,,,,,,,,,,,,,,,,
1612,0262-1711,0262-1711,1758-7492,Journal of Management Development,Active,1982-2026,,Journal,,Social Sciences,,,,,,,"Business, Management and Accounting ",,,,,,,,,,,,,,,,,,,,,,
1613,1052-5629,1052-5629,1552-6658,Journal of Management Education,Active,1986-2026; 1975-1984,,Journal,,Social Sciences,,,,,,,"Business, Management and Accounting ",,,,,,,,,,,,,,,,,,,Social Sciences ,,,
1614,1751-1348,1751-1348,1758-7751,Journal of Management History,Active,2006-2026,,Journal,,Social Sciences,,,,,Arts and Humanities ,,"Business, Management and Accounting ",,,,,,,,,,,,,,,,,,,,,,
1615,0742-597X,0742-597X,1943-5479,Journal of Management in Engineering,Active,1985-2026,,Journal,,Social Sciences,Physical Sciences,,,,,,"Business, Management and Accounting ",,,,Decision Sciences ,,,,Engineering ,,,,,,,,,,,,,,
1616,0742-1222,0742-1222,1557-928X,Journal of Management Information Systems,Active,1987-2026,,Journal,,Social Sciences,Physical Sciences,,,,,,"Business, Management and Accounting ",,,Computer Science ,Decision Sciences ,,,,,,,,,,,,,,,,,,
1617,1056-4926,1056-4926,1552-6542,Journal of Management Inquiry,Active,1992-2026,,Journal,,Social Sciences,,,,,,,"Business, Management and Accounting ",,,,,,,,,,,,,,,,,,,,,,
1618,1476-6086,1476-6086,1942-258X,"Journal of Management, Spirituality and Religion",Active,2004-2026,,Journal,,Social Sciences,,,,,Arts and Humanities ,,"Business, Management and Accounting ",,,,,,,,,,,,,,,,,,,Social Sciences ,,,
1619,0022-2380,0022-2380,1467-6486,Journal of Management Studies,Active,1964-2026,,Journal,,Social Sciences,,,,,,,"Business, Management and Accounting ",,,,,,,,,,,,,,,,,,,,,,
1620,1045-3695,1045-3695,,Journal of Managerial Issues,Inactive,2005-2014; 2002,,Journal,,Social Sciences,,,,,,,"Business, Management and Accounting ",,,,,,,,,,,,,,,,,,,,,,
1621,0268-3946,0268-3946,1758-7778,Journal of Managerial Psychology,Active,1986-2026,,Journal,,Social Sciences,,,,,,,"Business, Management and Accounting ",,,,Decision Sciences ,,,,,,,,,,,,,,Psychology ,,,,
1622,0278-6125,0278-6125,,Journal of Manufacturing Systems,Active,1982-2026,,Journal,,,Physical Sciences,,,,,,,,,Computer Science ,,,,,Engineering ,,,,,,,,,,,,,,
1623,1741-038X,1741-038X,1758-7786,Journal of Manufacturing Technology Management,Active,2004-2026,,Journal,,Social Sciences,Physical Sciences,,,,,,"Business, Management and Accounting ",,,Computer Science ,,,,,Engineering ,,,,,,,,,,,,,,
1624,0022-2410,0022-2410,2162-4127,Journal of Maritime Law and Commerce,Active,2022-2025; 1996-2020; 1979,,Journal,,Social Sciences,,,,,,,,,,,,,,,,,,,,,,,,,,Social Sciences ,,,
1625,0022-2429,0022-2429,1547-7185,Journal of Marketing,Active,1984-2026; 1969-1981; 1963; 1958-1959; 1956; 1950; 1941; 1939,,Journal,,Social Sciences,,,,,,,"Business, Management and Accounting ",,,,,,,,,,,,,,,,,,,,,,
1626,2050-3318,2050-3326,2050-3318,Journal of Marketing Analytics,Active,2013-2026,,Journal,,Social Sciences,,,,,,,"Business, Management and Accounting ",,,,Decision Sciences ,,"Economics, Econometrics and Finance ",,,,,,,,,,,,,,,,
1627,1352-7266,1352-7266,1466-4445,Journal of Marketing Communications,Active,1995-2026,,Journal,,Social Sciences,,,,,,,"Business, Management and Accounting ",,,,,,,,,,,,,,,,,,,,,,
1628,0273-4753,0273-4753,1552-6550,Journal of Marketing Education,Active,1979-2026,,Journal,,Social Sciences,,,,,,,"Business, Management and Accounting ",,,,,,,,,,,,,,,,,,,Social Sciences ,,,
1629,0884-1241,0884-1241,1540-7144,Journal of Marketing for Higher Education,Active,1993-2026; 1988-1991,,Journal,,Social Sciences,,,,,,,"Business, Management and Accounting ",,,,,,,,,,,,,,,,,,,Social Sciences ,,,
1630,0267-257X,0267-257X,1472-1376,Journal of Marketing Management,Active,2008-2026; 2006; 2001; 1985-1997,,Journal,,Social Sciences,,,,,,,"Business, Management and Accounting ",,,,,,,,,,,,,,,,,,,,,,
1631,0022-2437,0022-2437,1547-7193,Journal of Marketing Research,Active,1989-2026; 1986-1987; 1976-1984; 1971-1973; 1967-1968,,Journal,,Social Sciences,,,,,,,"Business, Management and Accounting ",,,,,,"Economics, Econometrics and Finance ",,,,,,,,,,,,,,,,
1632,1069-6679,1069-6679,1944-7175,Journal of Marketing Theory and Practice,Active,1994-2026,,Journal,,Social Sciences,,,,,,,"Business, Management and Accounting ",,,,,,,,,,,,,,,,,,,,,,
1633,,,,,,,,,,,,,,,,,,,,,,,,,,,,,,,,,,,,,,,
1634,0304-4068,0304-4068,1873-1538,Journal of Mathematical Economics,Active,1974-2026,,Journal,,Social Sciences,Physical Sciences,,,,,,,,,,,,"Economics, Econometrics and Finance ",,,,,,Mathematics ,,,,,,,,,,
1635,0899-7764,0899-7764,1532-7736,Journal of Media Economics,Active,2022-2026; 1988-2020,,Journal,,Social Sciences,,,,,,,,,,,,,"Economics, Econometrics and Finance ",,,,,,,,,,,,,Social Sciences ,,,
1636,1369-6998,1369-6998,1941-837X,Journal of Medical Economics,Active,1998-2026,,Journal,,,,Health Sciences,,,,,,,,,,,,,,,,,,Medicine ,,,,,,,,,
1637,1745-7904,1745-7904,1745-7912,Journal of Medical Marketing,Inactive,2017-2018; 2000-2015,,Journal,Life Sciences,Social Sciences,,Health Sciences,,,,,"Business, Management and Accounting ",,,,,,,,,,,,,Medicine ,,,"Pharmacology, Toxicology and Pharmaceutics ",,,,,,
1638,1746-5664,1746-5664,1746-5672,Journal of Modelling in Management,Active,2006-2026,,Journal,,Social Sciences,,,,,,,"Business, Management and Accounting ",,,,Decision Sciences ,,,,,,,,,,,,,,,,,,
1639,1538-9472,1538-9472,,Journal of Modern Applied Statistical Methods,Inactive,2002-2019,,Journal,,Social Sciences,Physical Sciences,,,,,,,,,,Decision Sciences ,,,,,,,,Mathematics ,,,,,,,,,,
1640,0304-3932,0304-3932,,Journal of Monetary Economics,Active,1975-2026,,Journal,,Social Sciences,,,,,,,,,,,,,"Economics, Econometrics and Finance ",,,,,,,,,,,,,,,,
1641,1368-5201,1368-5201,1758-7808,Journal of Money Laundering Control,Active,1997-2026,,Journal,,Social Sciences,,,,,,,,,,,,,"Economics, Econometrics and Finance ",,,,,,,,,,,,,Social Sciences ,,,
1642,0022-2879,0022-2879,1538-4616,"Journal of Money, Credit and Banking",Active,1996-2026,,Journal,,Social Sciences,,,,,,,"Business, Management and Accounting ",,,,,,"Economics, Econometrics and Finance ",,,,,,,,,,,,,,,,
1643,1057-9214,1057-9214,1099-1360,Journal of Multi-Criteria Decision Analysis,Active,2008-2026; 2005-2006; 1992-2003,,Journal,,Social Sciences,,,,,,,"Business, Management and Accounting ",,,,Decision Sciences ,,,,,,,,,,,,,,,,,,
1644,1042-444X,1042-444X,,Journal of Multinational Financial Management,Active,1997-2026,,Journal,,Social Sciences,,,,,,,,,,,,,"Economics, Econometrics and Finance ",,,,,,,,,,,,,,,,
1645,0047-259X,0047-259X,1095-7243,Journal of Multivariate Analysis,Active,1971-2026,,Journal,,Social Sciences,Physical Sciences,,,,,,,,,,Decision Sciences ,,,,,,,,Mathematics ,,,,,,,,,,
1646,,,,,,,,,,,,,,,,,,,,,,,,,,,,,,,,,,,,,,,
1647,1048-5252,1048-5252,1029-0311,Journal of Nonparametric Statistics,Active,1991-2026,,Journal,,Social Sciences,Physical Sciences,,,,,,,,,,Decision Sciences ,,,,,,,,Mathematics ,,,,,,,,,,
1648,1049-5142,1049-5142,1540-6997,Journal of Nonprofit and Public Sector Marketing,Active,1993-2026,,Journal,,Social Sciences,,,,,,,"Business, Management and Accounting ",,,,,,,,,,,,,,,,,,,,,,
1649,0966-0429,0966-0429,1365-2834,Journal of Nursing Management,Active,1993-2026,,Journal,,,,Health Sciences,,,,,,,,,,,,,,,,,,,,Nursing ,,,,,,,
1650,0963-1798,0963-1798,2044-8325,Journal of Occupational and Organizational Psychology,Active,1992-2026,,Journal,,Social Sciences,,,,,,,"Business, Management and Accounting ",,,,,,,,,,,,,,,,,,Psychology ,,,,
1651,1076-8998,1076-8998,1939-1307,Journal of Occupational Health Psychology,Active,1996-2026,,Journal,,Social Sciences,,Health Sciences,,,,,,,,,,,,,,,,,,Medicine ,,,,,Psychology ,,,,
1652,1744-6740,1744-6740,1755-2710,Journal of Operational Risk,Active,2011-2025,,Journal,,Social Sciences,,,,,,,"Business, Management and Accounting ",,,,,,"Economics, Econometrics and Finance ",,,,,,,,,,,,,,,,
1653,0272-6963,0272-6963,1873-1317,Journal of Operations Management,Active,1993-2026; 1980-1991,,Journal,,Social Sciences,Physical Sciences,,,,,,"Business, Management and Accounting ",,,,Decision Sciences ,,,,Engineering ,,,,,,,,,,,,,,
1654,0022-3239,0022-3239,1573-2878,Journal of Optimization Theory and Applications,Active,1967-2026,,Journal,,Social Sciences,Physical Sciences,,,,,,,,,,Decision Sciences ,,,,,,,,Mathematics ,,,,,,,,,,
1655,1546-2234,1546-2234,1546-5012,Journal of Organizational and End User Computing,Active,2004-2026; 1995; 1993; 1990,,Journal,,Social Sciences,Physical Sciences,,,,,,"Business, Management and Accounting ",,,Computer Science ,,,,,,,,,,,,,,,,,,,
1656,0894-3796,0894-3796,1099-1379,Journal of Organizational Behavior,Active,1984-2026; 1981-1982,,Journal,,Social Sciences,,,,,,,"Business, Management and Accounting ",,,,,,,,,,,,,,,,,,Psychology ,Social Sciences ,,,
1657,1649-7627,1649-7627,2047-9999,Journal of Organizational Behavior Education,Active,2019-2025,,Journal,,Social Sciences,,,,,,,"Business, Management and Accounting ",,,,,,,,,,,,,,,,,,,,,,
1658,0160-8061,0160-8061,1540-8604,Journal of Organizational Behavior Management,Active,1993-2026; 1987-1991; 1980-1985; 1977-1978,,Journal,,Social Sciences,,,,,,,"Business, Management and Accounting ",,,,,,,,,,,,,,,,,,Psychology ,,,,
1659,0953-4814,0953-4814,1758-7816,Journal of Organizational Change Management,Active,1988-2026,,Journal,,Social Sciences,,,,,,,"Business, Management and Accounting ",,,,Decision Sciences ,,,,,,,,,,,,,,,,,,
1660,1091-9392,1091-9392,1532-7744,Journal of Organizational Computing and Electronic Commerce,Active,1996-2026; 1991-1993,,Journal,,,Physical Sciences,,,,,,,,,Computer Science ,,,,,,,,,,,,,,,,,,,
1661,2051-6614,2051-6614,2051-6622,Journal of Organizational Effectiveness,Active,2014-2026,,Journal,,Social Sciences,,,,,,,"Business, Management and Accounting ",,,,,,,,,,,,,,,,,,,,,,
1662,2046-6749,2046-6749,2046-6757,Journal of Organizational Ethnography,Active,2012-2026,,Journal,,Social Sciences,,,,,,,"Business, Management and Accounting ",,,,,,,,,,,,,,,,,,,Social Sciences ,,,
1663,2213-0780,2213-0780,,Journal of Outdoor Recreation and Tourism,Active,2013-2026,,Journal,,Social Sciences,,,,,,,"Business, Management and Accounting ",,,,,,,,,,,,,,,,,,,,,,
1664,0735-1968,0735-1968,2160-6862,Journal of Park and Recreation Administration,Active,2019-2026; 2013,,Journal,,Social Sciences,Physical Sciences,,,,,,"Business, Management and Accounting ",,,,,,,,,Environmental Science ,,,,,,,,,,Social Sciences ,,,
1665,1474-7472,1474-7472,1475-3022,Journal of Pension Economics and Finance,Active,2002-2025,,Journal,,Social Sciences,,,,,,,"Business, Management and Accounting ",,,,,,"Economics, Econometrics and Finance ",,,,,,,,,,,,,,,,
1666,,,,,,,,,,,,,,,,,,,,,,,,,,,,,,,,,,,,,,,
1667,0887-3828,0887-3828,1943-5509,Journal of Performance of Constructed Facilities,Active,1987-2026,,Journal,,,Physical Sciences,,,,,,,,,,,,,,Engineering ,,,,,,,,,,,,,,
1668,0885-3134,0885-3134,1557-7813,Journal of Personal Selling and Sales Management,Active,1981-2026,,Journal,,Social Sciences,,,,,,,"Business, Management and Accounting ",,,,,,,,,,,,,,,,,,,,,,
1669,0022-3506,0022-3506,1467-6494,Journal of Personality,Active,1932-2026,,Journal,,Social Sciences,,,,,,,,,,,,,,,,,,,,,,,,,Psychology ,,,,
1670,0022-3514,0022-3514,1939-1315,Journal of Personality and Social Psychology,Active,1965-2026,,Journal,,Social Sciences,,,,,,,,,,,,,,,,,,,,,,,,,Psychology ,Social Sciences ,,,
1671,1866-5888,1866-5888,2190-5150,Journal of Personnel Psychology,Active,2010-2026,,Journal,,Social Sciences,,,,,,,"Business, Management and Accounting ",,,,,,,,,,,,,,,,,,Psychology ,,,,
1672,1538-5396,1538-5698,1538-5396,"Journal of Pharmaceutical Finance, Economics and Policy",Inactive,2003-2008,,Journal,Life Sciences,,,Health Sciences,,,,,,,,,,,,,,,,,,Medicine ,,,"Pharmacology, Toxicology and Pharmaceutics ",,,,,,
1673,1753-8335,1753-8335,1753-8343,Journal of Place Management and Development,Active,2008-2026,,Journal,,Social Sciences,,,,,,,"Business, Management and Accounting ",,,,,,,,,,,,,,,,,,,Social Sciences ,,,
1674,0276-8739,0276-8739,1520-6688,Journal of Policy Analysis and Management,Active,1981-2026,,Journal,,Social Sciences,,,,,,,"Business, Management and Accounting ",,,,,,,,,,,,,,,,,,,Social Sciences ,,,
1675,0161-8938,0161-8938,,Journal of Policy Modeling,Active,1979-2026,,Journal,,Social Sciences,,,,,,,,,,,,,"Economics, Econometrics and Finance ",,,,,,,,,,,,,,,,
1676,1940-7963,1940-7963,1940-7971,"Journal of Policy Research in Tourism, Leisure and Events",Active,2009-2026,,Journal,,Social Sciences,,,,,,,"Business, Management and Accounting ",,,,,,,,,,,,,,,,,,,Social Sciences ,,,
1677,0022-3808,0022-3808,1537-534X,Journal of Political Economy,Active,1987-2026; 1979-1985; 1973-1974; 1969,,Journal,,Social Sciences,,,,,,,,,,,,,"Economics, Econometrics and Finance ",,,,,,,,,,,,,,,,
1678,,,,,,,,,,,,,,,,,,,,,,,,,,,,,,,,,,,,,,,
1679,,,,,,,,,,,,,,,,,,,,,,,,,,,,,,,,,,,,,,,
1680,1537-7857,1537-7857,1537-7865,Journal of Political Marketing,Active,2002-2026,,Journal,,Social Sciences,,,,,,,"Business, Management and Accounting ",,,,,,,,,,,,,,,,,,,Social Sciences ,,,
1681,2158-379X,2158-379X,2158-3803,Journal of Political Power,Active,2010-2026; 2008,,Journal,,Social Sciences,,,,,,,,,,,,,,,,,,,,,,,,,,Social Sciences ,,,
1682,0933-1433,0933-1433,1432-1475,Journal of Population Economics,Active,1988-2026,,Journal,,Social Sciences,,,,,,,,,,,,,"Economics, Econometrics and Finance ",,,,,,,,,,,,,Social Sciences ,,,
1683,1443-2447,1443-2447,1835-9469,Journal of Population Research,Active,2005-2026; 2002; 2000,,Journal,,Social Sciences,,,,,,,,,,,,,,,,,,,,,,,,,,Social Sciences ,,,
1684,0160-3477,0160-3477,1557-7821,Journal of Post Keynesian Economics,Active,1996-2026; 1989; 1985,,Journal,,Social Sciences,,,,,,,,,,,,,"Economics, Econometrics and Finance ",,,,,,,,,,,,,,,,
1685,1061-0421,1061-0421,2054-1643,Journal of Product and Brand Management,Active,1992-2026,,Journal,,Social Sciences,,,,,,,"Business, Management and Accounting ",,,,,,,,,,,,,,,,,,,,,,
1686,0737-6782,0737-6782,1540-5885,Journal of Product Innovation Management,Active,1984-2026,,Journal,,Social Sciences,,,,,,,"Business, Management and Accounting ",,,,,,,,,,,,,,,,,,,,,,
1687,0895-562X,0895-562X,1573-0441,Journal of Productivity Analysis,Active,1989-2026,,Journal,,Social Sciences,,,,,,,"Business, Management and Accounting ",,,,,,"Economics, Econometrics and Finance ",,,,,,,,,,,,,Social Sciences ,,,
1688,1052-3928,1052-3928,,Journal of Professional Issues in Engineering Education and Practice,Inactive,1982-2019,,Journal,,Social Sciences,Physical Sciences,,,,,,"Business, Management and Accounting ",,,,,,,,Engineering ,,,,,,,,,,,,,,
1689,2051-8803,2051-8803,2051-8811,Journal of Professions and Organization,Active,2014-2026,,Journal,,Social Sciences,,,,,,,"Business, Management and Accounting ",,,,,,,,,,,,,,,,,,,,,,
1690,1049-6491,1049-6491,1540-7594,Journal of Promotion Management,Active,2006-2026; 2004; 1999-2002; 1992-1997,,Journal,,Social Sciences,,,,,,,"Business, Management and Accounting ",,,,,,,,,,,,,,,,,,,,,,
1691,1463-578X,1463-578X,1470-2002,Journal of Property Investment and Finance,Active,1999-2026,,Journal,,Social Sciences,,,,,,,"Business, Management and Accounting ",,,,,,"Economics, Econometrics and Finance ",,,,,,,,,,,,,,,,
1692,,,,,,,,,,,,,,,,,,,,,,,,,,,,,,,,,,,,,,,
1693,0959-9916,0959-9916,1466-4453,Journal of Property Research,Active,1991-2026,,Journal,,Social Sciences,,,,,,,,,,,,,,,,,,,,,,,,,,Social Sciences ,,,
1694,1053-1858,1053-1858,1477-9803,Journal of Public Administration Research and Theory,Active,1991-2026,,Journal,,Social Sciences,,,,,,,"Business, Management and Accounting ",,,,,,,,,,,,,,,,,,,Social Sciences ,,,
1695,1472-3891,1472-3891,1479-1854,Journal of Public Affairs,Active,2008-2026; 2005; 2001,,Journal,,Social Sciences,,,,,,,,,,,,,,,,,,,,,,,,,,Social Sciences ,,,
1696,1096-3367,1096-3367,1945-1814,"Journal of Public Budgeting, Accounting and Financial Management",Active,2011-2026; 2008; 2005; 2002-2003; 1998; 1995-1996,,Journal,,Social Sciences,,,,,,,"Business, Management and Accounting ",,,,,,,,,,,,,,,,,,,Social Sciences ,,,
1697,1097-3923,1467-9779,1097-3923,Journal of Public Economic Theory,Active,1999-2026,,Journal,,Social Sciences,,,,,,,,,,,,,"Economics, Econometrics and Finance ",,,,,,,,,,,,,Social Sciences ,,,
1698,0047-2727,0047-2727,,Journal of Public Economics,Active,1972-2026,,Journal,,Social Sciences,,,,,,,,,,,,,"Economics, Econometrics and Finance ",,,,,,,,,,,,,,,,
1699,2515-6918,2515-6918,2515-6926,Journal of Public Finance and Public Choice,Active,2018-2026; 2000-2001,,Journal,,Social Sciences,,,,,,,,,,,,,"Economics, Econometrics and Finance ",,,,,,,,,,,,,Social Sciences ,,,
1700,0143-814X,0143-814X,1469-7815,Journal of Public Policy,Active,1981-2026,,Journal,,Social Sciences,Physical Sciences,,,,,,,,,,,,,,,Environmental Science ,,,,,,,,,,Social Sciences ,,,
1701,0743-9156,0743-9156,1547-7207,Journal of Public Policy and Marketing,Active,1995-2026; 1992-1993; 1990; 1988; 1986; 1984,,Journal,,Social Sciences,,,,,,,"Business, Management and Accounting ",,,,,,"Economics, Econometrics and Finance ",,,,,,,,,,,,,,,,
1702,,,,,,,,,,,,,,,,,,,,,,,,,,,,,,,,,,,,,,,
1703,1062-726X,1062-726X,1532-754X,Journal of Public Relations Research,Active,2007-2026; 2004; 1992-1995,,Journal,,Social Sciences,,,,,,,,,,,,,,,,,,,,,,,,,,Social Sciences ,,,
1704,1077-291X,1077-291X,2375-0901,Journal of Public Transportation,Active,2020-2026; 2006-2018; 1996,,Journal,,Social Sciences,,,,,,,,,,,,,,,,,,,,,,,,,,Social Sciences ,,,
1705,1478-4092,1478-4092,,Journal of Purchasing and Supply Management,Active,2003-2026,,Journal,,Social Sciences,,,,,,,"Business, Management and Accounting ",,,,,,,,,,,,,,,,,,,,,,
1706,1528-008X,1528-008X,1528-0098,Journal of Quality Assurance in Hospitality and Tourism,Active,2000-2026,,Journal,,Social Sciences,,,,,,,"Business, Management and Accounting ",,,,,,,,,,,,,,,,,,,,,,
1707,1355-2511,1355-2511,1758-7832,Journal of Quality in Maintenance Engineering,Active,1995-2026,,Journal,,Social Sciences,Physical Sciences,,,,,,"Business, Management and Accounting ",,,,,,,,Engineering ,,,,,,,,,,,,,,
1708,0022-4065,0022-4065,,Journal of Quality Technology,Active,1992-2026; 1969-1990,,Journal,,Social Sciences,Physical Sciences,,,,,,"Business, Management and Accounting ",,,,Decision Sciences ,,,,Engineering ,,,,,,,,,,,,,,
1709,0971-1554,0971-1554,2364-1045,Journal of Quantitative Economics,Active,2015-2026; 2003-2006,,Journal,,Social Sciences,,,,,,,"Business, Management and Accounting ",,,,,,"Economics, Econometrics and Finance ",,,,,,,,,,,,,Social Sciences ,,,
1710,0895-5638,0895-5638,1573-045X,Journal of Real Estate Finance and Economics,Active,1988-2026,,Journal,,Social Sciences,,,,,,,"Business, Management and Accounting ",,,,,,"Economics, Econometrics and Finance ",,,,,,,,,,,,,Social Sciences ,,,
1711,0927-7544,0927-7544,,Journal of Real Estate Literature,Active,2002-2026; 1998-1999; 1994-1996,,Journal,,Social Sciences,,,,,,,"Business, Management and Accounting ",,,,,,"Economics, Econometrics and Finance ",,,,,,,,,,,,,Social Sciences ,,,
1712,1083-5547,1083-5547,,Journal of Real Estate Portfolio Management,Active,2003-2026; 1995-2001,,Journal,,Social Sciences,,,,,,,"Business, Management and Accounting ",,,,,,"Economics, Econometrics and Finance ",,,,,,,,,,,,,Social Sciences ,,,
1713,1521-4842,1521-4842,,Journal of Real Estate Practice and Education,Inactive,2025; 2022; 2020; 2002-2016; 1999-2000,Discontinued by Scopus,Journal,,Social Sciences,,,,,,,,,,,,,"Economics, Econometrics and Finance ",,,,,,,,,,,,,Social Sciences ,,,
1714,0896-5803,0896-5803,2691-1175,Journal of Real Estate Research,Active,1987-2026,,Journal,,Social Sciences,,,,,,,"Business, Management and Accounting ",,,,,,"Economics, Econometrics and Finance ",,,,,,,,,,,,,Social Sciences ,,,
1715,0022-4146,0022-4146,1467-9787,Journal of Regional Science,Active,1958-2026,,Journal,,Social Sciences,Physical Sciences,,,,,,,,,,,,,,,Environmental Science ,,,,,,,,,,Social Sciences ,,,
1716,0922-680X,0922-680X,1573-0468,Journal of Regulatory Economics,Active,1989-2026,,Journal,,Social Sciences,,,,,,,,,,,,,"Economics, Econometrics and Finance ",,,,,,,,,,,,,,,,
1717,1533-2667,1533-2667,1533-2675,Journal of Relationship Marketing,Active,2002-2026,,Journal,,Social Sciences,,,,,,,"Business, Management and Accounting ",,,,,,,,,,,,,,,,,,,,,,
1718,,,,,,,,,,,,,,,,,,,,,,,,,,,,,,,,,,,,,,,
1719,2040-7122,2040-7122,2040-7130,Journal of Research in Interactive Marketing,Active,2010-2026,,Journal,,Social Sciences,,,,,,,"Business, Management and Accounting ",,,,,,,,,,,,,,,,,,,,,,
1720,1471-5201,1471-5201,1471-521X,Journal of Research in Marketing and Entrepreneurship,Active,2009-2026; 1999-2007,,Journal,,Social Sciences,,,,,,,"Business, Management and Accounting ",,,,,,,,,,,,,,,,,,,,,,
1721,0092-6566,0092-6566,1095-7251,Journal of Research in Personality,Active,1973-2026,,Journal,,Social Sciences,,,,,,,,,,,,,,,,,,,,,,,,,Psychology ,,,,
1722,0022-4359,0022-4359,,Journal of Retailing,Active,1993-2026; 1985; 1981,,Journal,,Social Sciences,,,,,,,"Business, Management and Accounting ",,,,,,,,,,,,,,,,,,,,,,
1723,0969-6989,0969-6989,,Journal of Retailing and Consumer Services,Active,1994-2026,,Journal,,Social Sciences,,,,,,,"Business, Management and Accounting ",,,,,,,,,,,,,,,,,,,,,,
1724,2326-6899,2326-6899,2326-6902,Journal of Retirement,Active,2018-2026; 2015,,Journal,,Social Sciences,,Health Sciences,,,,,"Business, Management and Accounting ",,,,,,"Economics, Econometrics and Finance ",,,,,,,Medicine ,,,,,,Social Sciences ,,,
1725,1476-6930,1476-6930,1477-657X,Journal of Revenue and Pricing Management,Active,2009-2026; 2003-2005,,Journal,,Social Sciences,,,,,,,"Business, Management and Accounting ",,,,,,"Economics, Econometrics and Finance ",,,,,,,,,,,,,,,,
1726,1465-1211,1465-1211,1755-2842,Journal of Risk,Active,2011-2025,,Journal,,Social Sciences,,,,,,,"Business, Management and Accounting ",,,,,,"Economics, Econometrics and Finance ",,,,,,,,,,,,,,,,
1727,0022-4367,0022-4367,1539-6975,Journal of Risk and Insurance,Active,1996-2026; 1978-1979,,Journal,,Social Sciences,,,,,,,"Business, Management and Accounting ",,,,,,"Economics, Econometrics and Finance ",,,,,,,,,,,,,,,,
1728,0895-5646,0895-5646,1573-0476,Journal of Risk and Uncertainty,Active,1988-2026,,Journal,,Social Sciences,,,,,,,"Business, Management and Accounting ",,,,,,"Economics, Econometrics and Finance ",,,,,,,,,,,,,,,,
1729,1752-8887,1752-8887,1752-8895,Journal of Risk Management in Financial Institutions,Active,2018-2026,,Journal,,Social Sciences,Physical Sciences,,,,,,,,,,Decision Sciences ,,"Economics, Econometrics and Finance ",,,,,,Mathematics ,,,,,,,,,,
1730,1366-9877,1366-9877,1466-4461,Journal of Risk Research,Active,1998-2026,,Journal,,Social Sciences,Physical Sciences,,,,,,"Business, Management and Accounting ",,,,,,,,Engineering ,,,,,,,,,,,Social Sciences ,,,
1731,0022-4375,0022-4375,,Journal of Safety Research,Active,1982-2026; 1969-1980,,Journal,,,Physical Sciences,,,,,,,,,,,,,,Engineering ,,,,,,,,,,,,,,
1732,1094-6136,1094-6136,1099-1425,Journal of Scheduling,Active,1998-2026,,Journal,,Social Sciences,Physical Sciences,,,,,,,,,Computer Science ,Decision Sciences ,,,,Engineering ,,,,,,,,,,,,,,
1733,2053-4620,2053-4620,2053-4639,Journal of Science and Technology Policy Management,Active,2014-2026,,Journal,,Social Sciences,,,,,,,"Business, Management and Accounting ",,,,Decision Sciences ,,,,,,,,,,,,,,,,,,
1734,,,,,,,,,,,,,,,,,,,,,,,,,,,,,,,,,,,,,,,
1735,1757-5818,1757-5818,1757-5826,Journal of Service Management,Active,2009-2026,,Journal,,Social Sciences,,,,,,,"Business, Management and Accounting ",,,,,,,,,,,,,,,,,,,,,,
1736,1094-6705,1094-6705,1552-7379,Journal of Service Research,Active,1998-2026,,Journal,,Social Sciences,Physical Sciences,,,,,,"Business, Management and Accounting ",,,Computer Science ,,,,,,,,,,,,,,,,,,,
1737,2055-6225,2055-6225,2055-6233,Journal of Service Theory and Practice,Active,2015-2026,,Journal,,Social Sciences,,,,,,,"Business, Management and Accounting ",,,,,,,,,,,,,,,,,,,,,,
1738,0887-6045,0887-6045,2054-1651,Journal of Services Marketing,Active,1987-2026,,Journal,,Social Sciences,,,,,,,"Business, Management and Accounting ",,,,,,,,,,,,,,,,,,,,,,
1739,,,,,,,,,,,,,,,,,,,,,,,,,,,,,,,,,,,,,,,
1740,1747-7778,1747-7778,1747-7786,Journal of Simulation,Active,2008-2026,,Journal,,Social Sciences,Physical Sciences,,,,,,,,,Computer Science ,Decision Sciences ,,,,Engineering ,,,,Mathematics ,,,,,,,,,,
1741,1462-6004,1462-6004,1758-7840,Journal of Small Business and Enterprise Development,Active,1994-2026,,Journal,,Social Sciences,,,,,,,"Business, Management and Accounting ",,,,,,,,,,,,,,,,,,,,,,
1742,0827-6331,0827-6331,2169-2610,Journal of Small Business and Entrepreneurship,Active,2016-2026; 2000-2014; 1996-1998,,Journal,,Social Sciences,,,,,,,"Business, Management and Accounting ",,,,,,,,,,,,,,,,,,,,,,
1743,0047-2778,0047-2778,1540-627X,Journal of Small Business Management,Active,1996-2026,,Journal,,Social Sciences,,,,,,,"Business, Management and Accounting ",,,,,,,,,,,,,,,,,,,,,,
1744,1081-8510,1081-8510,2380-1751,Journal of Small Business Strategy,Active,2013-2026; 1999; 1994,,Journal,,Social Sciences,,,,,,,"Business, Management and Accounting ",,,,,,,,,,,,,,,,,,,,,,
1745,0972-5792,0972-5792,2199-6873,Journal of Social and Economic Development,Active,2015-2026,,Journal,,Social Sciences,,,,,,,,,,,,,"Economics, Econometrics and Finance ",,,,,,,,,,,,,Social Sciences ,,,
1746,1942-0676,1942-0676,1942-0684,Journal of Social Entrepreneurship,Active,2010-2026,,Journal,,Social Sciences,,,,,,,"Business, Management and Accounting ",,,,,,"Economics, Econometrics and Finance ",,,,,,,,,,,,,Social Sciences ,,,
1747,0022-4537,0022-4537,1540-4560,Journal of Social Issues,Active,1945-2026,,Journal,,Social Sciences,,,,,,,,,,,,,,,,,,,,,,,,,,Social Sciences ,,,
1748,2042-6763,2042-6763,2042-6771,Journal of Social Marketing,Active,2011-2026,,Journal,,Social Sciences,,,,,,,"Business, Management and Accounting ",,,,,,,,,,,,,,,,,,,,,,
1749,0047-2794,0047-2794,1469-7823,Journal of Social Policy,Active,1986-2026; 1978-1984; 1976; 1973,,Journal,,Social Sciences,Physical Sciences,,,,,,,,,,,,,,,Environmental Science ,,,,,,,,,,Social Sciences ,,,
1750,0022-4545,0022-4545,1940-1183,Journal of Social Psychology,Active,1930-2026,,Journal,,Social Sciences,,,,,,,,,,,,,,,,,,,,,,,,,Psychology ,,,,
1751,0278-839X,0278-839X,,"Journal of Social, Political, and Economic Studies",Inactive,2006-2023; 1993-1996; 1984-1986; 1982; 1980; 1978,,Journal,,Social Sciences,,,,,,,,,,,,,"Economics, Econometrics and Finance ",,,,,,,,,,,,,Social Sciences ,,,
1752,1440-7833,1440-7833,1741-2978,Journal of Sociology,Active,1965-2026,,Journal,,Social Sciences,,,,,,,,,,,,,,,,,,,,,,,,,,Social Sciences ,,,
1753,0973-1741,0973-1741,0973-1733,Journal of South Asian Development,Active,2009-2026; 2006-2007,,Journal,,Social Sciences,,,,,Arts and Humanities ,,"Business, Management and Accounting ",,,,,,"Economics, Econometrics and Finance ",,,,,,,,,,,,,Social Sciences ,,,
1754,2339-5095,2339-5095,2339-5206,Journal of Southeast Asian Economies,Active,2017-2025,,Journal,,Social Sciences,,,,,,,,,,,,,"Economics, Econometrics and Finance ",,,,,,,,,,,,,Social Sciences ,,,
1755,0022-4634,0022-4634,1474-0680,Journal of Southeast Asian Studies,Active,1970-2024,,Journal,,Social Sciences,,,,,Arts and Humanities ,,,,,,,,,,,,,,,,,,,,,Social Sciences ,,,
1756,0193-7235,0193-7235,1552-7638,Journal of Sport and Social Issues,Active,1977-2026,,Journal,,Social Sciences,,,,,,,,,,,,,,,,,,,,,,,,,,Social Sciences ,,,
1757,1477-5085,1477-5085,1029-5399,Journal of Sport and Tourism,Active,2016-2026; 1993-2014,,Journal,,Social Sciences,,,,,,,"Business, Management and Accounting ",,,,,,,,,,,,,,,,,,,,,,
1758,,,,,,,,,,,,,,,,,,,,,,,,,,,,,,,,,,,,,,,
1759,2330-0574,,2330-0574,Journal of Sport for Development,Active,2019-2025,,Journal,,Social Sciences,,,,,,,"Business, Management and Accounting ",,,,,,,,,,,,,,,,,,,Social Sciences ,,,
1760,0094-1700,0094-1700,2155-8450,Journal of Sport History,Active,2010-2026; 1999-2002; 1989; 1987; 1981-1984; 1977-1979,,Journal,,Social Sciences,,,,,Arts and Humanities ,,,,,,,,,,,,,,,,,,,,,Social Sciences ,,,
1761,0888-4773,0888-4773,1543-270X,Journal of Sport Management,Active,1995-2026; 1993; 1989-1991; 1987,,Journal,,Social Sciences,,Health Sciences,,,,,"Business, Management and Accounting ",,,,Decision Sciences ,,,,,,,,,Medicine ,,,,,,,,,Health Professions 
1762,1527-0025,1527-0025,1552-7794,Journal of Sports Economics,Active,2000-2026,,Journal,,Social Sciences,,,,,,,,,,,,,"Economics, Econometrics and Finance ",,,,,,,,,,,,,,,,
1763,,,,,,,,,,,,,,,,,,,,,,,,,,,,,,,,,,,,,,,
1764,0094-9655,0094-9655,1563-5163,Journal of Statistical Computation and Simulation,Active,1972-2026,,Journal,,Social Sciences,Physical Sciences,,,,,,"Business, Management and Accounting ",,,,Decision Sciences ,,,,,,,,Mathematics ,,,,,,,,,,
1765,0378-3758,0378-3758,,Journal of Statistical Planning and Inference,Active,1977-2026,,Journal,,Social Sciences,Physical Sciences,,,,,,,,,,Decision Sciences ,,,,,,,,Mathematics ,,,,,,,,,,
1766,0256-422X,0256-422X,,Journal of Statistical Research,Active,2019-2025,,Journal,,Social Sciences,Physical Sciences,,,,,,,,,,,,,,,,,,Mathematics ,,,,,,,Social Sciences ,,,
1767,1548-7660,1548-7660,,Journal of Statistical Software,Active,1996-2025,,Journal,,Social Sciences,Physical Sciences,,,,,,,,,Computer Science ,Decision Sciences ,,,,,,,,Mathematics ,,,,,,,,,,
1768,1538-7887,1538-7887,2214-1766,Journal of Statistical Theory and Applications,Active,2019-2026,,Journal,,,Physical Sciences,,,,,,,,,Computer Science ,,,,,,,,,Mathematics ,,,,,,,,,,
1769,,,,,,,,,,,,,,,,,,,,,,,,,,,,,,,,,,,,,,,
1770,,,2693-9169,Journal of Statistics and Data Science Education,Active,2021-2026,,Journal,,,,,,,,,,,,,,,,,,,,,,,,,,,,,,,
1771,0963-8687,0963-8687,,Journal of Strategic Information Systems,Active,1991-2026,,Journal,,Social Sciences,Physical Sciences,,,,,,"Business, Management and Accounting ",,,Computer Science ,Decision Sciences ,,,,,,,,,,,,,,,,,,
1772,0965-254X,0965-254X,1466-4488,Journal of Strategic Marketing,Active,1993-2026; 1984,,Journal,,Social Sciences,,,,,,,"Business, Management and Accounting ",,,,,,,,,,,,,,,,,,,,,,
1773,3050-7901,3050-791X,3050-7901,Journal of Strategy and Innovation,Active,2025-2026,,Journal,,Social Sciences,Physical Sciences,,,,,,"Business, Management and Accounting ",,,Computer Science ,Decision Sciences ,,,,,,,,,,,,,,,,,,
1774,1755-425X,1755-425X,1755-4268,Journal of Strategy and Management,Active,2008-2026,,Journal,,Social Sciences,,,,,,,"Business, Management and Accounting ",,,,,,,,,,,,,,,,,,,,,,
1775,1523-2409,1523-2409,1745-493X,Journal of Supply Chain Management,Active,1999-2026,,Journal,,Social Sciences,,,,,,,"Business, Management and Accounting ",,,,,,"Economics, Econometrics and Finance ",,,,,,,,,,,,,,,,
1776,2043-0795,2043-0795,2043-0809,Journal of Sustainable Finance and Investment,Active,2011-2026,,Journal,,Social Sciences,,,,,,,"Business, Management and Accounting ",,,,,,"Economics, Econometrics and Finance ",,,,,,,,,,,,,,,,
1777,1949-8276,1949-8276,1949-8284,Journal of Sustainable Real Estate,Active,2017-2025; 2013-2015; 2009-2010,,Journal,,Social Sciences,Physical Sciences,,,,,,,,,,,,,,,Environmental Science ,,,,,,,,,,Social Sciences ,,,
1778,0966-9582,0966-9582,1747-7646,Journal of Sustainable Tourism,Active,1993-2026,,Journal,,Social Sciences,,,,,,,"Business, Management and Accounting ",,,,,,,,,,,,,,,,,,,Social Sciences ,,,
1779,1328-7265,1328-7265,1758-8847,Journal of Systems and Information Technology,Active,2007-2026; 1997-2004,,Journal,,Social Sciences,,,,,,,"Business, Management and Accounting ",,,,,,,,,,,,,,,,,,,,,,
1780,,,,,,,,,,,,,,,,,,,,,,,,,,,,,,,,,,,,,,,
1781,0022-4863,0022-4863,,Journal of Taxation,Inactive,2020; 1998-2018,,Journal,,Social Sciences,,,,,,,"Business, Management and Accounting ",,,,,,"Economics, Econometrics and Finance ",,,,,,,,,,,,,,,,
1782,,,,,,,,,,,,,,,,,,,,,,,,,,,,,,,,,,,,,,,
1783,0897-5930,0897-5930,1528-6991,Journal of Teaching in International Business,Active,1989-2026,,Journal,,Social Sciences,,,,,,,"Business, Management and Accounting ",,,,,,,,,,,,,,,,,,,Social Sciences ,,,
1784,1531-3220,1531-3220,1531-3239,Journal of Teaching in Travel and Tourism,Active,2001-2026,,Journal,,Social Sciences,,,,,,,"Business, Management and Accounting ",,,,,,,,,,,,,,,,,,,Social Sciences ,,,
1785,0718-2724,,0718-2724,Journal of Technology Management and Innovation,Active,2008-2025,,Journal,,Social Sciences,,,,,,,"Business, Management and Accounting ",,,,,,,,,,,,,,,,,,,,,,
1786,,,,,,,,,,,,,,,,,,,,,,,,,,,,,,,,,,,,,,,
1787,0892-9912,0892-9912,1573-7047,Journal of Technology Transfer,Active,1977-2026,,Journal,,Social Sciences,Physical Sciences,,,,,,"Business, Management and Accounting ",,,,,,,,Engineering ,,,,,,,,,,,,,,
1788,0092-0703,0092-0703,1552-7824,Journal of the Academy of Marketing Science,Active,1973-2026,,Journal,,Social Sciences,,,,,,,"Business, Management and Accounting ",,,,,,"Economics, Econometrics and Finance ",,,,,,,,,,,,,,,,
1789,0162-1459,0162-1459,1537-274X,Journal of the American Statistical Association,Active,1922-2026,,Journal,,Social Sciences,Physical Sciences,,,,,,,,,,Decision Sciences ,,,,,,,,Mathematics ,,,,,,,,,,
1790,0198-9073,0198-9073,1558-8017,Journal of the American Taxation Association,Active,2009-2026; 2007; 2001-2005; 1999,,Journal,,Social Sciences,,,,,,,"Business, Management and Accounting ",,,,,,"Economics, Econometrics and Finance ",,,,,,,,,,,,,,,,
1791,1354-7860,1354-7860,1469-9648,Journal of the Asia Pacific Economy,Active,1996-2026,,Journal,,Social Sciences,,,,,,,,,,,,,,,,,,,,,,,,,,Social Sciences ,,,
1792,2378-1815,2378-1815,2378-1823,Journal of the Association for Consumer Research,Active,2016-2026,,Journal,,Social Sciences,,,,,,,"Business, Management and Accounting ",,,,,,"Economics, Econometrics and Finance ",,,,,,,,,,,,Psychology ,,,,
1793,1536-9323,1558-3457,1536-9323,Journal of the Association for Information Systems,Active,2006-2026; 2002; 1996; 1989,,Journal,,,Physical Sciences,,,,,,,,,Computer Science ,,,,,,,,,,,,,,,,,,,
1794,2333-5955,2333-5955,2333-5963,Journal of the Association of Environmental and Resource Economists,Active,2015-2026,,Journal,,Social Sciences,Physical Sciences,,,,,,,,,,,,"Economics, Econometrics and Finance ",,,Environmental Science ,,,,,,,,,,,,,
1795,,,,,,,,,,,,,,,,,,,,,,,,,,,,,,,,,,,,,,,
1796,1832-911X,,1832-911X,Journal of the Australasian Tax Teachers Association,Active,2018-2025,,Journal,,Social Sciences,,,,,,,"Business, Management and Accounting ",,,,,,"Economics, Econometrics and Finance ",,,,,,,,,,,,,Social Sciences ,,,
1797,0022-4995,0022-4995,1568-5209,Journal of the Economic and Social History of the Orient,Active,1978-2026; 1959-1976; 1957,,Journal,,Social Sciences,,,,,Arts and Humanities ,,,,,,,,"Economics, Econometrics and Finance ",,,,,,,,,,,,,Social Sciences ,,,
1798,2212-828X,2212-828X,,Journal of the Economics of Ageing,Active,2013-2026,,Journal,,Social Sciences,,,,,,,,,,,,,"Economics, Econometrics and Finance ",,,,,,,,,,,,,Social Sciences ,,,
1799,1542-4766,1542-4774,1542-4766,Journal of the European Economic Association,Active,2003-2026,,Journal,,Social Sciences,,,,,,,,,,,,,"Economics, Econometrics and Finance ",,,,,,,,,,,,,,,,
1800,1053-8372,1053-8372,1469-9656,Journal of the History of Economic Thought,Active,2003-2026; 1979-1989; 1970,,Journal,,Social Sciences,,,,,Arts and Humanities ,,,,,,,,"Economics, Econometrics and Finance ",,,,,,,,,,,,,,,,
1801,2643-7015,2643-7015,2643-7023,Journal of the International Council for Small Business,Active,2020-2026,,Journal,,Social Sciences,,,,,,,"Business, Management and Accounting ",,,,,,,,,,,,,,,,,,,,,,
1802,,,,,,,,,,,,,,,,,,,,,,,,,,,,,,,,,,,,,,,
1803,0889-1583,0889-1583,1095-8681,Journal of the Japanese and International Economies,Active,1987-2026,,Journal,,Social Sciences,,,,,,,,,,,,,"Economics, Econometrics and Finance ",,,,,,,,,,,,,Social Sciences ,,,
1804,1868-7865,1868-7865,1868-7873,Journal of the Knowledge Economy,Active,2010-2026,,Journal,,Social Sciences,,,,,,,,,,,,,"Economics, Econometrics and Finance ",,,,,,,,,,,,,,,,
1805,2221-2264,2221-2264,,Zhournal Novoi Ekonomicheskoi Associacii /Journal of the New Economic Association,Active,2016-2026,,Journal,,Social Sciences,,,,,,,,,,,,,"Economics, Econometrics and Finance ",,,,,,,,,,,,,,,,
1806,0160-5682,0160-5682,1476-9360,Journal of the Operational Research Society,Active,1978-2026,,Journal,,Social Sciences,Physical Sciences,,,,,,"Business, Management and Accounting ",,,,Decision Sciences ,,,,,,,,Mathematics ,,,,,,,,,,
1807,0453-4514,0453-4514,,Journal of the Operations Research Society of Japan,Active,1996-2026; 1983,,Journal,,Social Sciences,,,,,,,,,,,Decision Sciences ,,,,,,,,,,,,,,,,,,
1808,1467-985X,0964-1998,1467-985X,Journal of the Royal Statistical Society. Series A: Statistics in Society,Active,1988-2026,,Journal,,Social Sciences,Physical Sciences,,,,,,,,,,Decision Sciences ,,"Economics, Econometrics and Finance ",,,,,,Mathematics ,,,,,,,Social Sciences ,,,
1809,1467-9868,1369-7412,1467-9868,Journal of the Royal Statistical Society. Series B: Statistical Methodology,Active,1997-2026; 1994-1995; 1991; 1989; 1986; 1983-1984,,Journal,,Social Sciences,Physical Sciences,,,,,,,,,,Decision Sciences ,,,,,,,,Mathematics ,,,,,,,,,,
1810,1467-9876,0035-9254,1467-9876,Journal of the Royal Statistical Society. Series C: Applied Statistics,Active,1996-2026; 1993; 1983-1991; 1981,,Journal,,Social Sciences,Physical Sciences,,,,,,,,,,Decision Sciences ,,,,,,,,Mathematics ,,,,,,,,,,
1811,1467-9884,2515-7884,1467-9884,Mediterranean Journal of Infectious and Parasitic Diseases,Inactive,1995-2003; 1985-1993; 1980-1982; 1978,,Journal,,,,Health Sciences,,,,,,,,,,,,,,,,,,Medicine ,,,,,,,,,
1812,0081-4776,0081-4776,,Journal of the Statistical and Social Inquiry Society of Ireland,Active,2017-2025; 2014-2015; 2009-2011,,Journal,,Social Sciences,,,,,,,,,,,Decision Sciences ,,"Economics, Econometrics and Finance ",,,,,,,,,,,,,Social Sciences ,,,
1813,,,,,,,,,,,,,,,,,,,,,,,,,,,,,,,,,,,,,,,
1814,0894-9840,0894-9840,1572-9230,Journal of Theoretical Probability,Active,1988-2026,,Journal,,Social Sciences,Physical Sciences,,,,,,,,,,Decision Sciences ,,,,,,,,Mathematics ,,,,,,,,,,
1815,0143-9782,0143-9782,1467-9892,Journal of Time Series Analysis,Active,1980-2026,,Journal,,Social Sciences,Physical Sciences,,,,,,,,,,Decision Sciences ,,,,,,,,Mathematics ,,,,,,,,,,
1816,1941-1928,2194-6507,1941-1928,Journal of Time Series Econometrics,Active,2016-2026,,Journal,,Social Sciences,,,,,,,,,,,,,"Economics, Econometrics and Finance ",,,,,,,,,,,,,,,,
1817,1476-6825,1476-6825,1747-7654,Journal of Tourism and Cultural Change,Active,2003-2026,,Journal,,Social Sciences,Physical Sciences,,,,,,"Business, Management and Accounting ",,,,,,,,,Environmental Science ,,,,,,,,,,Social Sciences ,,,
1818,2182-1453,1645-9261,2182-1453,Journal of Tourism and Development,Active,2019-2025,,Journal,,Social Sciences,,,,,,,"Business, Management and Accounting ",,,,,,,,,,,,,,,,,,,Social Sciences ,,,
1819,1804-5650,,1804-5650,Journal of Tourism and Services,Active,2019-2025,,Journal,,Social Sciences,,,,,,,"Business, Management and Accounting ",,,,,,,,,,,,,,,,,,,,,,
1820,2055-5911,2055-5911,2055-592X,Journal of Tourism Futures,Active,2015-2026,,Journal,,Social Sciences,Physical Sciences,,,,,,"Business, Management and Accounting ",,,,,,,,,Environmental Science ,,,,,,,,,,Social Sciences ,,,
1821,1755-182X,1755-182X,1755-1838,Journal of Tourism History,Active,2009-2026,,Journal,,Social Sciences,,,,,Arts and Humanities ,,"Business, Management and Accounting ",,,,,,,,,,,,,,,,,,,Social Sciences ,,,
1822,2529-1947,,2529-1947,"Journal of Tourism, Heritage and Services Marketing",Active,2019-2025,,Journal,,Social Sciences,,,,,,,"Business, Management and Accounting ",,,,,,,,,,,,,,,,,,,Social Sciences ,,,
1823,,,,,,,,,,,,,,,,,,,,,,,,,,,,,,,,,,,,,,,
1824,1547-5778,1547-5778,1547-5786,Journal of Transnational Management,Inactive,2005-2023,,Journal,,Social Sciences,Physical Sciences,,,,,,,,,,,,,,,Environmental Science ,,,,,,,,,,Social Sciences ,,,
1825,2214-1405,2214-1405,2214-1413,Journal of Transport and Health,Active,2013-2026,,Journal,,Social Sciences,Physical Sciences,Health Sciences,,,,,,,,,,,,,Engineering ,Environmental Science ,,,,Medicine ,,,,,,Social Sciences ,,,
1826,1938-7849,,1938-7849,Journal of Transport and Land Use,Active,2012-2026,,Journal,,Social Sciences,,,,,,,,,,,,,,,,,,,,,,,,,,Social Sciences ,,,
1827,0966-6923,0966-6923,,Journal of Transport Geography,Active,1993-2026,,Journal,,Social Sciences,Physical Sciences,,,,,,,,,,,,,,,Environmental Science ,,,,,,,,,,Social Sciences ,,,
1828,0022-5266,0022-5266,1759-3999,Journal of Transport History,Active,1981-2026; 1979,,Journal,,Social Sciences,,,,,Arts and Humanities ,,,,,,,,,,,,,,,,,,,,,Social Sciences ,,,
1829,0022-5258,0022-5258,1754-5951,Journal of Transport Economics and Policy,Active,1994-2025; 1982-1990,,Journal,,Social Sciences,Physical Sciences,,,,,,,,,,,,"Economics, Econometrics and Finance ",,,Environmental Science ,,,,,,,,,,Social Sciences ,,,
1830,,,,,,,,,,,,,,,,,,,,,,,,,,,,,,,,,,,,,,,
1831,1938-7741,1938-7741,1938-775X,Journal of Transportation Security,Active,2008-2026,,Journal,,Social Sciences,,,,,,,,,,,Decision Sciences ,,,,,,,,,,,,,,,Social Sciences ,,,
1832,1054-8408,1054-8408,1540-7306,Journal of Travel and Tourism Marketing,Active,1992-2026,,Journal,,Social Sciences,,,,,,,"Business, Management and Accounting ",,,,,,,,,,,,,,,,,,,,,,
1833,,,,,,,,,,,,,,,,,,,,,,,,,,,,,,,,,,,,,,,
1834,0047-2875,0047-2875,1552-6763,Journal of Travel Research,Active,1969-2026,,Journal,,Social Sciences,,,,,,,"Business, Management and Accounting ",,,,,,,,,,,,,,,,,,,Social Sciences ,,,
1835,2151-5581,2151-5581,2151-559X,Journal of Trust Research,Active,2011-2026,,Journal,,Social Sciences,,,,,,,"Business, Management and Accounting ",,,,,,,,,,,,,,,,,,Psychology ,Social Sciences ,,,
1836,1449-9789,,1449-9789,Journal of University Teaching and Learning Practice,Active,2016-2026,,Journal,,Social Sciences,,,,,,,,,,,,,,,,,,,,,,,,,,Social Sciences ,,,
1837,0735-2166,0735-2166,1467-9906,Journal of Urban Affairs,Active,1979-2026,,Journal,,Social Sciences,,,,,,,,,,,,,,,,,,,,,,,,,,Social Sciences ,,,
1838,0094-1190,0094-1190,1095-9068,Journal of Urban Economics,Active,1974-2026,,Journal,,Social Sciences,,,,,,,,,,,,,"Economics, Econometrics and Finance ",,,,,,,,,,,,,Social Sciences ,,,
1839,0733-9488,0733-9488,,"Journal of the Urban Planning and Development Division, ASCE",Active,1979-2026,,Journal,,Social Sciences,Physical Sciences,,,,,,,,,,,,,,Engineering ,,,,,,,,,,,Social Sciences ,,,
1840,1356-7667,1356-7667,1479-1870,Journal of Vacation Marketing,Active,1994-2026,,Journal,,Social Sciences,,,,,,,"Business, Management and Accounting ",,,,,,,,,,,,,,,,,,,,,,
1841,0001-8791,0001-8791,1095-9084,Journal of Vocational Behavior,Active,1971-2026,,Journal,,Social Sciences,,,,,,,"Business, Management and Accounting ",,,,,,,,,,,,,,,,,,Psychology ,Social Sciences ,,,
1842,1363-6820,1363-6820,1747-5090,Journal of Vocational Education and Training,Active,1996-2026,,Journal,,Social Sciences,,,,,,,,,,,,,,,,,,,,,,,,,,Social Sciences ,,,
1843,1931-4361,1931-4361,1931-437X,Journal of Wine Economics,Active,2018-2026; 2007,,Journal,Life Sciences,Social Sciences,,,,Agricultural and Biological Sciences ,,,"Business, Management and Accounting ",,,,,,,,,,,,,,,,,,,,,,
1844,1366-5626,1366-5626,1758-7859,Journal of Workplace Learning,Active,1997-2026,,Journal,,Social Sciences,,,,,,,"Business, Management and Accounting ",,,,,,,,,,,,,,,,,,Psychology ,Social Sciences ,,,
1845,1090-9516,1090-9516,,Journal of World Business,Active,1997-2026,,Journal,,Social Sciences,,,,,,,"Business, Management and Accounting ",,,,,,"Economics, Econometrics and Finance ",,,,,,,,,,,,,,,,
1846,1660-7112,1660-7112,2211-9000,Journal of World Investment and Trade,Active,2003-2026; 2000-2001,,Journal,,Social Sciences,,,,,,,"Business, Management and Accounting ",,,,,,"Economics, Econometrics and Finance ",,,,,,,,,,,,,Social Sciences ,,,
1847,1011-6702,1011-6702,2210-2795,Journal of World Trade,Active,1996-2026; 1989,,Journal,,Social Sciences,,,,,,,,,,,,,"Economics, Econometrics and Finance ",,,,,,,,,,,,,Social Sciences ,,,
1848,1614-4007,1614-4007,1614-4015,Transition Studies Review,Inactive,2005-2022,,Journal,,Social Sciences,,,,,,,,,,,,,,,,,,,,,,,,,,Social Sciences ,,,
1849,1930-2975,,1930-2975,Judgment and Decision Making,Active,2006-2026,,Journal,,Social Sciences,,,,,,,,,,,Decision Sciences ,,"Economics, Econometrics and Finance ",,,,,,,,,,,,Psychology ,,,,
1850,,,,,,,,,,,,,,,,,,,,,,,,,,,,,,,,,,,,,,,
1851,,,,,,,,,,,,,,,,,,,,,,,,,,,,,,,,,,,,,,,
1852,,,,,,,,,,,,,,,,,,,,,,,,,,,,,,,,,,,,,,,
1853,,,,,,,,,,,,,,,,,,,,,,,,,,,,,,,,,,,,,,,
1854,,,,,,,,,,,,,,,,,,,,,,,,,,,,,,,,,,,,,,,
1855,,,,,,,,,,,,,,,,,,,,,,,,,,,,,,,,,,,,,,,
1856,0961-5768,0961-5768,1757-8442,King's Law Journal,Active,2013-2026,,Journal,,Social Sciences,,,,,,,,,,,,,,,,,,,,,,,,,,Social Sciences ,,,
1857,0219-1377,0219-1377,0219-3116,Knowledge and Information Systems,Active,1999-2026,,Journal,,,Physical Sciences,,,,,,,,,Computer Science ,,,,,,,,,,,,,,,,,,,
1858,1092-4604,1092-4604,1099-1441,Knowledge and Process Management,Active,1997-2026,,Journal,,Social Sciences,,,,,,,"Business, Management and Accounting ",,,,,,,,,,,,,,,,,,,,,,
1859,1477-8238,1477-8238,1477-8246,Knowledge Management Research and Practice,Active,2006-2026; 2004,,Journal,,Social Sciences,,,,,,,"Business, Management and Accounting ",,,,Decision Sciences ,,,,,,,,,,,,,,,Social Sciences ,,,
1860,,,,,,,,,,,,,,,,,,,,,,,,,,,,,,,,,,,,,,,
1861,,,,,,,,,,,,,,,,,,,,,,,,,,,,,,,,,,,,,,,
1862,,,,,,,,,,,,,,,,,,,,,,,,,,,,,,,,,,,,,,,
1863,,,,,,,,,,,,,,,,,,,,,,,,,,,,,,,,,,,,,,,
1864,1229-3288,1229-3288,2508-7193,Korean Accounting Review,Active,2019-2026,,Journal,,Social Sciences,,,,,,,"Business, Management and Accounting ",,,,,,,,,,,,,,,,,,,,,,
1865,0023-5962,0023-5962,1467-6435,Kyklos,Active,1953-2026; 1947-1951,,Journal,,Social Sciences,,,,,Arts and Humanities ,,,,,,,,"Economics, Econometrics and Finance ",,,,,,,,,,,,,,,,
1866,,,,,,,,,,,,,,,,,,,,,,,,,,,,,,,,,,,,,,,
1867,0023-656X,0023-656X,1469-9702,Labor History,Active,1960-2026,,Journal,,Social Sciences,,,,,Arts and Humanities ,,"Business, Management and Accounting ",,,,,,,,,,,,,,,,,,,,,,
1868,0160-449X,0160-449X,1538-9758,Labor Studies Journal,Active,1996-2026,,Journal,,Social Sciences,,,,,Arts and Humanities ,,"Business, Management and Accounting ",,,,,,,,,,,,,,,,,,,Social Sciences ,,,
1869,1547-6715,1547-6715,1558-1454,Labor: Studies in Working-Class History,Active,2017-2026,,Journal,,Social Sciences,,,,,Arts and Humanities ,,"Business, Management and Accounting ",,,,,,,,,,,,,,,,,,,Social Sciences ,,,
1870,1121-7081,1121-7081,1467-9914,Labour,Active,1987-2026,,Journal,,Social Sciences,,,,,,,,,,,,,,,,,,,,,,,,,,Social Sciences ,,,
1871,0700-3862,0700-3862,1911-4842,Labour/Le Travail,Active,1994-2025; 1985; 1978,,Journal,,Social Sciences,,,,,Arts and Humanities ,,"Business, Management and Accounting ",,,,,,,,,,,,,,,,,,,,,,
1872,1030-1763,1030-1763,2325-5676,Labour and Industry,Active,1993-2026; 1987-1991,,Journal,,Social Sciences,,,,,,,"Business, Management and Accounting ",,,,,,"Economics, Econometrics and Finance ",,,,,,,,,,,,,Social Sciences ,,,
1873,0927-5371,0927-5371,,Labour Economics,Active,1993-2026,,Journal,,Social Sciences,,,,,,,"Business, Management and Accounting ",,,,,,"Economics, Econometrics and Finance ",,,,,,,,,,,,,,,,
1874,0961-5652,0961-5652,1745-8188,Labour History Review,Active,2014-2025; 2009-2011; 2003,,Journal,,Social Sciences,,,,,Arts and Humanities ,,"Business, Management and Accounting ",,,,,,,,,,,,,,,,,,,,,,
1875,0023-6942,0023-6942,,Labour History,Active,1980-2025; 1975-1977; 1966-1973; 1963-1964,,Journal,,Social Sciences,,,,,Arts and Humanities ,,"Business, Management and Accounting ",,,,,,,,,,,,,,,,,,,Social Sciences ,,,
1876,,,,,,,,,,,,,,,,,,,,,,,,,,,,,,,,,,,,,,,
1877,,,,,,,,,,,,,,,,,,,,,,,,,,,,,,,,,,,,,,,
1878,0023-7639,0023-7639,1543-8325,Land Economics,Active,1976-2026; 1973-1974; 1964,,Journal,,Social Sciences,Physical Sciences,,,,,,,,,,,,"Economics, Econometrics and Finance ",,,Environmental Science ,,,,,,,,,,,,,
1879,0264-8377,0264-8377,,Land Use Policy,Active,1984-2026,,Journal,Life Sciences,Social Sciences,Physical Sciences,,,Agricultural and Biological Sciences ,,,,,,,,,,,,Environmental Science ,,,,,,,,,,Social Sciences ,,,
1880,0271-5309,0271-5309,,Language and Communication,Active,1981-2026,,Journal,,Social Sciences,,,,,Arts and Humanities ,,,,,,,,,,,,,,,,,,,,Psychology ,Social Sciences ,,,
1881,0716-0046,0716-0046,0717-6821,Cuadernos de Economia - Latin American Journal of Economics,Inactive,2003-2010; 1991; 1985,,Journal,,Social Sciences,,,,,,,,,,,,,"Economics, Econometrics and Finance ",,,,,,,,,,,,,,,,
1882,1752-1440,1752-1440,1752-1459,Law and Financial Markets Review,Active,2025-2026; 2014-2023; 2011; 2007-2008,,Journal,,Social Sciences,,,,,,,,,,,,,"Economics, Econometrics and Finance ",,,,,,,,,,,,,Social Sciences ,,,
1883,0265-8240,0265-8240,1467-9930,Law and Policy,Active,1979-2026,,Journal,,Social Sciences,,,,,,,,,,,,,,,,,,,,,,,,,,Social Sciences ,,,
1884,,,,,,,,,,,,,,,,,,,,,,,,,,,,,,,,,,,,,,,
1885,1742-7150,1742-7150,1742-7169,Leadership,Active,2005-2026,,Journal,,Social Sciences,,,,,,,"Business, Management and Accounting ",,,,,,,,,,,,,,,,,,,Social Sciences ,,,
1886,0143-7739,0143-7739,1472-5347,Leadership and Organization Development Journal,Active,1980-2026,,Journal,,Social Sciences,,,,,,,"Business, Management and Accounting ",,,,,,,,,,,,,,,,,,,,,,
1887,1751-1879,1751-1879,1751-1887,Leadership in Health Services,Active,2007-2026,,Journal,,,,Health Sciences,,,,,,,,,,,,,,,,,,Medicine ,,,,,,,,,
1888,1033-2839,1033-2839,1839-3713,Legal Education Review,Active,2020-2025,,Journal,,Social Sciences,,,,,,,,,,,,,,,,,,,,,,,,,,Social Sciences ,,,
1889,,,,,,,,,,,,,,,,,,,,,,,,,,,,,,,,,,,,,,,
1890,1566-6573,1566-6573,1875-6433,Legal Issues of Economic Integration,Active,2012-2026,,Journal,,Social Sciences,,,,,,,,,,,,,"Economics, Econometrics and Finance ",,,,,,,,,,,,,Social Sciences ,,,
1891,1492-7713,1492-7713,2151-2221,Leisure/ Loisir,Active,2005-2026; 1999-2003,,Journal,,Social Sciences,,,,,,,"Business, Management and Accounting ",,,,,,,,,,,,,,,,,,,Social Sciences ,,,
1892,0149-0400,0149-0400,1521-0588,Leisure Sciences,Active,1977-2026,,Journal,,Social Sciences,Physical Sciences,,,,,,"Business, Management and Accounting ",,,,,,,,,Environmental Science ,,,,,,,,,,Social Sciences ,,,
1893,0261-4367,0261-4367,1466-4496,Leisure Studies,Active,1981-2026,,Journal,,Social Sciences,,,,,,,"Business, Management and Accounting ",,,,,,,,,,,,,,,,,,,Social Sciences ,,,
1894,1150-8809,1150-8809,,Cahiers Scientifiques du Transport,Active,2024-2025; 2019; 2016-2017,,Journal,,Social Sciences,,,,,,,,,,,,,,,,,,,,,,,,,,Social Sciences ,,,
1895,1864-404X,1864-4031,1864-404X,Letters in Spatial and Resource Sciences,Active,2008-2026,,Journal,,Social Sciences,,,,,,,,,,,,,"Economics, Econometrics and Finance ",,,,,,,,,,,,,Social Sciences ,,,
1896,0143-5124,0143-5124,1758-7921,Library Management,Active,1979-2025,,Journal,,Social Sciences,,,,,,,,,,,,,,,,,,,,,,,,,,Social Sciences ,,,
1897,1380-7870,1380-7870,1572-9249,Lifetime Data Analysis,Active,1995-2026,,Journal,,,Physical Sciences,Health Sciences,,,,,,,,,,,,,,,,,Mathematics ,Medicine ,,,,,,,,,
1898,,,,,,,,,,,,,,,,,,,,,,,,,,,,,,,,,,,,,,,
1899,,,,,,,,,,,,,,,,,,,,,,,,,,,,,,,,,,,,,,,
1900,0269-0942,0269-0942,1470-9325,Local Economy,Active,1986-2026,,Journal,,Social Sciences,,,,,,,,,,,,,"Economics, Econometrics and Finance ",,,,,,,,,,,,,,,,
1901,0300-3930,0300-3930,1743-9388,Local Government Studies,Active,1975-2026,,Journal,,Social Sciences,,,,,,,,,,,,,,,,,,,,,,,,,,Social Sciences ,,,
1902,0705-3436,0705-3436,1705-0154,Loisir et Societe,Active,1978-2026,,Journal,,Social Sciences,,,,,,,,,,,,,,,,,,,,,,,,,,Social Sciences ,,,
1903,0024-6301,0024-6301,1873-1872,Long Range Planning,Active,1968-2026,,Journal,,Social Sciences,,,,,,,"Business, Management and Accounting ",,,,,,"Economics, Econometrics and Finance ",,,,,,,,,,,,,Social Sciences ,,,
1904,,,,,,,,,,,,,,,,,,,,,,,,,,,,,,,,,,,,,,,
1905,,,,,,,,,,,,,,,,,,,,,,,,,,,,,,,,,,,,,,,
1906,1365-1005,1365-1005,1469-8056,Macroeconomic Dynamics,Active,1997-2026,,Journal,,Social Sciences,,,,,,,,,,,,,"Economics, Econometrics and Finance ",,,,,,,,,,,,,,,,
1907,1752-0843,1752-0843,1752-0851,Macroeconomics and Finance in Emerging Market Economies,Active,2010-2026,,Journal,,Social Sciences,,,,,,,,,,,,,"Economics, Econometrics and Finance ",,,,,,,,,,,,,,,,
1908,,,,,,,,,,,,,,,,,,,,,,,,,,,,,,,,,,,,,,,
1909,1511-4554,1511-4554,,Malaysian Journal of Economic Studies,Active,2007-2025,,Journal,,Social Sciences,,,,,,,,,,,,,"Economics, Econometrics and Finance ",,,,,,,,,,,,,,,,
1910,1286-4692,,1286-4692,Management (France),Active,1998-2026,,Journal,,Social Sciences,,,,,,,"Business, Management and Accounting ",,,,,,,,,,,,,,,,,,,,,,
1911,1744-9359,1744-9359,1744-9367,Management and Organizational History,Active,2006-2026,,Journal,,Social Sciences,,,,,Arts and Humanities ,,"Business, Management and Accounting ",,,,,,,,,,,,,,,,,,,,,,
1912,2752-9819,2752-9819,2752-9827,Management and Sustainability,Active,2022-2026,,Journal,,Social Sciences,,,,,,,"Business, Management and Accounting ",,,,,,,,,,,,,,,,,,,,,,
1913,,,,,,,,,,,,,,,,,,,,,,,,,,,,,,,,,,,,,,,
1914,,,,,,,,,,,,,,,,,,,,,,,,,,,,,,,,,,,,,,,
1915,1044-5005,1044-5005,1096-1224,Management Accounting Research,Active,1990-2026,,Journal,,Social Sciences,,,,,,,"Business, Management and Accounting ",,,,Decision Sciences ,,"Economics, Econometrics and Finance ",,,,,,,,,,,,,,,,
1916,,,,,,,,,,,,,,,,,,,,,,,,,,,,,,,,,,,,,,,
1917,0258-042X,0258-042X,2321-0710,Management and Labour Studies,Active,1999-2026,,Journal,,Social Sciences,,,,,,,"Business, Management and Accounting ",,,,,,,,,,,,,,,,,,,,,,
1918,1740-8776,1740-8776,1740-8784,Management and Organization Review,Active,2005-2026,,Journal,,Social Sciences,,,,,,,"Business, Management and Accounting ",,,,,,,,,,,,,,,,,,,,,,
1919,0893-3189,0893-3189,1552-6798,Management Communication Quarterly,Active,1987-2026,,Journal,,Social Sciences,,,,,,,"Business, Management and Accounting ",,,,,,,,,,,,,,,,,,,Social Sciences ,,,
1920,,,,,,,,,,,,,,,,,,,,,,,,,,,,,,,,,,,,,,,
1921,0025-1747,0025-1747,1758-6070,Management Decision,Active,1967-2026,,Journal,,Social Sciences,,,,,,,"Business, Management and Accounting ",,,,Decision Sciences ,,,,,,,,,,,,,,,,,,
1922,0938-8249,0938-8249,1861-8901,Management International Review,Active,2005-2026,,Journal,,Social Sciences,,,,,,,"Business, Management and Accounting ",,,,,,,,,,,,,,,,,,,,,,
1923,1350-5076,1350-5076,1461-7307,Management Learning,Active,1970-2026,,Journal,,Social Sciences,,,,,,,"Business, Management and Accounting ",,,,Decision Sciences ,,,,,,,,,,,,,,,,,,
1924,1477-7835,1477-7835,1758-6119,Management of Environmental Quality,Active,2003-2026,,Journal,Life Sciences,,Physical Sciences,,,,,"Biochemistry, Genetics and Molecular Biology ",,,,,,,,,,Environmental Science ,,,,,,,,,,,,,
1925,1536-5433,1536-5433,1558-0946,Management Research,Active,2003-2026,,Journal,,Social Sciences,,,,,,,"Business, Management and Accounting ",,,,,,,,,,,,,,,,,,,,,,
1926,2040-8269,2040-8269,2040-8277,Management Research Review,Active,2009-2026,,Journal,,Social Sciences,,,,,,,"Business, Management and Accounting ",,,,,,,,,,,,,,,,,,,,,,
1927,2198-1620,2198-1620,2198-1639,Management Review Quarterly,Active,2014-2026,,Journal,,Social Sciences,,,,,,,"Business, Management and Accounting ",,,,,,,,,,,,,,,,,,,,,,
1928,0025-1909,0025-1909,1526-5501,Management Science,Active,1968-2026; 1963-1966; 1955,,Journal,,Social Sciences,,,,,,,"Business, Management and Accounting ",,,,Decision Sciences ,,,,,,,,,,,,,,,,,,
1929,2379-2981,,2379-2981,Management Teaching Review,Active,2016-2026,,Journal,,Social Sciences,,,,,,,"Business, Management and Accounting ",,,,,,,,,,,,,,,,,,,Social Sciences ,,,
1930,1331-0194,1331-0194,1846-3363,Management (Croatia),Active,2007-2026,,Journal,,Social Sciences,,,,,,,"Business, Management and Accounting ",,,,,,,,,,,,,,,,,,,,,,
1931,0143-6570,0143-6570,1099-1468,Managerial and Decision Economics,Active,1980-2026,,Journal,,Social Sciences,,,,,,,"Business, Management and Accounting ",,,,Decision Sciences ,,,,,,,,,,,,,,,,,,
1932,0268-6902,0268-6902,1758-7735,Managerial Auditing Journal,Active,1986-2026,,Journal,,Social Sciences,,,,,,,"Business, Management and Accounting ",,,,,,"Economics, Econometrics and Finance ",,,,,,,,,,,,,,,,
1933,0307-4358,0307-4358,1758-7743,Managerial Finance,Active,1994-2026; 1991,,Journal,,Social Sciences,,,,,,,"Business, Management and Accounting ",,,,,,"Economics, Econometrics and Finance ",,,,,,,,,,,,,,,,
1934,2375-0472,2375-0472,2375-0480,Managing Sport and Leisure,Active,2015-2026,,Journal,,Social Sciences,,,,,,,"Business, Management and Accounting ",,,,,,,,,,,,,,,,,,,,,,
1935,1742-3945,,1742-3945,Manchester Journal of International Economic Law,Active,2013-2025,,Journal,,Social Sciences,,,,,,,,,,,,,"Economics, Econometrics and Finance ",,,,,,,,,,,,,Social Sciences ,,,
1936,1463-6786,1463-6786,1467-9957,Manchester School,Active,1946-2026; 1943-1944; 1930-1941,,Journal,,Social Sciences,,,,,,,,,,,,,"Economics, Econometrics and Finance ",,,,,,,,,,,,,,,,
1937,1523-4614,1523-4614,1526-5498,Manufacturing and Service Operations Management,Active,1999-2026,,Journal,,Social Sciences,,,,,,,"Business, Management and Accounting ",,,,Decision Sciences ,,,,,,,,,,,,,,,,,,
1938,0973-8029,0025-2921,0973-8029,Margin,Active,2007-2026,,Journal,,Social Sciences,,,,,,,,,,,,,"Economics, Econometrics and Finance ",,,,,,,,,,,,,Social Sciences ,,,
1939,0308-597X,0308-597X,,Marine Policy,Active,1977-2026,,Journal,Life Sciences,Social Sciences,Physical Sciences,,,Agricultural and Biological Sciences ,,,,,,,,,"Economics, Econometrics and Finance ",,,Environmental Science ,,,,,,,,,,Social Sciences ,,,
1940,0738-1360,0738-1360,2334-5985,Marine Resource Economics,Active,1993-2026; 1989; 1987,,Journal,,Social Sciences,Physical Sciences,,,,,,,,,,,Earth and Planetary Sciences ,"Economics, Econometrics and Finance ",,,Environmental Science ,,,,,,,,,,Social Sciences ,,,
1941,2397-3757,2397-3757,2397-3765,Maritime Business Review,Active,2016-2026,,Journal,,Social Sciences,,,,,,,"Business, Management and Accounting ",,,,,,,,,,,,,,,,,,,Social Sciences ,,,
1942,1479-2931,1479-2931,1479-294X,Maritime Economics and Logistics,Active,2003-2026,,Journal,,Social Sciences,,,,,,,,,,,,,"Economics, Econometrics and Finance ",,,,,,,,,,,,,Social Sciences ,,,
1943,0308-8839,0308-8839,1464-5254,Maritime Policy and Management,Active,1976-2026,,Journal,,Social Sciences,Physical Sciences,,,,,,,,,,,,,,Engineering ,Environmental Science ,,,,,,,,,,Social Sciences ,,,
1944,,,,,,,,,,,,,,,,,,,,,,,,,,,,,,,,,,,,,,,
1945,,,,,,,,,,,,,,,,,,,,,,,,,,,,,,,,,,,,,,,
1946,1052-8008,1052-8008,2153-9987,Marketing Education Review,Active,2017-2026; 2014-2015; 1995-2009; 1990-1991,,Journal,,Social Sciences,,,,,,,,,,,,,,,,,,,,,,,,,,Social Sciences ,,,
1947,1094-1304,1094-1304,,Marketing Health Services,Inactive,1996-2015,,Journal,,Social Sciences,,Health Sciences,,,,,"Business, Management and Accounting ",,,,,,,,,,,,,Medicine ,,,,,,,,,
1948,0263-4503,0263-4503,1758-8049,Marketing Intelligence and Planning,Active,1983-2026,,Journal,,Social Sciences,,,,,,,"Business, Management and Accounting ",,,,,,,,,,,,,,,,,,,,,,
1949,0923-0645,0923-0645,1573-059X,Marketing Letters,Active,1989-2026,,Journal,,Social Sciences,,,,,,,"Business, Management and Accounting ",,,,,,"Economics, Econometrics and Finance ",,,,,,,,,,,,,,,,
1950,0732-2399,0732-2399,1526-548X,Marketing Science,Active,1995-2026; 1993; 1991; 1985; 1982,,Journal,,Social Sciences,,,,,,,"Business, Management and Accounting ",,,,,,,,,,,,,,,,,,,,,,
1951,1470-5931,1470-5931,1741-301X,Marketing Theory,Active,2001-2026,,Journal,,Social Sciences,,,,,,,"Business, Management and Accounting ",,,,,,,,,,,,,,,,,,,,,,
1952,0960-1627,0960-1627,1467-9965,Mathematical Finance,Active,1991-2026,,Journal,,Social Sciences,Physical Sciences,,,,,,"Business, Management and Accounting ",,,,,,"Economics, Econometrics and Finance ",,,,,,Mathematics ,,,,,,,Social Sciences ,,,
1953,,,,,,,,,,,,,,,,,,,,,,,,,,,,,,,,,,,,,,,
1954,1066-5307,1066-5307,1934-8045,Mathematical Methods of Statistics,Active,2007-2025,,Journal,,Social Sciences,Physical Sciences,,,,,,,,,,Decision Sciences ,,,,,,,,Mathematics ,,,,,,,,,,
1955,0165-4896,0165-4896,,Mathematical Social Sciences,Active,1980-2026,,Journal,,Social Sciences,,,,,,,,,,,Decision Sciences ,,,,,,,,,,,,,,Psychology ,Social Sciences ,,,
1956,1862-9679,1862-9679,1862-9660,Mathematics and Financial Economics,Active,2007-2026,,Journal,,Social Sciences,Physical Sciences,,,,,,,,,,Decision Sciences ,,"Economics, Econometrics and Finance ",,,,,,Mathematics ,,,,,,,,,,
1957,0364-765X,0364-765X,1526-5471,Mathematics of Operations Research,Active,1976-2026,,Journal,,Social Sciences,Physical Sciences,,,,,,,,,Computer Science ,Decision Sciences ,,,,,,,,Mathematics ,,,,,,,,,,
1958,1368-3047,1368-3047,1758-8057,Measuring Business Excellence,Active,1997-2026,,Journal,,Social Sciences,,,,,,,"Business, Management and Accounting ",,,,,,,,,,,,,,,,,,,,,,
1959,,,,,,,,,,,,,,,,,,,,,,,,,,,,,,,,,,,,,,,
1960,0163-4437,0163-4437,1460-3675,"Media, Culture and Society",Active,1979-2026,,Journal,,Social Sciences,,,,,,,,,,,,,,,,,,,,,,,,,,Social Sciences ,,,
1961,0968-5332,0968-5332,2047-9441,Medical Law International,Active,1993-2026,,Journal,,Social Sciences,,Health Sciences,,,,,,,,,,,,,,,,,,Medicine ,,,,,,Social Sciences ,,,
1962,2049-372X,2049-372X,2049-3738,Meditari Accountancy Research,Active,2012-2026,,Journal,,Social Sciences,,,,,,,"Business, Management and Accounting ",,,,,,"Economics, Econometrics and Finance ",,,,,,,,,,,,,,,,
1963,,,,,,,,,,,,,,,,,,,,,,,,,,,,,,,,,,,,,,,
1964,0025-8938,0025-8938,,Melbourne University Law Review,Active,2021-2025; 2008-2019; 2006; 2001; 1999; 1996; 1991-1993; 1989; 1983,,Journal,,Social Sciences,,,,,,,,,,,,,,,,,,,,,,,,,,Social Sciences ,,,
1965,0026-1335,0026-1335,1435-926X,Metrika,Active,1958-2026,,Journal,,Social Sciences,Physical Sciences,,,,,,,,,,Decision Sciences ,,,,,,,,Mathematics ,,,,,,,,,,
1966,0026-1386,0026-1386,1467-999X,Metroeconomica,Active,1988-2026; 1949-1986,,Journal,,Social Sciences,,,,,,,,,,,,,"Economics, Econometrics and Finance ",,,,,,,,,,,,,,,,
1967,0026-1424,0026-1424,2281-695X,Metron,Active,1999-2026; 1973-1974,,Journal,,,Physical Sciences,,,,,,,,,,,,,,,,,,Mathematics ,,,,,,,,,,
1968,1035-3704,1035-3704,,Middle East Business and Economic Review,Inactive,2008-2010,,Journal,,Social Sciences,,,,,,,"Business, Management and Accounting ",,,,,,"Economics, Econometrics and Finance ",,,,,,,,,,,,,,,,
1969,1793-8120,1793-8120,1793-8171,Middle East Development Journal,Active,2012-2026,,Journal,,Social Sciences,,,,,,,,,,,,,"Economics, Econometrics and Finance ",,,,,,,,,,,,,Social Sciences ,,,
1970,0305-8298,0305-8298,1477-9021,Millennium: Journal of International Studies,Active,1971-2026,,Journal,,Social Sciences,,,,,,,,,,,,,,,,,,,,,,,,,,Social Sciences ,,,
1971,0976-3996,0976-3996,2321-7081,Millennial Asia,Active,2014-2026,,Journal,,Social Sciences,,,,,,,,,,,,,"Economics, Econometrics and Finance ",,,,,,,,,,,,,Social Sciences ,,,
1972,2191-2203,2191-2203,2191-2211,Mineral Economics,Active,2011-2026,,Journal,,Social Sciences,Physical Sciences,,,,,,,,,,,Earth and Planetary Sciences ,,,,,,,,,,,,,,Social Sciences ,,,
1973,,,,,,,,,,,,,,,,,,,,,,,,,,,,,,,,,,,,,,,
1974,0276-7783,0276-7783,2162-9730,MIS Quarterly: Management Information Systems,Active,1980-2026,,Journal,,Social Sciences,Physical Sciences,,,,,,"Business, Management and Accounting ",,,Computer Science ,Decision Sciences ,,,,,,,,,,,,,,,,,,
1975,1540-1960,1540-1960,1540-1979,MIS Quarterly Executive,Active,2010-2025,,Journal,,Social Sciences,,,,,,,,,,,,,"Economics, Econometrics and Finance ",,,,,,,,,,,,,,,,
1976,1532-9194,1532-9194,,MIT Sloan Management Review,Active,2001-2026,,Journal,,Social Sciences,,,,,,,"Business, Management and Accounting ",,,,Decision Sciences ,,,,,,,,,,,,,,,,,,
1977,1574-1699,1574-1699,,Model Assisted Statistics and Applications,Active,2007-2026; 2005,,Journal,,,Physical Sciences,,,,,,,,,,,,,,,,,,Mathematics ,,,,,,,,,,
1978,0311-3140,0311-3140,1839-3837,Monash University Law Review,Inactive,2001; 1993; 1987; 1984,,Journal,,Social Sciences,,,,,,,,,,,,,,,,,,,,,,,,,,Social Sciences ,,,
1979,,,,,,,,,,,,,,,,,,,,,,,,,,,,,,,,,,,,,,,
1980,,,,,,,,,,,,,,,,,,,,,,,,,,,,,,,,,,,,,,,
1981,1569-3961,0929-9629,1569-3961,Monte Carlo Methods and Applications,Active,1995-2026,,Journal,,,Physical Sciences,,,,,,,,,,,,,,,,,,Mathematics ,,,,,,,,,,
1982,0146-7239,0146-7239,1573-6644,Motivation and Emotion,Active,1977-2026,,Journal,,Social Sciences,,,,,,,,,,,,,,,,,,,,,,,,,Psychology ,,,,
1983,1525-383X,1525-383X,2054-1686,Multinational Business Review,Active,2003-2026,,Journal,,Social Sciences,,,,,,,"Business, Management and Accounting ",,,,,,,,,,,,,,,,,,,,,,
1984,1096-1879,1096-1879,,Multinational Finance Journal,Active,2019-2024,,Journal,,Social Sciences,,,,,,,"Business, Management and Accounting ",,,,,,,,,,,,,,,,,,,,,,
1985,1387-6740,1387-6740,1569-9935,Narrative Inquiry,Active,1998-2026,,Journal,,Social Sciences,,,,,Arts and Humanities ,,,,,,,,,,,,,,,,,,,,,Social Sciences ,,,
1986,,,,,,,,,,,,,,,,,,,,,,,,,,,,,,,,,,,,,,,
1987,0027-9501,0027-9501,1741-3036,National Institute Economic Review,Active,1960-2026,,Journal,,Social Sciences,,,,,,,,,,,,,"Economics, Econometrics and Finance ",,,,,,,,,,,,,,,,
1988,0028-0283,0028-0283,1944-7477,National Tax Journal,Active,1995-2026; 1989; 1985,,Journal,,Social Sciences,,,,,,,"Business, Management and Accounting ",,,,,,"Economics, Econometrics and Finance ",,,,,,,,,,,,,,,,
1989,0894-069X,0894-069X,1520-6750,Naval Research Logistics,Active,1987-2026; 1973-1978,,Journal,,Social Sciences,Physical Sciences,,,,,,,,,,Decision Sciences ,,,,Engineering ,,,,Mathematics ,,,,,,,,,,
1990,0889-3365,0889-3365,1537-2642,NBER Macroeconomics Annual,Active,2018-2025; 2016; 1996-2014,,Book Series,,Social Sciences,,,,,,,,,,,,,"Economics, Econometrics and Finance ",,,,,,,,,,,,,,,,
1991,1750-4708,1750-4708,1750-4716,Negotiation and Conflict Management Research,Active,2008-2026,,Journal,,Social Sciences,,,,,,,"Business, Management and Accounting ",,,,,,,,,,,,,,,,,,,Social Sciences ,,,
1992,0748-4526,0748-4526,1571-9979,Negotiation Journal,Active,1985-2025,,Journal,,Social Sciences,,,,,,,"Business, Management and Accounting ",,,,,,,,,,,,,,,,,,,Social Sciences ,,,
1993,1385-9587,1385-9587,1573-7071,NETNOMICS: Economic Research and Electronic Networking,Inactive,2007-2021; 2005,,Journal,,Social Sciences,Physical Sciences,,,,,,,,,Computer Science ,,,"Economics, Econometrics and Finance ",,,,,,,,,,,,,,,,
1994,1566-113X,1566-113X,1572-9427,Networks and Spatial Economics,Active,2005-2026,,Journal,,,Physical Sciences,,,,,,,,,Computer Science ,,,,,,,,,,,,,,,,,,,
1995,1097-6736,1097-6736,1534-875X,New Directions for Evaluation,Active,1995-2025,,Journal,,Social Sciences,,,,,,,"Business, Management and Accounting ",,,,Decision Sciences ,,,,,,,,,,,,,,,Social Sciences ,,,
1996,1550-333X,1550-333X,2574-8904,New England Journal of Entrepreneurship,Active,1998-2025,,Journal,,Social Sciences,,,,,,,"Business, Management and Accounting ",,,,,,"Economics, Econometrics and Finance ",,,,,,,,,,,,,Social Sciences ,,,
1997,0306-6479,0306-6479,,The New law journal,Inactive,1987-1996; 1985; 1975-1978,,Journal,,,,Health Sciences,,,,,,,,,,,,,,,,,,Medicine ,,,,,,,,,
1998,,,,,,,,,,,,,,,,,,,,,,,,,,,,,,,,,,,,,,,
1999,1356-3467,1356-3467,1469-9923,New Political Economy,Active,1996-2026,,Journal,,Social Sciences,,,,,,,,,,,,,,,,,,,,,,,,,,Social Sciences ,,,
2000,0268-1072,0268-1072,1468-005X,"New Technology, Work and Employment",Active,1986-2026,,Journal,,Social Sciences,,,,,,,"Business, Management and Accounting ",,,,,,,,,,,,,,,,,,,Social Sciences ,,,
2001,,,,,,,,,,,,,,,,,,,,,,,,,,,,,,,,,,,,,,,
2002,,,,,,,,,,,,,,,,,,,,,,,,,,,,,,,,,,,,,,,
2003,0077-9954,0077-9954,1943-4863,New Zealand Economic Papers,Active,1968-2026; 1966,,Journal,,Social Sciences,,,,,,,,,,,,,"Economics, Econometrics and Finance ",,,,,,,,,,,,,,,,
2004,,,,,,,,,,,,,,,,,,,,,,,,,,,,,,,,,,,,,,,
2005,,,,,,,,,,,,,,,,,,,,,,,,,,,,,,,,,,,,,,,
2006,,,,,,,,,,,,,,,,,,,,,,,,,,,,,,,,,,,,,,,
2007,,,,,,,,,,,,,,,,,,,,,,,,,,,,,,,,,,,,,,,
2008,,,,,,,,,,,,,,,,,,,,,,,,,,,,,,,,,,,,,,,
2009,,,,,,,,,,,,,,,,,,,,,,,,,,,,,,,,,,,,,,,
2010,,,,,,,,,,,,,,,,,,,,,,,,,,,,,,,,,,,,,,,
2011,0111-199X,0111-199X,,New Zealand Population Review,Inactive,1980-1996,,Journal,,,Physical Sciences,,,,,,,,,,,Earth and Planetary Sciences ,,,,Environmental Science ,,,,,,,,,,,,,
2012,,,,,,,,,,,,,,,,,,,,,,,,,,,,,,,,,,,,,,,
2013,1176-6417,1176-6417,,New Zealand Yearbook of International Law,Active,2022-2024; 2018-2020,,Book Series,,Social Sciences,,,,,,,,,,,,,,,,,,,,,,,,,,Social Sciences ,,,
2014,,,,,,,,,,,,,,,,,,,,,,,,,,,,,,,,,,,,,,,
2015,0899-7640,0899-7640,1552-7395,Nonprofit and Voluntary Sector Quarterly,Active,1972-2026,,Journal,,Social Sciences,,,,,,,,,,,,,,,,,,,,,,,,,,Social Sciences ,,,
2016,1048-6682,1048-6682,1542-7854,Nonprofit Management and Leadership,Active,1990-2026,,Journal,,Social Sciences,,,,,,,"Business, Management and Accounting ",,,,,,,,,,,,,,,,,,,,,,
2017,,,,,,,,,,,,,,,,,,,,,,,,,,,,,,,,,,,,,,,
2018,,,,,,,,,,,,,,,,,,,,,,,,,,,,,,,,,,,,,,,
2019,1092-0277,1092-0277,,North American Actuarial Journal,Active,1997-2026,,Journal,,Social Sciences,Physical Sciences,,,,,,,,,,Decision Sciences ,,"Economics, Econometrics and Finance ",,,,,,Mathematics ,,,,,,,,,,
2020,,,,,,,,,,,,,,,,,,,,,,,,,,,,,,,,,,,,,,,
2021,,,,,,,,,,,,,,,,,,,,,,,,,,,,,,,,,,,,,,,
2022,,,,,,,,,,,,,,,,,,,,,,,,,,,,,,,,,,,,,,,
2023,0196-3228,0196-3228,,Northwestern Journal of International Law and Business,Active,2015-2025,,Journal,,Social Sciences,,,,,,,"Business, Management and Accounting ",,,,,,,,,,,,,,,,,,,Social Sciences ,,,
2024,,,,,,,,,,,,,,,,,,,,,,,,,,,,,,,,,,,,,,,
2025,0103-6351,0103-6351,1980-5381,Nova Economia,Active,2008-2026,,Journal,,Social Sciences,,,,,,,,,,,,,"Economics, Econometrics and Finance ",,,,,,,,,,,,,,,,
2026,,,,,,,,,,,,,,,,,,,,,,,,,,,,,,,,,,,,,,,
2027,,,,,,,,,,,,,,,,,,,,,,,,,,,,,,,,,,,,,,,
2028,0305-0483,0305-0483,,Omega (United Kingdom),Active,1973-2026,,Journal,,Social Sciences,,,,,,,"Business, Management and Accounting ",,,,Decision Sciences ,,,,,,,,,,,,,,,,,,
2029,1468-4527,1468-4527,1468-4535,Online Information Review,Active,1999-2026; 1997; 1980-1995,,Journal,,Social Sciences,Physical Sciences,,,,,,,,,Computer Science ,,,,,,,,,,,,,,,,Social Sciences ,,,
2030,1753-0229,1753-0229,1753-0237,OPEC Energy Review,Active,2019-2025,,Journal,,Social Sciences,Physical Sciences,,,,,,,,,,,,"Economics, Econometrics and Finance ",Energy ,,,,,,,,,,,,,,,
2031,0923-7992,0923-7992,1573-708X,Open Economies Review,Active,1990-2026,,Journal,,Social Sciences,,,,,,,,,,,,,"Economics, Econometrics and Finance ",,,,,,,,,,,,,,,,
2032,1109-2858,1109-2858,1866-1505,Operational Research,Active,2009-2026,,Journal,,Social Sciences,Physical Sciences,,,,,,"Business, Management and Accounting ",,,Computer Science ,Decision Sciences ,,,,,,,,Mathematics ,,,,,,,,,,
2033,1979-3561,1979-3561,2579-9363,Operations and Supply Chain Management,Active,2018-2026,,Journal,,Social Sciences,,,,,,,"Business, Management and Accounting ",,,,Decision Sciences ,,,,,,,,,,,,,,,,,,
2034,1936-9735,1936-9735,1936-9743,Operations Management Research,Active,2008-2026,,Journal,,Social Sciences,Physical Sciences,,,,,,"Business, Management and Accounting ",,,,Decision Sciences ,,,,Engineering ,,,,,,,,,,,,,,
2035,0030-364X,0030-364X,1526-5463,Operations Research,Active,1964-2026; 1962; 1959; 1957,,Journal,,Social Sciences,Physical Sciences,,,,,,,,,Computer Science ,Decision Sciences ,,,,,,,,,,,,,,,,,,
2036,0167-6377,0167-6377,,Operations Research Letters,Active,1981-2026,,Journal,,Social Sciences,Physical Sciences,,,,,,,,,Computer Science ,Decision Sciences ,,,,Engineering ,,,,Mathematics ,,,,,,,,,,
2037,0030-3887,0030-3887,0975-0320,OPSEARCH,Active,2008-2026; 2005; 2001; 1998-1999,,Journal,,Social Sciences,Physical Sciences,,,,,,"Business, Management and Accounting ",,,Computer Science ,Decision Sciences ,,,,,,,,,,,,,,,,,,
2038,0143-2087,0143-2087,1099-1514,Optimal Control Applications and Methods,Active,1980-2026,,Journal,,,Physical Sciences,,,,,,,,,Computer Science ,,,,,Engineering ,,,,Mathematics ,,,,,,,,,,
2039,0233-1934,0233-1934,1029-4945,Optimization,Active,1985-2026,,Journal,,Social Sciences,Physical Sciences,,,,,,,,,,Decision Sciences ,,,,,,,,Mathematics ,,,,,,,,,,
2040,0171-6468,0171-6468,1436-6304,OR Spectrum,Active,1979-2026,,Journal,,Social Sciences,,,,,,,"Business, Management and Accounting ",,,,Decision Sciences ,,,,,,,,,,,,,,,,,,
2041,,,,,,,,,,,,,,,,,,,,,,,,,,,,,,,,,,,,,,,
2042,1350-5084,1350-5084,1461-7323,Organization,Active,1994-2026,,Journal,,Social Sciences,,,,,,,"Business, Management and Accounting ",,,,,,,,,,,,,,,,,,,,,,
2043,1086-0266,1086-0266,1552-7417,Organization and Environment,Active,1987-2026,,Journal,,Social Sciences,Physical Sciences,,,,,,"Business, Management and Accounting ",,,,,,,,,Environmental Science ,,,,,,,,,,,,,
2044,0889-6402,0889-6402,,Organization Development Journal,Active,2017-2024; 2005-2013,,Journal,,Social Sciences,,,,,,,"Business, Management and Accounting ",,,,,,,,,,,,,,,,,,,,,,
2045,1541-6518,2753-8567,1541-6518,Organization Management Journal,Active,2009-2026; 2005,,Journal,,Social Sciences,,,,,,,"Business, Management and Accounting ",,,,,,,,,,,,,,,,,,,Social Sciences ,,,
2046,1047-7039,1047-7039,1526-5455,Organization Science,Active,1990-2026,,Journal,,Social Sciences,,,,,,,"Business, Management and Accounting ",,,,,,,,,,,,,,,,,,,,,,
2047,0170-8406,0170-8406,1741-3044,Organization Studies,Active,1980-2026,,Journal,,Social Sciences,,,,,,,"Business, Management and Accounting ",,,,,,,,,,,,,,,,,,,,,,
2048,2631-7877,,2631-7877,Organization Theory,Active,2020-2025,,Journal,,Social Sciences,,,,,,,"Business, Management and Accounting ",,,,,,,,,,,,,,,,,,,,,,
2049,0749-5978,0749-5978,1095-9920,Organizational Behavior and Human Decision Processes,Active,1985-2026,,Journal,,Social Sciences,,,,,,,"Business, Management and Accounting ",,,,,,,,,,,,,,,,,,Psychology ,,,,
2050,0090-2616,0090-2616,,Organizational Dynamics,Active,1997-2026; 1972-1995,,Journal,,Social Sciences,,,,,,,"Business, Management and Accounting ",,,,,,,,,,,,,,,,,,Psychology ,Social Sciences ,,,
2051,2041-3866,2041-3866,2041-3874,Organizational Psychology Review,Active,2011-2026,,Journal,,Social Sciences,,,,,,,"Business, Management and Accounting ",,,,,,,,,,,,,,,,,,Psychology ,,,,
2052,1094-4281,1094-4281,1552-7425,Organizational Research Methods,Active,1998-2026,,Journal,,Social Sciences,,,,,,,"Business, Management and Accounting ",,,,Decision Sciences ,,,,,,,,,,,,,,,,,,
2053,osgoode hall law journal,,2817-5069,Osgoode Hall Law Journal,Active,1996-2025; 1984,,Journal,,Social Sciences,,,,,,,,,,,,,,,,,,,,,,,,,,Social Sciences ,,,
2054,,,,,,,,,,,,,,,,,,,,,,,,,,,,,,,,,,,,,,,
2055,0305-9049,0305-9049,1468-0084,Oxford Bulletin of Economics and Statistics,Active,1973-2026,,Journal,,Social Sciences,Physical Sciences,,,,,,,,,,Decision Sciences ,,"Economics, Econometrics and Finance ",,,,,,Mathematics ,,,,,,,Social Sciences ,,,
2056,1360-0818,1360-0818,1469-9966,Oxford Development Studies,Active,1996-2026,,Journal,,Social Sciences,,,,,,,,,,,,,,,,,,,,,,,,,,Social Sciences ,,,
2057,0030-7653,0030-7653,1464-3812,Oxford Economic Papers,Active,1949-2026; 1947; 1945; 1938-1942,,Journal,,Social Sciences,,,,,,,,,,,,,"Economics, Econometrics and Finance ",,,,,,,,,,,,,,,,
2058,0143-6503,0143-6503,1464-3820,Oxford Journal of Legal Studies,Active,2005-2026; 2000-2001; 1998; 1981-1996,,Journal,,Social Sciences,,,,,,,,,,,,,,,,,,,,,,,,,,Social Sciences ,,,
2059,0266-903X,0266-903X,1460-2121,Oxford Review of Economic Policy,Active,1985-2025,,Journal,,Social Sciences,Physical Sciences,,,,,,,,,,,,"Economics, Econometrics and Finance ",,,Environmental Science ,,,,,,,,,,,,,
2060,1472-9342,1472-9342,1757-8469,Oxford University Commonwealth Law Journal,Active,2025; 2013-2023,,Journal,,Social Sciences,,,,,,,,,,,,,,,,,,,,,,,,,,Social Sciences ,,,
2061,,,,,,,,,,,,,,,,,,,,,,,,,,,,,,,,,,,,,,,
2062,0114-0582,0114-0582,2041-5494,Pacific Accounting Review,Active,1999-2026; 1997,,Journal,,Social Sciences,,,,,,,"Business, Management and Accounting ",,,,,,"Economics, Econometrics and Finance ",,,,,,,,,,,,,,,,
2063,0030-851X,0030-851X,1715-3379,Pacific Affairs,Active,1991-2025; 1989; 1984; 1981-1982; 1979,,Journal,,Social Sciences,,,,,,,,,,,,,,,,,,,,,,,,,,Social Sciences ,,,
2064,1943-7544,1943-7536,1943-7544,Pacific Asia Journal of the Association for Information Systems,Active,2018-2025,,Journal,,Social Sciences,Physical Sciences,,,,,,"Business, Management and Accounting ",,,Computer Science ,Decision Sciences ,,,,,,,,,,,,,,,,,,
2065,0817-8038,0817-8038,,Pacific Economic Bulletin,Inactive,1991-2010,,Journal,,Social Sciences,Physical Sciences,,,,,,,,,,,,,,Engineering ,,,,,,,,,,,Social Sciences ,,,
2066,1361-374X,1361-374X,1468-0106,Pacific Economic Review,Active,1996-2026,,Journal,,Social Sciences,,,,,,,,,,,,,"Economics, Econometrics and Finance ",,,,,,,,,,,,,,,,
2067,1444-5921,1444-5921,2201-6716,Pacific Rim Property Research Journal,Active,2000-2025,,Journal,,Social Sciences,,,,,,,,,,,,,"Economics, Econometrics and Finance ",,,,,,,,,,,,,,,,
2068,0927-538X,0927-538X,,Pacific Basin Finance Journal,Active,1993-2026,,Journal,,Social Sciences,,,,,,,,,,,,,"Economics, Econometrics and Finance ",,,,,,,,,,,,,,,,
2069,0030-9729,0030-9729,,Pakistan Development Review,Active,2014-2025; 1973-2012; 1969; 1966; 1964,,Journal,,Social Sciences,,,,,,,,,,,,,,,,,,,,,,,,,,Social Sciences ,,,
2070,,,,,,,,,,,,,,,,,,,,,,,,,,,,,,,,,,,,,,,
2071,,,,,,,,,,,,,,,,,,,,,,,,,,,,,,,,,,,,,,,
2072,1012-9367,1012-9367,2310-3515,Pakistan Journal of Statistics,Active,2008-2026,,Journal,,,Physical Sciences,,,,,,,,,,,,,,,,,,Mathematics ,,,,,,,,,,
2073,1056-8190,1056-8190,1435-5957,Papers in Regional Science,Active,1955-2026,,Journal,,Social Sciences,Physical Sciences,,,,,,,,,,,,,,,Environmental Science ,,,,,,,,,,Social Sciences ,,,
2074,0031-2290,0031-2290,1460-2482,Parliamentary Affairs,Active,1947-2026,,Journal,,Social Sciences,,,,,,,,,,,,,,,,,,,,,,,,,,Social Sciences ,,,
2075,1695-7121,2529-959X,1695-7121,PASOS Revista de Turismo y Patrimonio Cultural,Active,2019-2026; 2013,,Journal,,Social Sciences,,,,,,,"Business, Management and Accounting ",,,,,,,,,,,,,,,,,,,Social Sciences ,,,
2076,1554-8597,1079-2457,1554-8597,"Peace Economics, Peace Science and Public Policy",Active,1999-2026; 1994-1996,,Journal,,Social Sciences,Physical Sciences,,,,,,,,,,,,"Economics, Econometrics and Finance ",,,Environmental Science ,,,,,,,,,,Social Sciences ,,,
2077,,,,,,,,,,,,,,,,,,,,,,,,,,,,,,,,,,,,,,,
2078,0092-430X,0092-430X,,Pepperdine law review,Inactive,2001-2004; 1995; 1990-1991; 1988; 1985-1986; 1981; 1978,,Journal,,,,Health Sciences,,,,,,,,,,,,,,,,,,Medicine ,,,,,,,,,
2079,1467-8047,1467-8047,1758-6925,Performance Measurement and Metrics,Active,2000-2026,,Journal,,Social Sciences,,,,,,,,,,,,,,,,,,,,,,,,,,Social Sciences ,,,
2080,0191-8869,0191-8869,,Personality and Individual Differences,Active,1980-2026,,Journal,,Social Sciences,,,,,,,,,,,,,,,,,,,,,,,,,Psychology ,,,,
2081,0146-1672,0146-1672,1552-7433,Personality and Social Psychology Bulletin,Active,1995-2026; 1991-1992; 1985-1989; 1979-1983; 1975-1977,,Journal,,Social Sciences,,,,,,,,,,,,,,,,,,,,,,,,,Psychology ,,,,
2082,0031-5826,0031-5826,1744-6570,Personnel Psychology,Active,1948-2026,,Journal,,Social Sciences,,,,,,,"Business, Management and Accounting ",,,,,,,,,,,,,,,,,,Psychology ,,,,
2083,0048-3486,0048-3486,1758-6933,Personnel Review,Active,1971-2026,,Journal,,Social Sciences,,,,,,,"Business, Management and Accounting ",,,,,,,,,,,,,,,,,,Psychology ,,,,
2084,,,,,,,,,,,,,,,,,,,,,,,,,,,,,,,,,,,,,,,
2085,,,,,,,,,,,,,,,,,,,,,,,,,,,,,,,,,,,,,,,
2086,1170-7690,1170-7690,1179-2027,PharmacoEconomics,Active,1992-2026,,Journal,Life Sciences,,,Health Sciences,,,,,,,,,,,,,,,,,,Medicine ,,,"Pharmacology, Toxicology and Pharmaceutics ",,,,,,
2087,,,,,,,,,,,,,,,,,,,,,,,,,,,,,,,,,,,,,,,
2088,1655-1516,1655-1516,2984-8156,Philippine Review of Economics,Active,2020-2025,,Journal,,Social Sciences,,,,,,,,,,,,,"Economics, Econometrics and Finance ",,,,,,,,,,,,,,,,
2089,0048-3915,0048-3915,1088-4963,Philosophy and Public Affairs,Active,2003-2026; 1988-2001; 1984-1986; 1973-1982,,Journal,,Social Sciences,,,,,Arts and Humanities ,,,,,,,,,,,,,,,,,,,,,Social Sciences ,,,
2090,1740-3812,1740-3812,2052-9597,Philosophy of Management,Active,2007-2026; 2002-2005,,Journal,,Social Sciences,,,,,Arts and Humanities ,,"Business, Management and Accounting ",,,,,,,,,,,,,,,,,,,,,,
2091,0048-3931,0048-3931,1552-7441,Philosophy of the Social Sciences,Active,1971-2026,,Journal,,Social Sciences,,,,,Arts and Humanities ,,,,,,,,,,,,,,,,,,,,,Social Sciences ,,,
2092,,,,,,,,,,,,,,,,,,,,,,,,,,,,,,,,,,,,,,,
2093,1751-8040,1751-8040,1751-8059,Place Branding and Public Diplomacy,Active,2007-2026,,Journal,,Social Sciences,,,,,,,"Business, Management and Accounting ",,,,,,,,,,,,,,,,,,,,,,
2094,0305-5736,0305-5736,1470-8442,Policy and Politics,Active,1979-2026,,Journal,,Social Sciences,Physical Sciences,,,,,,,,,,,,,,,Environmental Science ,,,,,,,,,,Social Sciences ,,,
2095,1449-4035,1449-4035,1839-3373,Policy and Society,Active,2008-2026; 2002-2003,,Journal,,Social Sciences,,,,,,,,,,,,,,,,,,,,,,,,,,Social Sciences ,,,
2096,0032-2687,0032-2687,1573-0891,Policy Sciences,Active,1970-2026,,Journal,,Social Sciences,Physical Sciences,,,,,,,,,,,,,,,Environmental Science ,,,,,,,,,,Social Sciences ,,,
2097,0144-2872,0144-2872,1470-1006,Policy Studies,Active,1980-2026,,Journal,,Social Sciences,,,,,,,,,,,,,,,,,,,,,,,,,,Social Sciences ,,,
2098,0190-292X,0190-292X,1541-0072,Policy Studies Journal,Active,1972-2026,,Journal,,Social Sciences,Physical Sciences,,,,,,,,,,,,,,,Environmental Science ,,,,,,,,,,Social Sciences ,,,
2099,1058-4609,1058-4609,1091-7675,Political Communication,Active,1980-2026,,Journal,,Social Sciences,,,,,,,,,,,,,,,,,,,,,,,,,,Social Sciences ,,,
2100,1467-923X,0032-3179,1467-923X,Political Quarterly,Active,1930-2026,,Journal,,Social Sciences,,,,,,,,,,,,,,,,,,,,,,,,,,Social Sciences ,,,
2101,1538-165X,0032-3195,1538-165X,Political Science Quarterly,Active,1996-2026; 1980-1994; 1978; 1976; 1971-1974; 1968-1969; 1964-1965; 1961-1962; 1958-1959; 1955-1956; 1947; 1942-1944; 1935-1940; 1932; 1929-1930; 1923-1925; 1915; 1912; 1909-1910; 1905; 1902-1903; 1900; 1897; 1895,,Journal,,Social Sciences,,,,,,,,,,,,,,,,,,,,,,,,,,Social Sciences ,,,
2102,0032-3217,0032-3217,1467-9248,Political Studies,Active,1953-2026,,Journal,,Social Sciences,,,,,,,,,,,,,,,,,,,,,,,,,,Social Sciences ,,,
2103,0032-3233,0032-3233,2336-8225,Politicka Ekonomie,Active,1996-2026; 1993; 1986-1987; 1982; 1980,,Journal,,Social Sciences,,,,,,,,,,,,,"Economics, Econometrics and Finance ",,,,,,,,,,,,,Social Sciences ,,,
2104,1743-923X,1743-923X,1743-9248,Politics and Gender,Active,2005-2026,,Journal,,Social Sciences,,,,,,,,,,,,,,,,,,,,,,,,,,Social Sciences ,,,
2105,0032-3292,0032-3292,1552-7514,Politics and Society,Active,1992-2026; 1970-1990,,Journal,,Social Sciences,,,,,,,,,,,,,,,,,,,,,,,,,,Social Sciences ,,,
2106,1470-594X,1470-594X,1741-3060,"Politics, Philosophy and Economics",Active,2002-2026,,Journal,,Social Sciences,,,,,Arts and Humanities ,,,,,,,,"Economics, Econometrics and Finance ",,,,,,,,,,,,,Social Sciences ,,,
2107,1634-2941,1634-2941,1958-9190,Population,Inactive,1973-2022; 1946-1947,,Journal,,Social Sciences,,,,,,,,,,,,,,,,,,,,,,,,,,Social Sciences ,,,
2108,0098-7921,0098-7921,1728-4457,Population and Development Review,Active,1976-2026,,Journal,,Social Sciences,,,,,,,,,,,,,,,,,,,,,,,,,,Social Sciences ,,,
2109,0199-0039,0199-0039,1573-7810,Population and Environment,Active,1987-2026; 1980-1985,,Journal,,Social Sciences,Physical Sciences,,,,,,,,,,,,,,,Environmental Science ,,,,,,,,,,Social Sciences ,,,
2110,0032-468X,0032-468X,,Population Bulletin,Inactive,2021; 1968-2018; 1946,,Journal,,Social Sciences,,,,,,,,,,,,,,,,,,,,,,,,,,Social Sciences ,,,
2111,0167-5923,0167-5923,1573-7829,Population Research and Policy Review,Active,1982-2026,,Journal,,Social Sciences,Physical Sciences,,,,,,,,,,,,,,,Environmental Science ,,,,,,,,,,Social Sciences ,,,
2112,0032-4728,0032-4728,1477-4747,Population Studies,Active,1947-2026,,Journal,,Social Sciences,,,,,Arts and Humanities ,,,,,,,,,,,,,,,,,,,,,Social Sciences ,,,
2113,1544-8444,1544-8444,1544-8452,"Population, Space and Place",Active,2004-2026,,Journal,,Social Sciences,,,,,,,,,,,,,,,,,,,,,,,,,,Social Sciences ,,,
2114,1617-982X,1617-982X,1617-9838,Portuguese Economic Journal,Active,2005-2026,,Journal,,Social Sciences,,,,,,,,,,,,,"Economics, Econometrics and Finance ",,,,,,,,,,,,,,,,
2115,1463-1377,1463-1377,1465-3958,Post-Communist Economies,Active,1999-2026,,Journal,,Social Sciences,,,,,,,,,,,,,"Economics, Econometrics and Finance ",,,,,,,,,,,,,,,,
2116,1060-586X,1060-586X,,Post-Soviet Affairs,Active,1992-2026,,Journal,,Social Sciences,,,,,,,,,,,,,"Economics, Econometrics and Finance ",,,,,,,,,,,,,Social Sciences ,,,
2117,1210-0455,1210-0455,2336-730X,Prague Economic Papers,Active,2008-2026,,Journal,,Social Sciences,,,,,,,,,,,,,"Economics, Econometrics and Finance ",,,,,,,,,,,,,,,,
2118,prism,2578-3491,2514-5347,PRISM,Active,2019-2024,,Journal,,Social Sciences,,,,,,,,,,,,,,,,,,,,,,,,,,Social Sciences ,,,
2119,0178-8051,0178-8051,1432-2064,Probability Theory and Related Fields,Active,1986-2026,,Journal,,Social Sciences,Physical Sciences,,,,,,,,,,Decision Sciences ,,,,,,,,Mathematics ,,,,,,,,,,
2120,0301-7036,0301-7036,2007-8951,Problemas del Desarrollo,Active,2009-2026; 1992-1993; 1979-1980,,Journal,,Social Sciences,,,,,,,,,,,,,"Economics, Econometrics and Finance ",,,,,,,,,,,,,Social Sciences ,,,
2121,1061-1991,1061-1991,,Problems of Economic Transition,Inactive,1998-1999; 1992-1994,,Journal,,,,Health Sciences,,,,,,,,,,,,,,,,,,Medicine ,,,,,,,,,
2122,1059-1478,1059-1478,1937-5956,Production and Operations Management,Active,1992-2026,,Journal,,Social Sciences,Physical Sciences,,,,,,"Business, Management and Accounting ",,,,Decision Sciences ,,,,Engineering ,,,,,,,,,,,,,,
2123,0953-7287,0953-7287,1366-5871,Production Planning and Control,Active,1990-2026,,Journal,,Social Sciences,Physical Sciences,,,,,,"Business, Management and Accounting ",,,Computer Science ,Decision Sciences ,,,,Engineering ,,,,,,,,,,,,,,
2124,1464-9934,1464-9934,1477-027X,Progress in Development Studies,Active,2001-2026,,Journal,,Social Sciences,,,,,,,,,,,,,,,,,,,,,,,,,,Social Sciences ,,,
2125,2666-7215,,2666-7215,Project Leadership and Society,Active,2020-2026,,Journal,,Social Sciences,,,,,,,,,,,,,,,,,,,,,,,,,,Social Sciences ,,,
2126,8756-9728,8756-9728,1938-9507,Project Management Journal,Active,2009-2026; 2007; 2000-2001; 1986,,Journal,,Social Sciences,,,,,,,"Business, Management and Accounting ",,,,,,,,,,,,,,,,,,,,,,
2127,0810-9028,0810-9028,1470-1030,Prometheus: Critical Studies in Innovation,Active,2020-2025; 1983-2017,,Journal,,Social Sciences,,,,,,,"Business, Management and Accounting ",,,,,,,,,,,,,,,,,,,,,,
2128,0263-7472,0263-7472,1758-731X,Property Management,Active,1983-2026,,Journal,,Social Sciences,,,,,,,"Business, Management and Accounting ",,,,,,,,,,,,,,,,,,,,,,
2129,0033-2909,0033-2909,1939-1455,Psychological Bulletin,Active,1904-2026,,Journal,,Social Sciences,,,,,,,,,,,,,,,,,,,,,,,,,Psychology ,,,,
2130,1082-989X,1082-989X,1939-1463,Psychological Methods,Active,1996-2026,,Journal,,Social Sciences,,,,,,,,,,,,,,,,,,,,,,,,,Psychology ,,,,
2131,0340-0727,0340-0727,1430-2772,Psychological Research,Active,1974-2026,,Journal,,Social Sciences,,,,,Arts and Humanities ,,,,,,,,,,,,,,,,,,,,Psychology ,,,,
2132,0033-295X,0033-295X,1939-1471,Psychological Review,Active,1894-2026,,Journal,,Social Sciences,,,,,,,,,,,,,,,,,,,,,,,,,Psychology ,,,,
2133,0956-7976,0956-7976,1467-9280,Psychological Science,Active,1990-2026,,Journal,,Social Sciences,,,,,,,,,,,,,,,,,,,,,,,,,Psychology ,,,,
2134,0742-6046,0742-6046,1520-6793,Psychology and Marketing,Active,1984-2026,,Journal,,Social Sciences,,,,,,,"Business, Management and Accounting ",,,,,,,,,,,,,,,,,,Psychology ,,,,
2135,0361-6843,0361-6843,1471-6402,Psychology of Women Quarterly,Active,1976-2026,,Journal,,Social Sciences,,,,,Arts and Humanities ,,,,,,,,,,,,,,,,,,,,Psychology ,Social Sciences ,,,
2136,0271-2075,0271-2075,1099-162X,Public Administration and Development,Active,1981-2026,,Journal,,Social Sciences,,,,,,,,,,,,,,,,,,,,,,,,,,Social Sciences ,,,
2137,0734-9149,0734-9149,2327-4433,Public Administration Quarterly,Active,2019-2026; 2017; 2015; 2004,,Journal,,Social Sciences,,,,,,,,,,,,,,,,,,,,,,,,,,Social Sciences ,,,
2138,0033-3352,0033-3352,1540-6210,Public Administration Review,Active,1996-2026; 1988; 1985; 1978-1983,,Journal,,Social Sciences,,,,,,,"Business, Management and Accounting ",,,,,,,,,,,,,,,,,,,Social Sciences ,,,
2139,0033-3298,0033-3298,1467-9299,Public Administration,Active,1923-2026,,Journal,,Social Sciences,,,,,,,,,,,,,,,,,,,,,,,,,,Social Sciences ,,,
2140,0275-1100,0275-1100,1540-5850,Public Budgeting and Finance,Active,1981-2026,,Journal,,Social Sciences,,,,,,,,,,,,,"Economics, Econometrics and Finance ",,,,,,,,,,,,,Social Sciences ,,,
2141,0048-5829,0048-5829,1573-7101,Public Choice,Active,1966-2026,,Journal,,Social Sciences,,,,,,,,,,,,,"Economics, Econometrics and Finance ",,,,,,,,,,,,,Social Sciences ,,,
2142,0015-2218,0015-2218,1614-0974,FinanzArchiv,Active,2006-2025; 1981,,Journal,,Social Sciences,,,,,,,,,,,,,"Economics, Econometrics and Finance ",,,,,,,,,,,,,,,,
2143,,,,,,,,,,,,,,,,,,,,,,,,,,,,,,,,,,,,,,,
2144,1091-1421,1091-1421,1552-7530,Public Finance Review,Active,1989-2026; 1973-1987,,Journal,,Social Sciences,,,,,,,,,,,,,"Economics, Econometrics and Finance ",,,,,,,,,,,,,Social Sciences ,,,
2145,0033-3565,0033-3565,2754-219X,Public Law,Active,2022-2025; 1992; 1988; 1982-1983; 1976; 1967,,Journal,,Social Sciences,,,,,,,,,,,,,,,,,,,,,,,,,,Social Sciences ,,,
2146,1471-9037,1471-9037,1471-9045,Public Management Review,Active,2001-2026,,Journal,,Social Sciences,,,,,,,,,,,,,,,,,,,,,,,,,,Social Sciences ,,,
2147,0954-0962,0954-0962,1467-9302,Public Money and Management,Active,1988-2026,,Journal,,Social Sciences,,,,,,,"Business, Management and Accounting ",,,,,,,,,,,,,,,,,,,Social Sciences ,,,
2148,0033-362X,0033-362X,1537-5331,Public Opinion Quarterly,Active,1937-2026,,Journal,,Social Sciences,,,,,Arts and Humanities ,,,,,,,,,,,,,,,,,,,,,Social Sciences ,,,
2149,1530-9576,1530-9576,1557-9271,Public Performance and Management Review,Active,2006-2026; 2001,,Journal,,Social Sciences,,,,,,,"Business, Management and Accounting ",,,,,,,,,,,,,,,,,,,Social Sciences ,,,
2150,0091-0260,0091-0260,1945-7421,Public Personnel Management,Active,1995-2026; 1993; 1989; 1981-1984; 1973,,Journal,,Social Sciences,,,,,,,"Business, Management and Accounting ",,,,,,,,,,,,,,,,,,,Social Sciences ,,,
2151,0952-0767,0952-0767,1749-4192,Public Policy and Administration,Active,1986-2026,,Journal,,Social Sciences,,,,,,,,,,,,,,,,,,,,,,,,,,Social Sciences ,,,
2152,1744-5396,1744-5396,1744-540X,Public Policy Research,Inactive,2005-2013,,Journal,,Social Sciences,Physical Sciences,,,,,,,,,,,,,,,Environmental Science ,,,,,,,,,,Social Sciences ,,,
2153,2046-147X,2046-147X,2046-1488,Public Relations Inquiry,Active,2014-2026,,Journal,,Social Sciences,,,,,,,"Business, Management and Accounting ",,,,,,,,,,,,,,,,,,,Social Sciences ,,,
2154,0363-8111,0363-8111,,Public Relations Review,Active,1975-2026,,Journal,,Social Sciences,,,,,,,"Business, Management and Accounting ",,,,,,,,,,,,,,,,,,,Social Sciences ,,,
2155,1053-8801,1053-8801,1936-4792,Publishing Research Quarterly,Active,1991-2026,,Journal,,Social Sciences,Physical Sciences,,,,,,"Business, Management and Accounting ",,,Computer Science ,,,,,Engineering ,,,,,,,,,,,Social Sciences ,,,
2156,2633-9048,,2633-9048,Q Open,Active,2021-2026,,Journal,Life Sciences,Social Sciences,,,,Agricultural and Biological Sciences ,,,,,,,,,"Economics, Econometrics and Finance ",,,,,,,,,,,,,Social Sciences ,,,
2157,1352-2752,1352-2752,1758-7646,Qualitative Market Research,Active,1998-2026,,Journal,,Social Sciences,,,,,,,"Business, Management and Accounting ",,,,,,,,,,,,,,,,,,,,,,
2158,1176-6093,1176-6093,1758-7654,Qualitative Research in Accounting and Management,Active,2004-2026,,Journal,,Social Sciences,,,,,,,"Business, Management and Accounting ",,,,,,,,,,,,,,,,,,,,,,
2159,1755-4179,1755-4179,1755-4187,Qualitative Research in Financial Markets,Active,2009-2026,,Journal,,Social Sciences,,,,,,,"Business, Management and Accounting ",,,,,,"Economics, Econometrics and Finance ",,,,,,,,,,,,,,,,
2160,1746-5648,1746-5648,1746-5656,Qualitative Research in Organizations and Management,Active,2006-2026; 2001,,Journal,,Social Sciences,,,,,,,"Business, Management and Accounting ",,,,,,"Economics, Econometrics and Finance ",,,,,,,,,,,,,,,,
2161,0033-5177,0033-5177,1573-7845,Quality and Quantity,Active,1967-2026,,Journal,,Social Sciences,Physical Sciences,,,,,,,,,,,,,,,,,,Mathematics ,,,,,,,Social Sciences ,,,
2162,1068-6967,1068-6967,,Quality Management Journal,Active,2013-2026; 2009-2010; 2003; 1999-2001; 1997; 1994-1995,,Journal,,Social Sciences,,,,,,,"Business, Management and Accounting ",,,,,,,,,,,,,,,,,,,,,,
2163,0962-9343,0962-9343,1573-2649,Quality of Life Research,Active,1992-2026,,Journal,,,,Health Sciences,,,,,,,,,,,,,,,,,,Medicine ,,,,,,,,,
2164,1684-3703,1684-3703,,Quality Technology and Quantitative Management,Active,2011-2026,,Journal,,Social Sciences,,,,,,,"Business, Management and Accounting ",,,,Decision Sciences ,,,,,,,,,,,,,,,,,,
2165,1759-7323,1759-7323,1759-7331,Quantitative Economics,Active,2010-2026,,Journal,,Social Sciences,,,,,,,,,,,,,"Economics, Econometrics and Finance ",,,,,,,,,,,,,,,,
2166,1469-7688,1469-7688,1469-7696,Quantitative Finance,Active,2001-2026,,Journal,,Social Sciences,,,,,,,,,,,,,"Economics, Econometrics and Finance ",,,,,,,,,,,,,,,,
2167,1570-7156,1570-7156,1573-711X,Quantitative Marketing and Economics,Active,2005-2026,,Journal,,Social Sciences,,,,,,,"Business, Management and Accounting ",,,,,,"Economics, Econometrics and Finance ",,,,,,,,,,,,,,,,
2168,1747-0218,1747-0218,1747-0226,Quarterly Journal of Experimental Psychology,Active,2006-2026,,Journal,Life Sciences,Social Sciences,,Health Sciences,,,,"Biochemistry, Genetics and Molecular Biology ",,,,,,,,,,,,,,Medicine ,,,,,Psychology ,,,,
2169,2010-1392,2010-1392,2010-1406,Quarterly Journal of Finance,Active,2011-2026,,Journal,,Social Sciences,,,,,,,"Business, Management and Accounting ",,,,,,"Economics, Econometrics and Finance ",,,,,,,,,,,,,,,,
2170,,,,,,,,,,,,,,,,,,,,,,,,,,,,,,,,,,,,,,,
2171,1554-0626,1554-0626,1554-0634,Quarterly Journal of Political Science,Active,2006-2025,,Journal,,Social Sciences,,,,,,,,,,,,,,,,,,,,,,,,,,Social Sciences ,,,
2172,1062-9769,1062-9769,,Quarterly Review of Economics and Finance,Active,1992-2026,,Journal,,Social Sciences,,,,,,,,,,,,,"Economics, Econometrics and Finance ",,,,,,,,,,,,,,,,
2173,2045-9807,2045-9807,2045-9815,Queen Mary Journal of Intellectual Property,Active,2011-2025,,Journal,,Social Sciences,,,,,,,,,,,,,,,,,,,,,,,,,,Social Sciences ,,,
2174,0033-6297,0033-6297,1543-2750,Quest,Active,1963-2026,,Journal,,Social Sciences,,,,,,,,,,,,,,,,,,,,,,,,,,Social Sciences ,,,
2175,,,,,,,,,,,,,,,,,,,,,,,,,,,,,,,,,,,,,,,
2176,0033-6807,0033-6807,1467-9310,R and D Management,Active,1970-2026,,Journal,,Social Sciences,,,,,,,"Business, Management and Accounting ",,,,,,,,,,,,,,,,,,,,,,
2177,0034-7590,0034-7590,2178-938X,RAE Revista de Administracao de Empresas,Active,2007-2025,,Journal,,Social Sciences,,,,,,,"Business, Management and Accounting ",,,,Decision Sciences ,,,,,,,,,,,,,,,,,,
2178,0741-6261,0741-6261,1756-2171,RAND Journal of Economics,Active,1991-2026; 1989; 1987; 1984-1985,,Journal,,Social Sciences,,,,,,,,,,,,,"Economics, Econometrics and Finance ",,,,,,,,,,,,,,,,
2179,1043-4631,1043-4631,1461-7358,Rationality and Society,Active,1989-2026,,Journal,,Social Sciences,,,,,,,,,,,,,,,,,,,,,,,,,,Social Sciences ,,,
2180,,,,,,,,,,,,,,,,,,,,,,,,,,,,,,,,,,,,,,,
2181,1080-8620,1080-8620,1540-6229,Real Estate Economics,Active,1973-2026,,Journal,,Social Sciences,,,,,,,"Business, Management and Accounting ",,,,,,"Economics, Econometrics and Finance ",,,,,,,,,,,,,,,,
2182,,,,,,,,,,,,,,,,,,,,,,,,,,,,,,,,,,,,,,,
2183,real estate taxation,0093-5107,,Real Estate Taxation,Inactive,1996-2017,,Journal,,Social Sciences,,,,,,,"Business, Management and Accounting ",,,,,,"Economics, Econometrics and Finance ",,,,,,,,,,,,,,,,
2184,,,,,,,,,,,,,,,,,,,,,,,,,,,,,,,,,,,,,,,
2185,0770-4518,0770-4518,,Recherches Economiques de Louvain,Inactive,2001-2014; 1998; 1992; 1974; 1972; 1970,,Journal,,Social Sciences,,,,,,,,,,,,,"Economics, Econometrics and Finance ",,,,,,,,,,,,,,,,
2186,0956-5698,0956-5698,1758-7689,Records Management Journal,Active,1994-2026; 1989-1991,,Journal,,Social Sciences,,,,,,,"Business, Management and Accounting ",,,,,,,,,,,,,,,,,,,Social Sciences ,,,
2187,0034-2971,0034-2971,1782-1509,Reflets et Perspectives de la Vie Economique,Inactive,2023; 2001-2020; 1973-1975,,Journal,,Social Sciences,,,,,,,,,,,,,"Economics, Econometrics and Finance ",,,,,,,,,,,,,,,,
2188,0166-0462,0166-0462,1879-2308,Regional Science and Urban Economics,Active,1975-2026,,Journal,,Social Sciences,,,,,,,,,,,,,"Economics, Econometrics and Finance ",,,,,,,,,,,,,Social Sciences ,,,
2189,0034-3404,0034-3404,1360-0591,Regional Studies,Active,1967-2026,,Journal,,Social Sciences,Physical Sciences,,,,,,,,,,,,,,,Environmental Science ,,,,,,,,,,Social Sciences ,,,
2190,2168-1376,,2168-1376,"Regional Studies, Regional Science",Active,2014-2026,,Journal,,Social Sciences,,,,,,,,,,,,,"Economics, Econometrics and Finance ",,,,,,,,,,,,,Social Sciences ,,,
2191,1748-5991,1748-5983,1748-5991,Regulation and Governance,Active,2008-2026,,Journal,,Social Sciences,,,,,,,,,,,,,,,,,,,,,,,,,,Social Sciences ,,,
2192,0034-379X,0034-379X,1703-8138,Relations Industrielles,Active,2022-2025; 2019-2020; 2016-2017; 2013; 1996-2011,,Journal,,Social Sciences,,,,,,,"Business, Management and Accounting ",,,,,,,,,,,,,,,,,,,,,,
2193,0951-8320,0951-8320,1879-0836,Reliability Engineering and System Safety,Active,1988-2026; 1983,,Journal,,,Physical Sciences,,,,,,,,,,,,,,Engineering ,,,,,,,,,,,,,,
2194,1364-0321,1364-0321,1879-0690,Renewable and Sustainable Energy Reviews,Active,1997-2026,,Journal,,,Physical Sciences,,,,,,,,,,,,,Energy ,,,,,,,,,,,,,,,
2195,0958-2029,0958-2029,1471-5449,Research Evaluation,Active,1998-2026; 1991-1996,,Journal,,Social Sciences,,,,,,,,,,,,,,,,,,,,,,,,,,Social Sciences ,,,
2196,0885-2111,0885-2111,2978-1353,Research in Consumer Behavior,Active,2025-2026; 2018-2019; 2010-2016; 2007,,Book Series,,Social Sciences,,,,,,,"Business, Management and Accounting ",,,,,,,,,,,,,,,,,,,,,,
2197,1090-9443,1090-9443,1090-9451,Research in Economics,Active,1997-2026,,Journal,,Social Sciences,,,,,,,,,,,,,"Economics, Econometrics and Finance ",,,,,,,,,,,,,,,,
2198,0193-2306,0193-2306,1875-7537,Research in Experimental Economics,Active,2025-2026; 2022; 2018; 2010-2016; 2008; 2006; 2004; 2001-2002,,Book Series,,Social Sciences,,,,,,,,,,,,,"Economics, Econometrics and Finance ",,,,,,,,,,,,,,,,
2199,0196-3821,0196-3821,2977-4179,Research in Finance,Active,2025-2026; 2023; 2008-2020; 2001-2006,,Book Series,,Social Sciences,,,,,,,,,,,,,"Economics, Econometrics and Finance ",,,,,,,,,,,,,,,,
2200,,,,,,,,,,,,,,,,,,,,,,,,,,,,,,,,,,,,,,,
2201,2224-3534,2224-3534,2415-5152,Research in Hospitality Management,Active,2011-2026,,Journal,,Social Sciences,,,,,,,"Business, Management and Accounting ",,,,,,,,,,,,,,,,,,,,,,
2202,0275-5319,0275-5319,,Research in International Business and Finance,Active,2004-2026,,Journal,,Social Sciences,,,,,,,"Business, Management and Accounting ",,,,,,"Economics, Econometrics and Finance ",,,,,,,,,,,,,,,,
2203,0191-3085,0191-3085,,Research in Organizational Behavior,Active,2008-2025; 2006; 2000-2004,,Journal,,Social Sciences,,,,,,,"Business, Management and Accounting ",,,,,,,,,,,,,,,,,,Psychology ,,,,
2204,0743-4154,0743-4154,2754-1819,Research in the History of Economic Thought and Methodology,Active,2000-2026,,Book Series,,Social Sciences,,,,,Arts and Humanities ,,,,,,,,"Economics, Econometrics and Finance ",,,,,,,,,,,,,,,,
2205,0733-558X,0733-558X,2977-4365,Research in the Sociology of Organizations,Active,2009-2026; 2000-2007,,Book Series,,Social Sciences,,,,,,,"Business, Management and Accounting ",,,,,,,,,,,,,,,,,,,Social Sciences ,,,
2206,2210-5395,2210-5395,,Research in Transportation Business and Management,Active,2011-2026,,Journal,,Social Sciences,,,,,,,"Business, Management and Accounting ",,,,Decision Sciences ,,"Economics, Econometrics and Finance ",,,,,,,,,,,,,Social Sciences ,,,
2207,0739-8859,0739-8859,,Research in Transportation Economics,Active,2004-2026; 2001; 1999; 1996; 1994,,Journal,,Social Sciences,,,,,,,,,,,,,"Economics, Econometrics and Finance ",,,,,,,,,,,,,Social Sciences ,,,
2208,1574-0765,1574-0765,2978-140X,Research on Professional Responsibility and Ethics in Accounting,Active,2024-2026; 2018-2021; 2010-2016; 2007-2008,,Book Series,,Social Sciences,,,,,,,"Business, Management and Accounting ",,,,,,,,,,,,,,,,,,Psychology ,,,,
2209,0048-7333,0048-7333,,Research Policy,Active,1971-2026,,Journal,,Social Sciences,,,,,,,"Business, Management and Accounting ",,,,Decision Sciences ,,,,,,,,,,,,,,,,,,
2210,0895-6308,0895-6308,1930-0166,Research Technology Management,Active,1995-2026; 1993; 1988-1989,,Journal,,Social Sciences,Physical Sciences,,,,,,"Business, Management and Accounting ",,,,,,,,Engineering ,,,,,,,,,,,,,,
2211,0928-7655,0928-7655,,Resource and Energy Economics,Active,1993-2026,,Journal,,Social Sciences,,,,,,,,,,,,,"Economics, Econometrics and Finance ",,,,,,,,,,,,,,,,
2212,0301-4207,0301-4207,,Resources Policy,Active,1974-2026,,Journal,,Social Sciences,Physical Sciences,,,,,,,,,,,,"Economics, Econometrics and Finance ",,,Environmental Science ,,,,,,,,,,Social Sciences ,,,
2213,,,,,,,,,,,,,,,,,,,,,,,,,,,,,,,,,,,,,,,
2214,0893-5696,0893-5696,1475-8059,Rethinking Marxism,Active,1998-2025; 1988-1996,,Journal,,Social Sciences,,,,,,,,,,,,,,,,,,,,,,,,,,Social Sciences ,,,
2215,,,,,,,,,,,,,,,,,,,,,,,,,,,,,,,,,,,,,,,
2216,1475-7702,1475-7702,1758-7700,Review of Accounting and Finance,Active,2002-2026,,Journal,,Social Sciences,,,,,,,"Business, Management and Accounting ",,,,,,"Economics, Econometrics and Finance ",,,,,,,,,,,,,,,,
2217,1380-6653,1380-6653,1573-7136,Review of Accounting Studies,Active,1996-2026,,Journal,,Social Sciences,,,,,,,"Business, Management and Accounting ",,,,,,,,,,,,,,,,,,,,,,
2218,0305-6244,0305-6244,1740-1720,Review of African Political Economy,Active,1974-2025,,Journal,,Social Sciences,,,,,,,,,,,,,,,,,,,,,,,,,,Social Sciences ,,,
2219,2045-9920,2045-9920,2045-9939,Review of Asset Pricing Studies,Active,2011-2026,,Journal,,Social Sciences,,,,,,,,,,,,,"Economics, Econometrics and Finance ",,,,,,,,,,,,,,,,
2220,2326-6198,2326-6198,2326-6201,Review of Behavioral Economics,Active,2019-2025,,Journal,,Social Sciences,,,,,,,,,,,,,"Economics, Econometrics and Finance ",,,,,,,,,,,,Psychology ,Social Sciences ,,,
2221,1940-5979,1940-5979,1940-5987,Review of Behavioral Finance,Active,2009-2026,,Journal,,Social Sciences,,,,,,,"Business, Management and Accounting ",,,,,,"Economics, Econometrics and Finance ",,,,,,,,,,,,,,,,
2222,2693-9312,2693-9312,2693-9320,Review of Corporate Finance,Active,2021-2025,,Journal,,Social Sciences,,,,,,,"Business, Management and Accounting ",,,,,,"Economics, Econometrics and Finance ",,,,,,,,,,,,,,,,
2223,2046-9128,2046-9128,2046-9136,Review of Corporate Finance Studies,Active,2012-2026,,Journal,,Social Sciences,,,,,,,"Business, Management and Accounting ",,,,,,"Economics, Econometrics and Finance ",,,,,,,,,,,,,,,,
2224,1380-6645,1380-6645,1573-7144,Review of Derivatives Research,Active,2002-2026; 1998-2000; 1996,,Journal,,Social Sciences,,,,,,,,,,,,,"Economics, Econometrics and Finance ",,,,,,,,,,,,,,,,
2225,1363-6669,1363-6669,1467-9361,Review of Development Economics,Active,1997-2026,,Journal,,Social Sciences,,,,,,,,,,,,,,,,,,,,,,,,,,Social Sciences ,,,
2226,1973-3909,,1973-3909,Review of Economic Analysis,Active,2019-2026,,Journal,,Social Sciences,,,,,,,,,,,,,"Economics, Econometrics and Finance ",,,,,,,,,,,,,,,,
2227,,,,,,,,,,,,,,,,,,,,,,,,,,,,,,,,,,,,,,,
2228,1434-4742,1434-4742,1434-4750,Review of Economic Design,Active,1996-2026,,Journal,,Social Sciences,,,,,,,,,,,,,"Economics, Econometrics and Finance ",,,,,,,,,,,,,,,,
2229,1094-2025,1094-2025,1096-6099,Review of Economic Dynamics,Active,1998-2026,,Journal,,Social Sciences,,,,,,,,,,,,,"Economics, Econometrics and Finance ",,,,,,,,,,,,,,,,
2230,2366-035X,0948-5139,2366-035X,Review of Economics,Active,2016-2025,,Journal,,Social Sciences,,,,,,,,,,,,,"Economics, Econometrics and Finance ",,,,,,,,,,,,,,,,
2231,2631-3561,2356-9980,2631-3561,Review of Economics and Political Science,Active,2018-2026,,Journal,,Social Sciences,Physical Sciences,,,,,,,,,,,,"Economics, Econometrics and Finance ",,,,,,Mathematics ,,,,,,,Social Sciences ,,,
2232,1569-5239,1569-5239,1573-7152,Review of Economics of the Household,Active,2005-2026,,Journal,,Social Sciences,,,,,,,,,,,,,"Economics, Econometrics and Finance ",,,,,,,,,,,,,Social Sciences ,,,
2233,1750-6816,1750-6816,1750-6824,Review of Environmental Economics and Policy,Active,2008-2026,,Journal,,Social Sciences,Physical Sciences,,,,,,,,,,,,"Economics, Econometrics and Finance ",,,Environmental Science ,,,,,,,,,,,,,
2234,1572-3097,1572-3097,1573-692X,Review of Finance,Active,2004-2026; 2001-2002,,Journal,,Social Sciences,,,,,,,"Business, Management and Accounting ",,,,,,"Economics, Econometrics and Finance ",,,,,,,,,,,,,,,,
2235,1058-3300,1058-3300,1873-5924,Review of Financial Economics,Active,1994-2026,,Journal,,Social Sciences,,,,,,,,,,,,,"Economics, Econometrics and Finance ",,,,,,,,,,,,,,,,
2236,,,,,,,,,,,,,,,,,,,,,,,,,,,,,,,,,,,,,,,
2237,1475-4991,0034-6586,1475-4991,Review of Income and Wealth,Active,1961-2026; 1957-1959; 1955; 1951-1953,,Journal,,Social Sciences,,,,,,,,,,,,,"Economics, Econometrics and Finance ",,,,,,,,,,,,,,,,
2238,0889-938X,0889-938X,1573-7160,Review of Industrial Organization,Active,1988-2026; 1984-1986,,Journal,,Social Sciences,,,,,,,"Business, Management and Accounting ",,,,,,"Economics, Econometrics and Finance ",,,,,,,,,,,,,,,,
2239,2059-6014,,2059-6014,Review of International Business and Strategy,Active,2016-2026,,Journal,,Social Sciences,,,,,,,"Business, Management and Accounting ",,,,,,,,,,,,,,,,,,,,,,
2240,0965-7576,0965-7576,1467-9396,Review of International Economics,Active,1992-2026,,Journal,,Social Sciences,,,,,,,,,,,,,,,,,,,,,,,,,,Social Sciences ,,,
2241,1559-7431,1559-7431,1559-744X,Review of International Organizations,Active,2006-2026,,Journal,,Social Sciences,,,,,,,,,,,,,"Economics, Econometrics and Finance ",,,,,,,,,,,,,Social Sciences ,,,
2242,0969-2290,0969-2290,1466-4526,Review of International Political Economy,Active,1994-2026,,Journal,,Social Sciences,,,,,,,,,,,,,"Economics, Econometrics and Finance ",,,,,,,,,,,,,Social Sciences ,,,
2243,0260-2105,0260-2105,1469-9044,Review of International Studies,Active,1981-2026; 1976,,Journal,,Social Sciences,,,,,,,,,,,,,,,,,,,,,,,,,,Social Sciences ,,,
2244,,,,,,,,,,,,,,,,,,,,,,,,,,,,,,,,,,,,,,,
2245,2049-5323,2049-5323,2049-5331,Review of Keynesian Economics,Active,2012-2026,,Journal,,Social Sciences,,,,,,,,,,,,,"Economics, Econometrics and Finance ",,,,,,,,,,,,,,,,
2246,2194-6000,2194-6000,1555-5879,Review of Law and Economics,Active,2005-2026,,Journal,,Social Sciences,,,,,,,,,,,,,"Economics, Econometrics and Finance ",,,,,,,,,,,,,Social Sciences ,,,
2247,1863-6691,1863-6683,1863-6691,Review of Managerial Science,Active,2009-2026; 2007,,Journal,,Social Sciences,,,,,,,"Business, Management and Accounting ",,,,,,,,,,,,,,,,,,,,,,
2248,0034-6616,0034-6616,,Review of Marketing and Agricultural Economics,Inactive,1996; 1978,,Journal,Life Sciences,Social Sciences,,,,Agricultural and Biological Sciences ,,,"Business, Management and Accounting ",,,,,,"Economics, Econometrics and Finance ",,,,,,,,,,,,,,,,
2249,1546-5616,,1546-5616,Review of Marketing Science,Active,2019-2026; 2003-2017,,Journal,,Social Sciences,,,,,,,"Business, Management and Accounting ",,,,,,,,,,,,,,,,,,,,,,
2250,,,,,,,,,,,,,,,,,,,,,,,,,,,,,,,,,,,,,,,
2251,0219-0915,0219-0915,1793-6705,Review of Pacific Basin Financial Markets and Policies,Active,2003-2026; 1999-2000,,Journal,,Social Sciences,,,,,,,,,,,,,"Economics, Econometrics and Finance ",,,,,,,,,,,,,,,,
2252,0953-8259,0953-8259,1465-3982,Review of Political Economy,Active,2002-2026; 1989-1996,,Journal,,Social Sciences,,,,,,,,,,,,,"Economics, Econometrics and Finance ",,,,,,,,,,,,,Social Sciences ,,,
2253,0734-371X,0734-371X,1552-759X,Review of Public Personnel Administration,Active,1980-2026,,Journal,,Social Sciences,,,,,,,"Business, Management and Accounting ",,,,,,,,,,,,,,,,,,,Social Sciences ,,,
2254,0924-865X,0924-865X,1573-7179,Review of Quantitative Finance and Accounting,Active,1991-2026,,Journal,,Social Sciences,,,,,,,"Business, Management and Accounting ",,,,,,"Economics, Econometrics and Finance ",,,,,,,,,,,,,,,,
2255,0486-6134,0486-6134,1552-8502,Review of Radical Political Economics,Active,1969-2026,,Journal,,Social Sciences,,,,,Arts and Humanities ,,,,,,,,"Economics, Econometrics and Finance ",,,,,,,,,,,,,,,,
2256,1553-0892,0048-749X,1553-0892,Review of Regional Studies,Active,1987-2026; 1984; 1977-1982; 1974-1975,,Journal,,Social Sciences,Physical Sciences,,,,,,,,,,,Earth and Planetary Sciences ,,,,,,,,,,,,,,Social Sciences ,,,
2257,0034-6764,0034-6764,1470-1162,Review of Social Economy,Active,1946-2026; 1944; 1942,,Journal,,Social Sciences,,,,,,,,,,,,,"Economics, Econometrics and Finance ",,,,,,,,,,,,,,,,
2258,1698-1359,1698-1359,1698-1367,Review of Economic Research on Copyright Issues,Active,2019-2025,,Journal,,Social Sciences,,,,,,,"Business, Management and Accounting ",,,,,,"Economics, Econometrics and Finance ",,,,,,,,,,,,,Social Sciences ,,,
2259,0917-0553,0917-0553,1467-940X,Review of Urban and Regional Development Studies,Inactive,1989-2019,,Journal,,Social Sciences,,,,,,,,,,,,,,,,,,,,,,,,,,Social Sciences ,,,
2260,1610-2878,1610-2878,1610-2886,Review of World Economics,Active,2003-2026,,Journal,,Social Sciences,,,,,,,,,,,,,"Economics, Econometrics and Finance ",,,,,,,,,,,,,,,,
2261,,,,,,,,,,,,,,,,,,,,,,,,,,,,,,,,,,,,,,,
2262,,,,,,,,,,,,,,,,,,,,,,,,,,,,,,,,,,,,,,,
2263,1415-0344,1415-0344,2238-3840,Revista do CAAP,Active,2020-2026,,Journal,,Social Sciences,,,,,Arts and Humanities ,,,,,,,,,,,,,,,,,,,,,Social Sciences ,,,
2264,0338-0599,0338-0599,,Revue d'Etudes Comparatives Est-Ouest,Active,2024-2025; 1996-2022; 1985; 1978,,Journal,,Social Sciences,,,,,,,,,,,,,"Economics, Econometrics and Finance ",,,,,,,,,,,,,Social Sciences ,,,
2265,1265-9576,1265-9576,1777-5647,Revue de l'OFCE,Active,2024; 2001-2022,,Journal,,Social Sciences,,,,,,,,,,,,,"Economics, Econometrics and Finance ",,,,,,,,,,,,,,,,
2266,,,,,,,,,,,,,,,,,,,,,,,,,,,,,,,,,,,,,,,
2267,,,,,,,,,,,,,,,,,,,,,,,,,,,,,,,,,,,,,,,
2268,1460-3799,1460-3799,1743-4637,Risk Management,Active,2009-2026; 2006; 1999,,Journal,,Social Sciences,,,,,,,"Business, Management and Accounting ",,,,,,"Economics, Econometrics and Finance ",,,,,,,,,,,,,,,,
2269,1098-1616,1098-1616,1540-6296,Risk Management and Insurance Review,Active,2005-2026; 1999,,Journal,,Social Sciences,,,,,,,"Business, Management and Accounting ",,,,,,"Economics, Econometrics and Finance ",,,,,,,,,,,,,,,,
2270,,,,,,,,,,,,,,,,,,,,,,,,,,,,,,,,,,,,,,,
2271,1582-6163,1582-6163,2537-6071,Romanian Journal of Economic Forecasting,Active,2008-2025,,Journal,,Social Sciences,,,,,,,,,,,,,"Economics, Econometrics and Finance ",,,,,,,,,,,,,,,,
2272,2618-7213,2618-7213,2405-4739,Russian Journal of Economics,Active,2015-2025,,Journal,,Social Sciences,,,,,Arts and Humanities ,,,,,,,,"Economics, Econometrics and Finance ",,,,,,,,,,,,,,,,
2273,,,,,,,,,,,,,,,,,,,,,,,,,,,,,,,,,,,,,,,
2274,2474-2376,2474-2376,2474-6509,Rutgers Business Review,Active,2016-2025,,Journal,,Social Sciences,,,,,,,"Business, Management and Accounting ",,,,,,,,,,,,,,,,,,,,,,
2275,,,,,,,,,,,,,,,,,,,,,,,,,,,,,,,,,,,,,,,
2276,0925-7535,0925-7535,1879-1042,Safety Science,Active,1991-2026,,Journal,,Social Sciences,Physical Sciences,Health Sciences,,,,,,,,,,,,,Engineering ,,,,,Medicine ,,,,,,Social Sciences ,,,
2277,0346-1238,0346-1238,1651-2030,Scandinavian Actuarial Journal,Active,1918-2026,,Journal,,Social Sciences,Physical Sciences,,,,,,,,,,Decision Sciences ,,"Economics, Econometrics and Finance ",,,,,,Mathematics ,,,,,,,,,,
2278,0358-5522,0358-5522,1750-2837,Scandinavian Economic History Review,Active,1953-2026,,Journal,,Social Sciences,Physical Sciences,,,,Arts and Humanities ,,,,,,,,,,Engineering ,,,,,,,,,,,Social Sciences ,,,
2279,0347-0520,0347-0520,1467-9442,Scandinavian Journal of Economics,Active,1995-2026; 1991-1993; 1985; 1983; 1977-1980,,Journal,,Social Sciences,,,,,,,,,,,,,"Economics, Econometrics and Finance ",,,,,,,,,,,,,,,,
2280,1502-2250,1502-2250,1502-2269,Scandinavian Journal of Hospitality and Tourism,Active,2001-2026,,Journal,,Social Sciences,,,,,,,"Business, Management and Accounting ",,,,,,,,,,,,,,,,,,,,,,
2281,0905-0167,0905-0167,1901-0990,Scandinavian Journal of Information Systems,Active,2011-2025,,Journal,,,Physical Sciences,,,,,,,,,Computer Science ,,,,,,,,,,,,,,,,,,,
2282,0956-5221,0956-5221,1873-3387,Scandinavian Journal of Management,Active,1988-2026,,Journal,,Social Sciences,,,,,,,"Business, Management and Accounting ",,,,,,,,,,,,,,,,,,Psychology ,,,,
2283,1467-9469,0303-6898,1467-9469,Scandinavian Journal of Statistics,Active,1996-2026,,Journal,,Social Sciences,Physical Sciences,,,,,,,,,,Decision Sciences ,,,,,,,,Mathematics ,,,,,,,,,,
2284,0036-8237,0036-8237,,Science and Society,Active,1996-2024; 1988-1991; 1986; 1984; 1979-1981; 1977; 1972; 1961; 1946,,Journal,,Social Sciences,,,,,,,,,,,,,,,,,,,,,,,,,,Social Sciences ,,,
2285,0302-3427,0302-3427,1471-5430,Science and Public Policy,Active,1984-2026; 1976-1982; 1974,,Journal,,Social Sciences,Physical Sciences,,,,,,,,,,,,,,,Environmental Science ,,,,,,,,,,Social Sciences ,,,
2286,1075-5470,1075-5470,1552-8545,Science Communication,Active,1979-2026,,Journal,,Social Sciences,,,,,,,,,,,,,,,,,,,,,,,,,,Social Sciences ,,,
2287,0971-7218,0971-7218,0973-0796,"Science, Technology and Society",Active,2006-2026; 1996-2004,,Journal,,,,,General,,,,,,,,,,,,,,,,,,,,,,,,,,
2288,0162-2439,0162-2439,1552-8251,Science Technology and Human Values,Active,1976-2026,,Journal,,Social Sciences,Physical Sciences,,,,Arts and Humanities ,,,,,Computer Science ,,,"Economics, Econometrics and Finance ",,,,,,,,,,,,,Social Sciences ,,,
2289,0138-9130,0138-9130,1588-2861,Scientometrics,Active,1978-2026,,Journal,,Social Sciences,Physical Sciences,,,,,,,,,Computer Science ,,,,,,,,,,,,,,,,Social Sciences ,,,
2290,0036-9292,0036-9292,1467-9485,Scottish Journal of Political Economy,Active,1954-2026,,Journal,,Social Sciences,,,,,,,,,,,,,"Economics, Econometrics and Finance ",,,,,,,,,,,,,Social Sciences ,,,
2291,0967-0106,0967-0106,1460-3640,Security Dialogue,Active,1976-2026; 1970-1972,,Journal,,Social Sciences,,,,,,,,,,,,,,,,,,,,,,,,,,Social Sciences ,,,
2292,0963-6412,0963-6412,1556-1852,Security Studies,Active,1991-2026,,Journal,,Social Sciences,,,,,,,,,,,,,,,,,,,,,,,,,,Social Sciences ,,,
2293,,,,,,,,,,,,,,,,,,,,,,,,,,,,,,,,,,,,,,,
2294,,,,,,,,,,,,,,,,,,,,,,,,,,,,,,,,,,,,,,,
2295,1869-4187,1869-4187,1869-4195,SERIEs,Active,2010-2026,,Journal,,Social Sciences,,,,,,,,,,,,,"Economics, Econometrics and Finance ",,,,,,,,,,,,,,,,
2296,1862-8516,1862-8516,1862-8508,Service Business,Active,2007-2026,,Journal,,Social Sciences,,,,,,,"Business, Management and Accounting ",,,,,,,,,,,,,,,,,,,,,,
2297,0264-2069,0264-2069,1743-9507,Service Industries Journal,Active,1983-2026,,Journal,,Social Sciences,,,,,,,"Business, Management and Accounting ",,,,,,,,,,,,,,,,,,,,,,
2298,2164-3970,2164-3962,2164-3970,Service Science,Active,2014-2026; 2012,,Journal,,Social Sciences,Physical Sciences,,,,,,"Business, Management and Accounting ",,,,Decision Sciences ,,,,,,,,Mathematics ,,,,,,,,,,
2299,1533-2969,1533-2969,1533-2977,Services Marketing Quarterly,Active,2001-2026,,Journal,,Social Sciences,,,,,,,"Business, Management and Accounting ",,,,,,,,,,,,,,,,,,,,,,
2300,0360-0025,0360-0025,1573-2762,Sex Roles,Active,1975-2026,,Journal,,Social Sciences,,,,,,,,,,,,,,,,,,,,,,,,,Psychology ,Social Sciences ,,,
2301,0036-1399,0036-1399,1095-712X,SIAM Journal on Applied Mathematics,Active,1969-2026,,Journal,,,Physical Sciences,,,,,,,,,,,,,,,,,,Mathematics ,,,,,,,,,,
2302,1945-497X,,1945-497X,SIAM Journal on Financial Mathematics,Active,2010-2026,,Journal,,Social Sciences,Physical Sciences,,,,,,,,,,,,"Economics, Econometrics and Finance ",,,,,,Mathematics ,,,,,,,,,,
2303,0218-2009,0218-2009,,Singapore Academy of Law Journal,Active,2019-2026,,Journal,,Social Sciences,,,,,,,,,,,,,,,,,,,,,,,,,,Social Sciences ,,,
2304,0217-5908,0217-5908,1793-6837,Singapore Economic Review,Active,1983-2026,,Journal,,Social Sciences,,,,,,,,,,,,,"Economics, Econometrics and Finance ",,,,,,,,,,,,,,,,
2305,0218-2173,0218-2173,,Singapore Journal of Legal Studies,Active,2023-2025; 2019-2021; 2012-2013,,Journal,,Social Sciences,,,,,,,,,,,,,,,,,,,,,,,,,,Social Sciences ,,,
2306,0921-898X,0921-898X,1573-0913,Small Business Economics,Active,1989-2026,,Journal,,Social Sciences,,,,,,,"Business, Management and Accounting ",,,,,,"Economics, Econometrics and Finance ",,,,,,,,,,,,,,,,
2307,1321-5906,1321-5906,1175-0979,Small Enterprise Research,Active,2010-2026; 1996-2008; 1992-1994,,Journal,,Social Sciences,,,,,,,"Business, Management and Accounting ",,,,,,"Economics, Econometrics and Finance ",,,,,,,,,,,,,Social Sciences ,,,
2308,1046-4964,1046-4964,1552-8278,Small Group Research,Active,1970-2026,,Journal,,Social Sciences,,,,,,,,,,,,,,,,,,,,,,,,,Psychology ,,,,
2309,2046-6099,2046-6099,2046-6102,Smart and Sustainable Built Environment,Active,2012-2026,,Journal,,Social Sciences,Physical Sciences,,,,,,,,,,,,,Energy ,Engineering ,,,,,,,,,,,Social Sciences ,,,
2310,1466-0970,1466-0970,1743-9590,Soccer and Society,Active,2008-2026; 2003,,Journal,,Social Sciences,,,,,,,,,,,,,,,,,,,,,,,,,Psychology ,Social Sciences ,,,
2311,0037-7651,0037-7651,2662-8988,Social and Economic Studies,Active,2008-2024; 1977-1986; 1974,,Journal,,Social Sciences,,,,,,,,,,,,,"Economics, Econometrics and Finance ",,,,,,,,,,,,,Social Sciences ,,,
2312,0969-160X,0969-160X,2156-2245,Social and Environmental Accountability Journal,Active,1993-2026,,Journal,,Social Sciences,,,,,,,"Business, Management and Accounting ",,,,,,,,,,,,,,,,,,,,,,
2313,0176-1714,0176-1714,1432-217X,Social Choice and Welfare,Active,1984-2026,,Journal,,Social Sciences,,,,,,,,,,,,,"Economics, Econometrics and Finance ",,,,,,,,,,,,,Social Sciences ,,,
2314,1750-8614,1750-8614,1750-8533,Social Enterprise Journal,Active,2018-2026; 2016; 2012,,Journal,,Social Sciences,Physical Sciences,,,,,,"Business, Management and Accounting ",,,,,,"Economics, Econometrics and Finance ",,,Environmental Science ,,,,,,,,,,Social Sciences ,,,
2315,0037-7732,0037-7732,1534-7605,Social Forces,Active,1924-2026,,Journal,,Social Sciences,,,,,Arts and Humanities ,,,,,,,,,,,,,,,,,,,,,Social Sciences ,,,
2316,0303-8300,0303-8300,1573-0921,Social Indicators Research,Active,1974-2026,,Journal,,Social Sciences,,,,,Arts and Humanities ,,,,,,,,,,,,,,,,,,,,Psychology ,Social Sciences ,,,
2317,0885-7466,0885-7466,1573-6725,Social Justice Research,Active,1992-2026; 1987-1990,,Journal,,Social Sciences,,,,,,,,,,,,,,,,,,,,,,,,,,Social Sciences ,,,
2318,1524-5004,1524-5004,1539-4093,Social Marketing Quarterly,Active,1994-2026,,Journal,,Social Sciences,,,,,,,"Business, Management and Accounting ",,,,,,"Economics, Econometrics and Finance ",,,,,,,,,,,,,,,,
2319,0144-5596,0144-5596,1467-9515,Social Policy and Administration,Active,1967-2026,,Journal,,Social Sciences,,,,,,,,,,,,,,,,,,,,,,,,,,Social Sciences ,,,
2320,0037-7791,0037-7791,1533-8533,Social Problems,Active,1992-2026; 1988-1990; 1973-1985; 1971; 1962-1963,,Journal,,Social Sciences,,,,,,,,,,,,,,,,,,,,,,,,,,Social Sciences ,,,
2321,1948-5506,1948-5506,1948-5514,Social Psychological and Personality Science,Active,2010-2026,,Journal,,Social Sciences,,,,,,,,,,,,,,,,,,,,,,,,,Psychology ,,,,
2322,1747-1117,1747-1117,1758-857X,Social Responsibility Journal,Active,2005-2026,,Journal,,Social Sciences,,,,,,,"Business, Management and Accounting ",,,,,,,,,,,,,,,,,,,Social Sciences ,,,
2323,0277-9536,0277-9536,1873-5347,Social Science and Medicine,Active,1982-2026; 1967-1980,,Journal,,Social Sciences,,,,,Arts and Humanities ,,,,,,,,,,,,,,,,,,,,,Social Sciences ,,,
2324,0539-0184,0539-0184,1461-7412,Social Science Information,Active,1962-2026,,Journal,,Social Sciences,,,,,,,,,,,,,,,,,,,,,,,,,,Social Sciences ,,,
2325,1369-1465,1369-1465,1468-2680,Social Science Japan Journal,Active,1998-2026,,Journal,,Social Sciences,,,,,,,,,,,,,,,,,,,,,,,,,,Social Sciences ,,,
2326,0038-4941,0038-4941,1540-6237,Social Science Quarterly,Active,1996-2026; 1994; 1989-1992; 1987; 1976-1984; 1974; 1970,,Journal,,Social Sciences,,,,,,,,,,,,,,,,,,,,,,,,,,Social Sciences ,,,
2327,0037-7961,0037-7961,1537-5404,Social Service Review,Active,1996-2026; 1987; 1973-1983,,Journal,,Social Sciences,,,,,,,,,,,,,,,,,,,,,,,,,,Social Sciences ,,,
2328,1746-5680,1746-5680,1746-5699,Society and Business Review,Active,2019-2026,,Journal,,Social Sciences,,,,,,,"Business, Management and Accounting ",,,,,,,,,,,,,,,,,,,,,,
2329,1588-9726,1588-9726,1588-970X,Society and Economy,Active,2007-2025,,Journal,,Social Sciences,,,,,,,"Business, Management and Accounting ",,,,,,"Economics, Econometrics and Finance ",,,,,,,,,,,,,Social Sciences ,,,
2330,0038-0121,0038-0121,,Socio-Economic Planning Sciences,Active,1967-2026,,Journal,,Social Sciences,,,,,,,"Business, Management and Accounting ",,,,Decision Sciences ,,"Economics, Econometrics and Finance ",,,,,,,,,,,,,Social Sciences ,,,
2331,1475-1461,1475-1461,,Socio-Economic Review,Active,2005-2025; 2003,,Journal,,Social Sciences,,,,,,,,,,,,,"Economics, Econometrics and Finance ",,,,,,,,,,,,,Social Sciences ,,,
2332,,,,,,,,,,,,,,,,,,,,,,,,,,,,,,,,,,,,,,,
2333,1475-682X,0038-0245,1475-682X,Sociological Inquiry,Active,1961-2026,,Journal,,Social Sciences,,,,,,,,,,,,,,,,,,,,,,,,,,Social Sciences ,,,
2334,0081-1750,0081-1750,1467-9531,Sociological Methodology,Active,1996-2026; 1993; 1987-1990,,Journal,,Social Sciences,,,,,,,,,,,,,,,,,,,,,,,,,,Social Sciences ,,,
2335,0735-2751,0735-2751,1467-9558,Sociological Theory,Active,1996-2026,,Journal,,Social Sciences,,,,,,,,,,,,,,,,,,,,,,,,,,Social Sciences ,,,
2336,0038-0296,0038-0296,,Sociologie du Travail,Active,1994-2025; 1988; 1980; 1972,,Journal,,Social Sciences,,,,,,,"Business, Management and Accounting ",,,,,,,,,,,,,,,,,,,Social Sciences ,,,
2337,0038-0385,0038-0385,1469-8684,Sociology,Active,1967-2026,,Journal,,Social Sciences,,,,,,,,,,,,,,,,,,,,,,,,,,Social Sciences ,,,
2338,0741-1235,0741-1235,1543-2785,Sociology of Sport Journal,Active,1995-2026; 1991; 1989; 1986; 1984,,Journal,,Social Sciences,,Health Sciences,,,,,,,,,,,,,,,,,,Medicine ,,,,,,Social Sciences ,,,Health Professions 
2339,1029-1954,1029-1954,2376-3981,South African Journal of Accounting Research,Active,2018-2026,,Journal,,Social Sciences,,,,,,,"Business, Management and Accounting ",,,,,,,,,,,,,,,,,,,,,,
2340,2078-5585,2078-5585,2078-5976,South African Journal of Business Management,Active,2008-2026; 1985,,Journal,,Social Sciences,,,,,,,"Business, Management and Accounting ",,,,,,,,,,,,,,,,,,,,,,
2341,1015-8812,1015-8812,2222-3436,South African Journal of Economic and Management Sciences,Active,1998-2026,,Journal,,Social Sciences,,,,,,,"Business, Management and Accounting ",,,,,,"Economics, Econometrics and Finance ",,,,,,,,,,,,,,,,
2342,0038-2280,0038-2280,1813-6982,South African Journal of Economics,Active,1933-2026,,Journal,,Social Sciences,,,,,,,,,,,,,"Economics, Econometrics and Finance ",,,,,,,,,,,,,,,,
2343,0038-271X,0038-271X,1996-8450,South African Statistical Journal,Active,1996-2025,,Journal,,Social Sciences,Physical Sciences,,,,,,,,,,Decision Sciences ,,,,,,,,Mathematics ,,,,,,,,,,
2344,1391-5614,1391-5614,0973-077X,South Asia Economic Journal,Active,2000-2026,,Journal,,Social Sciences,,,,,,,,,,,,,"Economics, Econometrics and Finance ",,,,,,,,,,,,,,,,
2345,2277-9779,2277-9779,2321-0303,South Asian Journal of Business and Management Cases,Active,2015-2026; 2012,,Journal,,Social Sciences,,,,,,,"Business, Management and Accounting ",,,,,,,,,,,,,,,,,,,,,,
2346,2398-628X,2398-628X,2398-6298,South Asian Journal of Business Studies,Active,2017-2026,,Journal,,Social Sciences,,,,,,,"Business, Management and Accounting ",,,,,,"Economics, Econometrics and Finance ",,,,,,,,,,,,,Social Sciences ,,,
2347,2322-0937,2322-0937,2349-5790,South Asian Journal of Human Resources Management,Active,2014-2026,,Journal,,Social Sciences,,,,,,,"Business, Management and Accounting ",,,,,,,,,,,,,,,,,,,,,,
2348,2277-9787,2277-9787,2321-0273,South Asian Journal of Macroeconomics and Public Finance,Active,2012-2026,,Journal,,Social Sciences,,,,,,,,,,,,,"Economics, Econometrics and Finance ",,,,,,,,,,,,,,,,
2349,,,,,,,,,,,,,,,,,,,,,,,,,,,,,,,,,,,,,,,
2350,,,,,,,,,,,,,,,,,,,,,,,,,,,,,,,,,,,,,,,
2351,,,,,,,,,,,,,,,,,,,,,,,,,,,,,,,,,,,,,,,
2352,0038-4038,0038-4038,,Southern Economic Journal,Active,1975-2026,,Journal,,Social Sciences,,,,,,,,,,,,,"Economics, Econometrics and Finance ",,,,,,,,,,,,,,,,
2353,1138-4891,1138-4891,1988-4672,Revista de Contabilidad-Spanish Accounting Review,Active,2009-2025,,Journal,,Social Sciences,,,,,,,"Business, Management and Accounting ",,,,,,,,,,,,,,,,,,,,,,
2354,1435-5469,1435-5469,1435-5477,Spanish Economic Review,Inactive,1999-2009,,Journal,,Social Sciences,,,,,,,,,,,,,"Economics, Econometrics and Finance ",,,,,,,,,,,,,,,,
2355,0210-2412,0210-2412,2332-0753,Revista Espanola de Financiacion y Contabilidad,Active,1996-2026,,Journal,,Social Sciences,,,,,,,"Business, Management and Accounting ",,,,,,"Economics, Econometrics and Finance ",,,,,,,,,,,,,,,,
2356,2444-9709,2444-9695,2444-9709,Spanish Journal of Marketing - ESIC,Active,2016-2026,,Journal,,Social Sciences,,,,,,,"Business, Management and Accounting ",,,,,,,,,,,,,,,,,,,,,,
2357,2173-1268,2173-1268,,Spanish Review of Financial Economics,Inactive,2011-2017,,Journal,,Social Sciences,,,,,,,,,,,,,"Economics, Econometrics and Finance ",,,,,,,,,,,,,,,,
2358,1742-1772,1742-1772,1742-1780,Spatial Economic Analysis,Active,2006-2026,,Journal,,Social Sciences,Physical Sciences,,,,,,,,,,Decision Sciences ,Earth and Planetary Sciences ,"Economics, Econometrics and Finance ",,,,,,,,,,,,,Social Sciences ,,,
2359,1743-0437,1743-0437,1743-0445,Sport in Society,Active,2005-2026,,Journal,,Social Sciences,,,,,,,,,,,,,,,,,,,,,,,,,,Social Sciences ,,,
2360,1938-6974,1938-6974,2163-2367,Sport Management Education Journal,Active,2013-2026; 2009-2011,,Journal,,Social Sciences,,,,,,,"Business, Management and Accounting ",,,,,,,,,,,,,,,,,,,Social Sciences ,,,
2361,1441-3523,1441-3523,,Sport Management Review,Active,1998-2026,,Journal,,Social Sciences,,,,,,,"Business, Management and Accounting ",,,,Decision Sciences ,,,,,,,,,,,,,,,,,,
2362,1061-6934,1061-6934,1557-2528,Sport Marketing Quarterly,Active,2020-2026; 2017-2018; 2012; 2004-2005; 1999-2002; 1996; 1993-1994,,Journal,,Social Sciences,,,,,,,"Business, Management and Accounting ",,,,,,,,,,,,,,,,,,,,,,
2363,0888-4781,0888-4781,1543-2793,Sport Psychologist,Active,1996-2026; 1991-1992; 1989,,Journal,,Social Sciences,,,,,,,,,,,,,,,,,,,,,,,,,Psychology ,,,,
2364,2042-678X,2042-678X,2042-6798,"Sport, Business and Management: An International Journal",Active,2011-2026,,Journal,,Social Sciences,,,,,,,"Business, Management and Accounting ",,,,,,,,,,,,,,,,,,,,,,
2365,1357-3322,1357-3322,1470-1243,"Sport, Education and Society",Active,1996-2026,,Journal,,Social Sciences,,Health Sciences,,,,,,,,,,,,,,,,,,Medicine ,,,,,,Social Sciences ,,,Health Professions 
2366,0813-2577,0813-2577,,Sporting Traditions,Active,2019-2025,,Journal,,Social Sciences,,,,,Arts and Humanities ,,,,,,,,,,,,,,,,,,,,,Social Sciences ,,,
2367,,,,,,,,,,,,,,,,,,,,,,,,,,,,,,,,,,,,,,,
2368,,,,,,,,,,,,,,,,,,,,,,,,,,,,,,,,,,,,,,,
2369,0731-5082,0731-5082,,Stanford Journal of International Law,Inactive,2019; 1996-2017; 1989,,Journal,,Social Sciences,,,,,,,,,,,,,,,,,,,,,,,,,,Social Sciences ,,,
2370,,,,,,,,,,,,,,,,,,,,,,,,,,,,,,,,,,,,,,,
2371,,,,,,,,,,,,,,,,,,,,,,,,,,,,,,,,,,,,,,,
2372,0039-0402,0039-0402,1467-9574,Statistica Neerlandica,Active,1948-2026; 1946,,Journal,,Social Sciences,Physical Sciences,,,,,,,,,,Decision Sciences ,,,,,,,,Mathematics ,,,,,,,,,,
2373,1017-0405,1017-0405,,Statistica Sinica,Active,1996-2024,,Journal,,Social Sciences,Physical Sciences,,,,,,,,,,Decision Sciences ,,,,,,,,Mathematics ,,,,,,,,,,
2374,1387-0874,1387-0874,1572-9311,Statistical Inference for Stochastic Processes,Active,2005-2025; 2001,,Journal,,,Physical Sciences,,,,,,,,,,,,,,,,,,Mathematics ,,,,,,,,,,
2375,1874-7655,1874-7655,,Statistical Journal of the IAOS,Active,2011-2026; 2007-2009,,Journal,,Social Sciences,,,,,,,"Business, Management and Accounting ",,,,Decision Sciences ,,"Economics, Econometrics and Finance ",,,,,,,,,,,,,,,,
2376,1572-3127,1572-3127,,Statistical Methodology,Inactive,2004-2016,,Journal,,,Physical Sciences,,,,,,,,,,,,,,,,,,Mathematics ,,,,,,,,,,
2377,1618-2510,1618-2510,1613-981X,Statistical Methods and Applications,Active,2000-2026; 1996-1997,,Journal,,Social Sciences,Physical Sciences,,,,,,,,,,Decision Sciences ,,,,,,,,Mathematics ,,,,,,,,,,
2378,0962-2802,0962-2802,1477-0334,Statistical Methods in Medical Research,Active,1992-2026,,Journal,,,Physical Sciences,Health Sciences,,,,,,,,,,,,,,,,,Mathematics ,Medicine ,,,,,,,,,Health Professions 
2379,1471-082X,1471-082X,,Statistical Modelling,Active,2001-2026,,Journal,,Social Sciences,Physical Sciences,,,,,,,,,,Decision Sciences ,,,,,,,,Mathematics ,,,,,,,,,,
2380,0932-5026,0932-5026,1613-9798,Statistical Papers,Active,1988-2026; 1983,,Journal,,Social Sciences,Physical Sciences,,,,,,,,,,Decision Sciences ,,,,,,,,Mathematics ,,,,,,,,,,
2381,0883-4237,0883-4237,2168-8745,Statistical Science,Active,1986-2026,,Journal,,Social Sciences,Physical Sciences,,,,,,,,,,Decision Sciences ,,,,,,,,Mathematics ,,,,,,,,,,
2382,0233-1888,0233-1888,1029-4910,Statistics,Active,1985-2026,,Journal,,Social Sciences,Physical Sciences,,,,,,,,,,Decision Sciences ,,,,,,,,Mathematics ,,,,,,,,,,
2383,0167-7152,0167-7152,,Statistics and Probability Letters,Active,1982-2026,,Journal,,Social Sciences,Physical Sciences,,,,,,,,,,Decision Sciences ,,,,,,,,Mathematics ,,,,,,,,,,
2384,2196-7040,2193-1402,2196-7040,Statistics and Risk Modeling,Active,2011-2026; 1982-2002,,Journal,,Social Sciences,Physical Sciences,,,,,,,,,,Decision Sciences ,,,,,,,,Mathematics ,,,,,,,,,,
2385,0960-3174,0960-3174,1573-1375,Statistics and Computing,Active,1991-2026,,Journal,,Social Sciences,Physical Sciences,,,,,,,,,Computer Science ,Decision Sciences ,,,,,,,,Mathematics ,,,,,,,,,,
2386,1570-1824,,1570-1824,Statistics Education Research Journal,Active,2011-2025,,Journal,,Social Sciences,Physical Sciences,,,,,,,,,,,,,,,,,,Mathematics ,,,,,,,Social Sciences ,,,
2387,0277-6715,0277-6715,1097-0258,Statistics in Medicine,Active,1982-2026,,Journal,,,Physical Sciences,Health Sciences,,,,,,,,,,,,,,,,,Mathematics ,Medicine ,,,,,,,,,
2388,0144-3593,0144-3593,1464-3863,Statute Law Review,Active,1980-2026,,Journal,,Social Sciences,,,,,,,,,,,,,,,,,,,,,,,,,,Social Sciences ,,,
2389,0736-2994,0736-2994,1532-9356,Stochastic Analysis and Applications,Active,1983-2026,,Journal,,Social Sciences,Physical Sciences,,,,,,,,,,Decision Sciences ,,,,,,,,Mathematics ,,,,,,,,,,
2390,1436-3240,1436-3240,1436-3259,Stochastic Environmental Research and Risk Assessment,Active,1999-2026; 1996,,Journal,,,Physical Sciences,,,,,,,,,,,,,,Engineering ,Environmental Science ,,,Mathematics ,,,,,,,,,,
2391,1532-6349,1532-6349,1532-4214,Stochastic Models,Active,2002-2026,,Journal,,,Physical Sciences,,,,,,,,,,,,,,,,,,Mathematics ,,,,,,,,,,
2392,0304-4149,0304-4149,,Stochastic Processes and their Applications,Active,1973-2026,,Journal,,,Physical Sciences,,,,,,,,,,,,,,,,,,Mathematics ,,,,,,,,,,
2393,1744-2508,1744-2508,1744-2516,Stochastics,Active,2007-2026; 1979-1984; 1975,,Journal,,,Physical Sciences,,,,,,,,,,,,,,,,,,Mathematics ,,,,,,,,,,
2394,1099-1697,1086-1718,1099-1697,Strategic Change,Active,1992-2026,,Journal,,Social Sciences,,,,,,,"Business, Management and Accounting ",,,,,,"Economics, Econometrics and Finance ",,,,,,,,,,,,,,,,
2395,1932-4391,1932-4391,1932-443X,Strategic Entrepreneurship Journal,Active,2010-2026; 2007-2008,,Journal,,Social Sciences,,,,,,,"Business, Management and Accounting ",,,,,,"Economics, Econometrics and Finance ",,,,,,,,,,,,,,,,
2396,0143-2095,0143-2095,1097-0266,Strategic Management Journal,Active,1980-2026,,Journal,,Social Sciences,,,,,,,"Business, Management and Accounting ",,,,,,,,,,,,,,,,,,,,,,
2397,1476-1270,1476-1270,1741-315X,Strategic Organization,Active,2003-2026,,Journal,,Social Sciences,,,,,,,"Business, Management and Accounting ",,,,,,,,,,,,,,,,,,,Social Sciences ,,,
2398,1087-8572,1087-8572,1758-9568,Strategy and Leadership,Active,1996-2026,,Journal,,Social Sciences,,,,,,,"Business, Management and Accounting ",,,,,,,,,,,,,,,,,,,,,,
2399,2333-2050,2333-2050,2333-2077,Strategy Science,Active,2016-2026,,Journal,,Social Sciences,,,,,,,"Business, Management and Accounting ",,,,Decision Sciences ,,,,,,,,,,,,,,,,,,
2400,1532-3005,1532-2998,1532-3005,Stress and Health,Active,2001-2026,,Journal,,Social Sciences,,Health Sciences,,,,,,,,,,,,,,,,,,Medicine ,,,,,Psychology ,,,,
2401,0954-349X,0954-349X,,Structural Change and Economic Dynamics,Active,1990-2026,,Journal,,Social Sciences,,,,,,,,,,,,,"Economics, Econometrics and Finance ",,,,,,,,,,,,,,,,
2402,1070-5511,1070-5511,1532-8007,Structural Equation Modeling,Active,1994-2026,,Journal,,Social Sciences,Physical Sciences,,,,,,,,,,Decision Sciences ,,"Economics, Econometrics and Finance ",,,,,,Mathematics ,,,,,,,Social Sciences ,,,
2403,,,,,,,,,,,,,,,,,,,,,,,,,,,,,,,,,,,,,,,
2404,1418-2106,1418-2106,2063-0476,Studies in Agricultural Economics,Active,2011-2026,,Journal,Life Sciences,Social Sciences,,,,Agricultural and Biological Sciences ,,,,,,,,,"Economics, Econometrics and Finance ",,,,,,,,,,,,,Social Sciences ,,,
2405,1842-4120,1842-4120,2344-5416,Studies in Business and Economics,Active,2018-2025,,Journal,,Social Sciences,,,,,,,"Business, Management and Accounting ",,,,,,"Economics, Econometrics and Finance ",,,,,,,,,,,,Psychology ,,,,
2406,0039-3606,0039-3606,1936-6167,Studies in Comparative International Development,Active,1972-2026; 1965-1970,,Journal,,Social Sciences,,,,,,,,,,,,,,,,,,,,,,,,,,Social Sciences ,,,
2407,1086-7376,1086-7376,1755-6791,Studies in Economics and Finance,Active,2006-2026; 2002-2004; 1993-1998; 1989-1991; 1977-1987,,Journal,,Social Sciences,,,,,,,,,,,,,"Economics, Econometrics and Finance ",,,,,,,,,,,,,,,,
2408,0307-5079,0307-5079,1470-174X,Studies in Higher Education,Active,1976-2026,,Journal,,Social Sciences,,,,,,,,,,,,,,,,,,,,,,,,,,Social Sciences ,,,
2409,2321-0222,2321-0222,2321-8398,Studies in Microeconomics,Active,2013-2026,,Journal,,Social Sciences,,,,,,,,,,,,,"Economics, Econometrics and Finance ",,,,,,,,,,,,,,,,
2410,1081-1826,1081-1826,1558-3708,Studies in Nonlinear Dynamics and Econometrics,Active,2002-2026,,Journal,,Social Sciences,Physical Sciences,,,,,,,,,,,,"Economics, Econometrics and Finance ",,,,,,Mathematics ,,,,,,,Social Sciences ,,,
2411,0707-8552,0707-8552,1918-7033,Studies in Political Economy,Active,2004-2025,,Journal,,Social Sciences,,,,,,,,,,,,,"Economics, Econometrics and Finance ",,,,,,,,,,,,,Social Sciences ,,,
2412,0039-4696,0039-4696,,Suffolk University law review,Inactive,2003; 1997; 1990-1994; 1988; 1983-1984; 1973-1981,,Journal,,,,Health Sciences,,,,,,,,,,,,,,,,,,Medicine ,,,,,,,,,
2413,1625-8312,1625-8312,1624-6039,Supply Chain Forum,Active,2013-2026; 2001-2003,,Journal,,Social Sciences,,,,,,,"Business, Management and Accounting ",,,,Decision Sciences ,,,,,,,,,,,,,,,,,,
2414,,,,,,,,,,,,,,,,,,,,,,,,,,,,,,,,,,,,,,,
2415,1359-8546,1359-8546,1758-6852,Supply Chain Management,Active,1996-2026,,Journal,,Social Sciences,,,,,,,"Business, Management and Accounting ",,,,,,,,,,,,,,,,,,,,,,
2416,0039-6338,0039-6338,1468-2699,Survival,Active,1959-2026,,Journal,,Social Sciences,,,,,,,,,,,,,,,,,,,,,,,,,,Social Sciences ,,,
2417,2040-8021,2040-8021,2040-803X,"Sustainability Accounting, Management and Policy Journal",Active,2010-2026,,Journal,,Social Sciences,Physical Sciences,,,,,,"Business, Management and Accounting ",,,,,,,Energy ,,,,,,,,,,,,,,,
2418,1099-1719,0968-0802,1099-1719,Sustainable Development,Active,1993-2026,,Journal,,Social Sciences,Physical Sciences,,,,,,,,,,,,,Energy ,,,,,,,,,,,,Social Sciences ,,,
2419,2666-1888,2666-1888,,Sustainable Futures,Active,2019-2026,,Journal,,Social Sciences,,,,,,,"Business, Management and Accounting ",,,,Decision Sciences ,,,,,,,,,,,,,,,Social Sciences ,,,
2420,1400-1829,1400-1829,,Swedish Economic Policy Review,Inactive,2006-2008,,Journal,,Social Sciences,,,,,,,,,,,,,"Economics, Econometrics and Finance ",,,,,,,,,,,,,,,,
2421,,,,,,,,,,,,,,,,,,,,,,,,,,,,,,,,,,,,,,,
2422,1099-1727,0883-7066,1099-1727,System Dynamics Review,Active,1985-2026,,Journal,,Social Sciences,Physical Sciences,,,,,,"Business, Management and Accounting ",,,,,,,,,,,,Mathematics ,,,,,,,Social Sciences ,,,
2423,1094-429X,1094-429X,1573-9295,Systemic Practice and Action Research,Active,1998-2026; 1996,,Journal,,Social Sciences,,,,,,,"Business, Management and Accounting ",,,,,,,,,,,,,,,,,,,,,,
2424,1092-7026,1092-7026,1099-1743,Systems Research and Behavioral Science,Active,1996-2026; 1985-1988; 1980-1982; 1975-1977; 1973; 1969; 1966-1967; 1964,,Journal,,Social Sciences,,,,,,,"Business, Management and Accounting ",,,,Decision Sciences ,,,,,,,,,,,,,,,Social Sciences ,,,
2425,1588-9734,1588-9734,1589-021X,Tarsadalom as Gazdasag,Inactive,2007-2008,,Journal,,Social Sciences,,,,,,,"Business, Management and Accounting ",,,,,,"Economics, Econometrics and Finance ",,,,,,,,,,,,,Social Sciences ,,,
2426,,,,,,,,,,,,,,,,,,,,,,,,,,,,,,,,,,,,,,,
2427,,,,,,,,,,,,,,,,,,,,,,,,,,,,,,,,,,,,,,,
2428,,,,,,,,,,,,,,,,,,,,,,,,,,,,,,,,,,,,,,,
2429,,,,,,,,,,,,,,,,,,,,,,,,,,,,,,,,,,,,,,,
2430,,,,,,,,,,,,,,,,,,,,,,,,,,,,,,,,,,,,,,,
2431,,,,,,,,,,,,,,,,,,,,,,,,,,,,,,,,,,,,,,,
2432,1352-7592,1352-7592,1758-6860,Team Performance Management,Inactive,1995-2025,,Journal,,Social Sciences,,,,,,,"Business, Management and Accounting ",,,,,,,,,,,,,,,,,,,,,,
2433,0040-1625,0040-1625,,Technological Forecasting and Social Change,Active,1970-2026,,Journal,,Social Sciences,,,,,,,"Business, Management and Accounting ",,,,,,,,,,,,,,,,,,Psychology ,,,,
2434,2754-1312,2754-1312,2754-1320,Technological Sustainability,Active,2022-2026,,Journal,,Social Sciences,,,,,,,"Business, Management and Accounting ",,,,,,,,,,,,,,,,,,,,,,
2435,0953-7325,0953-7325,1465-3990,Technology Analysis and Strategic Management,Active,1989-2026,,Journal,,Social Sciences,,,,,,,"Business, Management and Accounting ",,,,Decision Sciences ,,,,,,,,,,,,,,,,,,
2436,0160-791X,0160-791X,,Technology in Society,Active,1979-2026,,Journal,,Social Sciences,,,,,,,"Business, Management and Accounting ",,,,,,,,,,,,,,,,,,,Social Sciences ,,,
2437,0040-1706,0040-1706,1537-2723,Technometrics,Active,1959-2026,,Journal,,,Physical Sciences,,,,,,,,,,,,,,,,,,Mathematics ,,,,,,,,,,
2438,0166-4972,0166-4972,,Technovation,Active,1981-2026,,Journal,,Social Sciences,Physical Sciences,,,,,,"Business, Management and Accounting ",,,,,,,,Engineering ,,,,,,,,,,,,,,
2439,0736-5853,0736-5853,,Telematics and Informatics,Active,1984-2026,,Journal,,Social Sciences,Physical Sciences,,,,,,,,,Computer Science ,,,,,Engineering ,,,,,,,,,,,Social Sciences ,,,
2440,,,,,,,,,,,,,,,,,,,,,,,,,,,,,,,,,,,,,,,
2441,,,,,,,,,,,,,,,,,,,,,,,,,,,,,,,,,,,,,,,
2442,0001-4826,0001-4826,1558-7967,Accounting Review,Active,1996-2026,,Journal,,Social Sciences,,,,,,,"Business, Management and Accounting ",,,,,,"Economics, Econometrics and Finance ",,,,,,,,,,,,,,,,
2443,,,,,,,,,,,,,,,,,,,,,,,,,,,,,,,,,,,,,,,
2444,0002-8282,0002-8282,1944-7981,American Economic Review,Active,1978-2026; 1973-1975,,Journal,,Social Sciences,,,,,,,,,,,,,"Economics, Econometrics and Finance ",,,,,,,,,,,,,,,,
2445,0003-1232,0003-1232,1936-4784,American Sociologist,Active,2004-2026; 2002; 1987-1997; 1981; 1978-1979; 1973-1975,,Journal,,Social Sciences,,,,,,,,,,,,,,,,,,,,,,,,,,Social Sciences ,,,
2446,0003-1305,0003-1305,1537-2731,American Statistician,Active,1947-2026,,Journal,,Social Sciences,Physical Sciences,,,,,,,,,,Decision Sciences ,,,,,,,,Mathematics ,,,,,,,,,,
2447,0570-1864,0570-1864,1432-0592,Annals of Regional Science,Active,1967-2026,,Journal,,Social Sciences,Physical Sciences,,,,,,,,,,,,,,,Environmental Science ,,,,,,,,,,Social Sciences ,,,
2448,0004-9018,0004-9018,1467-8462,Australian Economic Review,Active,1968-2026,,Journal,,Social Sciences,,,,,,,,,,,,,"Economics, Econometrics and Finance ",,,,,,,,,,,,,,,,
2449,1364-985X,1364-985X,1467-8489,Australian Journal of Agricultural and Resource Economics,Active,1996-2026,,Journal,Life Sciences,Social Sciences,,,,Agricultural and Biological Sciences ,,,,,,,,,"Economics, Econometrics and Finance ",,,,,,,,,,,,,,,,
2450,1822-427X,1822-427X,1822-4288,Baltic Journal of Road and Bridge Engineering,Active,2008-2025,,Journal,,,Physical Sciences,,,,,,,,,,,,,,Engineering ,,,,,,,,,,,,,,
2451,1935-1682,,1935-1682,B.E. Journal of Economic Analysis and Policy,Active,2005-2026; 2001,,Journal,,Social Sciences,,,,,,,,,,,,,"Economics, Econometrics and Finance ",,,,,,,,,,,,,,,,
2452,1935-1690,,1935-1690,B.E. Journal of Macroeconomics,Active,2007-2026; 2001,,Journal,,Social Sciences,,,,,,,,,,,,,"Economics, Econometrics and Finance ",,,,,,,,,,,,,,,,
2453,1935-1704,2194-6124,1935-1704,B.E. Journal of Theoretical Economics,Active,2007-2026; 2001-2003,,Journal,,Social Sciences,,,,,,,,,,,,,"Economics, Econometrics and Finance ",,,,,,,,,,,,,,,,
2454,0888-045X,0888-045X,2054-1724,Bottom Line,Active,1988-2026,,Journal,,Social Sciences,,,,,,,"Business, Management and Accounting ",,,,,,,,,,,,,,,,,,,Social Sciences ,,,
2455,,,,,,,,,,,,,,,,,,,,,,,,,,,,,,,,,,,,,,,
2456,0007-6899,0007-6899,,Business Lawyer,Active,2014-2026; 1995-2012; 1979,,Journal,,Social Sciences,,,,,,,"Business, Management and Accounting ",,,,,,,,,,,,,,,,,,,Social Sciences ,,,
2457,1544-9106,,1544-9106,CASE Journal,Active,2017-2026; 2012; 2009; 2004-2006,,Journal,,Social Sciences,,,,,,,"Business, Management and Accounting ",,,,,,,,,,,,,,,,,,,Social Sciences ,,,
2458,0305-7410,0305-7410,1468-2648,China Quarterly,Active,1960-2026,,Journal,,Social Sciences,,,,,,,,,,,,,,,,,,,,,,,,,,Social Sciences ,,,
2459,1680-2012,1680-2012,,China Review,Active,2005-2026,,Journal,,Social Sciences,,,,,,,,,,,,,,,,,,,,,,,,,,Social Sciences ,,,
2460,1097-1475,1097-1475,1558-0954,Chinese Economy,Active,2008-2026,,Journal,,Social Sciences,,,,,,,,,,,,,"Economics, Econometrics and Finance ",,,,,,,,,,,,,,,,
2461,,,,,,,,,,,,,,,,,,,,,,,,,,,,,,,,,,,,,,,
2462,1035-3046,1035-3046,1838-2673,Economic and Labour Relations Review,Active,1990-2026,,Journal,,Social Sciences,,,,,,,"Business, Management and Accounting ",,,,,,"Economics, Econometrics and Finance ",,,,,,,,,,,,,,,,
2463,0013-0117,0013-0117,1468-0289,Economic History Review,Active,1927-2026,,Journal,,Social Sciences,,,,,Arts and Humanities ,,,,,,,,"Economics, Econometrics and Finance ",,,,,,,,,,,,,,,,
2464,0013-0133,0013-0133,1468-0297,Economic Journal,Active,1988-2026; 1979-1986; 1976; 1973; 1970; 1963; 1961,,Journal,,Social Sciences,,,,,,,,,,,,,"Economics, Econometrics and Finance ",,,,,,,,,,,,,,,,
2465,0013-0249,0013-0249,1475-4932,Economic Record,Active,1934-2026; 1925-1932,,Journal,,Social Sciences,,,,,,,,,,,,,"Economics, Econometrics and Finance ",,,,,,,,,,,,,,,,
2466,1935-7524,,1935-7524,Electronic Journal of Statistics,Active,2007-2026,,Journal,,Social Sciences,Physical Sciences,,,,,,,,,,Decision Sciences ,,,,,,,,Mathematics ,,,,,,,,,,
2467,0963-8180,0963-8180,1468-4497,European Accounting Review,Active,1992-2026,,Journal,,Social Sciences,Physical Sciences,,,,,,"Business, Management and Accounting ",,,,,,"Economics, Econometrics and Finance ",,Engineering ,,,,,,,,,,,,,,
2468,1351-847X,1351-847X,1466-4364,European Journal of Finance,Active,2000-2026; 1995-1998,,Journal,,Social Sciences,,,,,,,,,,,,,"Economics, Econometrics and Finance ",,,,,,,,,,,,,,,,
2469,1066-3487,1066-3487,2476-1699,Florida Tax Review,Active,2018-2025,,Journal,,Social Sciences,,,,,,,"Business, Management and Accounting ",,,,,,"Economics, Econometrics and Finance ",,,,,,,,,,,,,Social Sciences ,,,
2470,1018-5895,1018-5895,1468-0440,Geneva Papers on Risk and Insurance: Issues and Practice,Active,1999-2026; 1994,,Journal,,Social Sciences,,,,,,,"Business, Management and Accounting ",,,,,,"Economics, Econometrics and Finance ",,,,,,,,,,,,,,,,
2471,1554-964X,1554-964X,1554-9658,GENEVA Risk and Insurance Review,Active,2005-2026; 2002; 1975-1979,,Journal,,Social Sciences,,,,,,,"Business, Management and Accounting ",,,,,,"Economics, Econometrics and Finance ",,,,,,,,,,,,,,,,
2472,1086-1653,1086-1653,,Independent Review,Inactive,1996-2018,,Journal,,Social Sciences,Physical Sciences,,,,,,,,,,,Earth and Planetary Sciences ,,,,,,,,,,,,,,Social Sciences ,,,
2473,,,,,,,,,,,,,,,,,,,,,,,,,,,,,,,,,,,,,,,
2474,0197-2243,0197-2243,1087-6537,Information Society,Active,1992-2026; 1981-1990,,Journal,,Social Sciences,Physical Sciences,,,,,,"Business, Management and Accounting ",,,Computer Science ,,,,,,,,,,,,,,,,Social Sciences ,,,
2475,1094-4060,1094-4060,2213-3933,International Journal of Accounting,Active,1996-2026,,Journal,,Social Sciences,,,,,,,"Business, Management and Accounting ",,,,,,"Economics, Econometrics and Finance ",,,,,,,,,,,,,,,,
2476,0952-617X,0952-617X,1875-838X,International Journal of Comparative Labour Law and Industrial Relations,Active,2017-2026,,Journal,,Social Sciences,,,,,,,"Business, Management and Accounting ",,,,,,,,,,,,,,,,,,,Social Sciences ,,,
2477,1577-8517,1577-8517,2340-5058,International Journal of Digital Accounting Research,Active,2010-2026,,Journal,,Social Sciences,,,,,,,"Business, Management and Accounting ",,,,Decision Sciences ,,"Economics, Econometrics and Finance ",,,,,,,,,,,,,,,,
2478,1832-2077,1832-2077,,"International Journal of Environmental, Cultural, Economic and Social Sustainability",Inactive,2022; 2011-2020,,Book Series,,Social Sciences,Physical Sciences,,,,,,,,,,,,,Energy ,,Environmental Science ,,,,,,,,,,Social Sciences ,,,
2479,0957-4093,0957-4093,1758-6550,International Journal of Logistics Management,Active,1990-2026,,Journal,,Social Sciences,,,,,,,"Business, Management and Accounting ",,,,,,,,,,,,,,,,,,,Social Sciences ,,,
2480,1472-8117,1472-8117,,International Journal of Management Education,Active,2012-2026; 1970,,Journal,,Social Sciences,,,,,,,"Business, Management and Accounting ",,,,,,,,,,,,,,,,,,,Social Sciences ,,,
2481,,,,,,,,,,,,,,,,,,,,,,,,,,,,,,,,,,,,,,,
2482,,,,,,,,,,,,,,,,,,,,,,,,,,,,,,,,,,,,,,,
2483,,,,,,,,,,,,,,,,,,,,,,,,,,,,,,,,,,,,,,,
2484,,,,,,,,,,,,,,,,,,,,,,,,,,,,,,,,,,,,,,,
2485,,,,,,,,,,,,,,,,,,,,,,,,,,,,,,,,,,,,,,,
2486,,,,,,,,,,,,,,,,,,,,,,,,,,,,,,,,,,,,,,,
2487,2329-194X,2329-194X,2329-1958,Japanese Political Economy,Active,2014-2026; 2002-2012; 1997-2000,,Journal,,Social Sciences,,,,,,,,,,,,,"Economics, Econometrics and Finance ",,,,,,,,,,,,,Social Sciences ,,,
2488,1520-3255,1520-3255,,Journal of Alternative Investments,Active,2007-2026; 2004-2005,,Journal,,Social Sciences,,,,,,,,,,,,,"Economics, Econometrics and Finance ",,,,,,,,,,,,,,,,
2489,0021-8863,0021-8863,1552-6879,Journal of Applied Behavioral Science,Active,1965-2026,,Journal,,Social Sciences,,,,,,,,,,,,,,,,,,,,,,,,,Psychology ,,,,
2490,1470-8272,1470-8272,1479-179X,Journal of Asset Management,Active,2009-2026,,Journal,,Social Sciences,,,,,,,"Business, Management and Accounting ",,,,Decision Sciences ,,,,,,,,,,,,,,,,,,
2491,1074-1240,1074-1240,,Journal of Derivatives,Active,1995-2025,,Journal,,Social Sciences,,,,,,,,,,,,,"Economics, Econometrics and Finance ",,,,,,,,,,,,,,,,
2492,1943-9342,1943-9342,1943-9407,Journal of Development Effectiveness,Active,2009-2026,,Journal,,Social Sciences,,,,,,,,,,,,,,,,,,,,,,,,,,Social Sciences ,,,
2493,,,,,,,,,,,,,,,,,,,,,,,,,,,,,,,,,,,,,,,
2494,1703-4949,1703-4949,,Journal of Economic Asymmetries,Active,2013-2026,,Journal,,Social Sciences,,,,,,,,,,,,,"Economics, Econometrics and Finance ",,,,,,,,,,,,,,,,
2495,0022-0485,0022-0485,2152-4068,Journal of Economic Education,Active,1969-2026,,Journal,,Social Sciences,,,,,,,,,,,,,"Economics, Econometrics and Finance ",,,,,,,,,,,,,Social Sciences ,,,
2496,0022-0507,0022-0507,1471-6372,Journal of Economic History,Active,1941-2026,,Journal,,Social Sciences,,,,,Arts and Humanities ,,,,,,,,"Economics, Econometrics and Finance ",,,,,,,,,,,,,,,,
2497,1569-1721,1569-1721,1573-8701,Journal of Economic Inequality,Active,2003-2026,,Journal,,Social Sciences,,,,,,,"Business, Management and Accounting ",,,,,,"Economics, Econometrics and Finance ",,,,,,,,,,,,,Social Sciences ,,,
2498,0022-1082,0022-1082,1540-6261,Journal of Finance,Active,1946-2026,,Journal,,Social Sciences,,,,,,,"Business, Management and Accounting ",,,,,,"Economics, Econometrics and Finance ",,,,,,,,,,,,,,,,
2499,2405-9188,,2405-9188,Journal of Finance and Data Science,Active,2015-2026,,Journal,,Social Sciences,Physical Sciences,,,,,,"Business, Management and Accounting ",,,Computer Science ,,,"Economics, Econometrics and Finance ",,,,,,Mathematics ,,,,,,,,,,
2500,1059-8596,1059-8596,,Journal of Fixed Income,Active,2008-2026; 2000-2002,,Journal,,Social Sciences,,,,,,,,,,,,,"Economics, Econometrics and Finance ",,,,,,,,,,,,,,,,
2501,0270-7314,0270-7314,1096-9934,Journal of Futures Markets,Active,1981-2026,,Journal,,Social Sciences,,,,,,,"Business, Management and Accounting ",,,,,,"Economics, Econometrics and Finance ",,,,,,,,,,,,,,,,
2502,,,,,,,,,,,,,,,,,,,,,,,,,,,,,,,,,,,,,,,
2503,2164-9987,,2164-9987,Journal of Hospitality and Tourism Cases,Active,2013-2026; 2011,,Journal,,Social Sciences,,,,,,,"Business, Management and Accounting ",,,,,,,,,,,,,,,,,,,,,,
2504,0022-1821,0022-1821,1467-6451,Journal of Industrial Economics,Active,1996-2026; 1978-1989,,Journal,,Social Sciences,,,,,,,"Business, Management and Accounting ",,,,,,"Economics, Econometrics and Finance ",,,,,,,,,,,,,,,,
2505,,,,,,,,,,,,,,,,,,,,,,,,,,,,,,,,,,,,,,,
2506,0963-8199,0963-8199,1469-9559,Journal of International Trade and Economic Development,Active,1992-2026,,Journal,,Social Sciences,,,,,,,,,,,,,"Economics, Econometrics and Finance ",,,,,,,,,,,,,Social Sciences ,,,
2507,0022-2186,0022-2186,1537-5285,Journal of Law and Economics,Active,1996-2026; 1978-1989,,Journal,,Social Sciences,,,,,,,,,,,,,"Economics, Econometrics and Finance ",,,,,,,,,,,,,Social Sciences ,,,
2508,,,,,,,,,,,,,,,,,,,,,,,,,,,,,,,,,,,,,,,
2509,0095-4918,0095-4918,,Journal of Portfolio Management,Active,1995-2026; 1992-1993; 1988-1990; 1986,,Journal,,Social Sciences,,,,,,,"Business, Management and Accounting ",,,,,,"Economics, Econometrics and Finance ",,,,,,,,,,,,,,,,
2510,,,,,,,,,,,,,,,,,,,,,,,,,,,,,,,,,,,,,,,
2511,1096-5572,1096-5572,,Journal of Private Equity,Inactive,2006-2019; 2003; 2001,,Journal,,Social Sciences,,,,,,,,,,,,,"Economics, Econometrics and Finance ",,,,,,,,,,,,,,,,
2512,1526-5943,1526-5943,2331-2947,Journal of Risk Finance,Active,1999-2026,,Journal,,Social Sciences,,,,,,,"Business, Management and Accounting ",,,,,,"Economics, Econometrics and Finance ",,,,,,,,,,,,,,,,
2513,1753-9579,1753-9579,1753-9587,Journal of Risk Model Validation,Active,2012-2026,,Journal,,Social Sciences,Physical Sciences,,,,,,,,,,,,"Economics, Econometrics and Finance ",,,,,,Mathematics ,,,,,,,,,,
2514,1551-9783,1551-9783,2374-1325,Journal of Structured Finance,Inactive,2017-2023,,Journal,,Social Sciences,,,,,,,,,,,,,"Economics, Econometrics and Finance ",,,,,,,,,,,,,,,,
2515,,,,,,,,,,,,,,,,,,,,,,,,,,,,,,,,,,,,,,,
2516,1534-7524,1534-7524,,Journal of Wealth Management,Active,2007-2026; 2004; 1998-2001,,Journal,,Social Sciences,,,,,,,,,,,,,"Economics, Econometrics and Finance ",,,,,,,,,,,,,,,,
2517,1422-2213,1422-2213,1747-1796,Journal of World Intellectual Property,Active,2013-2026; 2002-2004,,Journal,,Social Sciences,,,,,,,,,,,,,,,,,,,,,,,,,,Social Sciences ,,,
2518,1048-9843,1048-9843,,Leadership Quarterly,Active,1990-2026,,Journal,,Social Sciences,,,,,,,"Business, Management and Accounting ",,,,,,,,,,,,,,,,,,Psychology ,Social Sciences ,,,
2519,0969-6474,0969-6474,1758-7905,Learning Organization,Active,1994-2026,,Journal,,Social Sciences,,,,,,,"Business, Management and Accounting ",,,,,,,,,,,,,,,,,,,Social Sciences ,,,
2520,0887-378X,0887-378X,1468-0009,Milbank Quarterly,Active,1986-2026,,Journal,,,,Health Sciences,,,,,,,,,,,,,,,,,,Medicine ,,,,,,,,,
2521,0026-7961,0026-7961,1468-2230,Modern Law Review,Active,2010-2026; 2004; 2001-2002; 1997-1999; 1937-1995,,Journal,,Social Sciences,,,,,,,,,,,,,,,,,,,,,,,,,,Social Sciences ,,,
2522,1062-9408,1062-9408,,North American Journal of Economics and Finance,Active,1992-2026,,Journal,,Social Sciences,,,,,,,,,,,,,"Economics, Econometrics and Finance ",,,,,,,,,,,,,,,,
2523,0951-2748,0951-2748,1470-1332,Pacific Review,Active,1988-2026,,Journal,,Social Sciences,,,,,,,,,,,,,,,,,,,,,,,,,,Social Sciences ,,,
2524,1098-3708,1098-3708,1936-4806,Quarterly Journal of Austrian Economics,Active,2006-2025; 2004; 2002; 1999,,Journal,,Social Sciences,,,,,,,,,,,,,"Economics, Econometrics and Finance ",,,,,,,,,,,,,,,,
2525,0033-5533,0033-5533,1531-4650,Quarterly Journal of Economics,Active,1886-2026,,Journal,,Social Sciences,,,,,,,,,,,,,"Economics, Econometrics and Finance ",,,,,,,,,,,,,,,,
2526,0889-3047,0889-3047,1573-7128,Review of Austrian Economics,Active,1999-2026; 1987-1997,,Journal,,Social Sciences,,,,,,,,,,,,,"Economics, Econometrics and Finance ",,,,,,,,,,,,,,,,
2527,0034-6446,0034-6446,1936-4814,Review of Black Political Economy,Active,1970-2026,,Journal,,Social Sciences,,,,,,,,,,,,,"Economics, Econometrics and Finance ",,,,,,,,,,,,,Social Sciences ,,,
2528,0034-6527,0034-6527,1467-937X,Review of Economic Studies,Active,1933-2026,,Journal,,Social Sciences,,,,,,,,,,,,,"Economics, Econometrics and Finance ",,,,,,,,,,,,,,,,
2529,0034-6535,0034-6535,1530-9142,Review of Economics and Statistics,Active,1978-2026,,Journal,,Social Sciences,,,,,,,,,,,,,"Economics, Econometrics and Finance ",,,,,,,,,,,,,Social Sciences ,,,
2530,0893-9454,0893-9454,1465-7368,Review of Financial Studies,Active,1996-2026; 1990-1991,,Journal,,Social Sciences,,,,,,,"Business, Management and Accounting ",,,,,,"Economics, Econometrics and Finance ",,,,,,,,,,,,,,,,
2531,1446-9022,2194-5993,1446-9022,Review of Network Economics,Active,2010-2026,,Journal,,Social Sciences,,,,,,,,,,,,,"Economics, Econometrics and Finance ",,,,,,,,,,,,,,,,
2532,0362-3319,0362-3319,,Social Science Journal,Active,1982-2026; 1980; 1978,,Journal,,Social Sciences,,,,,,,,,,,,,,,,,,,,,,,,,Psychology ,Social Sciences ,,,
2533,0038-0261,0038-0261,1467-954X,Sociological Review,Active,1908-2026,,Journal,,Social Sciences,,,,,,,,,,,,,,,,,,,,,,,,,,Social Sciences ,,,
2534,0082-0512,0082-0512,1444-9528,Sydney Law Review,Active,2019-2026; 2004; 2001-2002; 1999; 1990,,Journal,,Social Sciences,,,,,,,,,,,,,,,,,,,,,,,,,,Social Sciences ,,,
2535,,,,,,,,,,,,,,,,,,,,,,,,,,,,,,,,,,,,,,,
2536,1754-2731,1754-2731,1754-274X,TQM Journal,Active,2008-2026,,Journal,,Social Sciences,,,,,,,"Business, Management and Accounting ",,,,Decision Sciences ,,,,,,,,,,,,,,,,,,
2537,,,,,,,,,,,,,,,,,,,,,,,,,,,,,,,,,,,,,,,
2538,0258-6770,0258-6770,1564-698X,World Bank Economic Review,Active,1986-2026,,Journal,,Social Sciences,,,,,,,"Business, Management and Accounting ",,,,,,"Economics, Econometrics and Finance ",,,,,,,,,,,,,Social Sciences ,,,
2539,0378-5920,0378-5920,1467-9701,World Economy,Active,1977-2026,,Journal,,Social Sciences,,,,,,,"Business, Management and Accounting ",,,,,,"Economics, Econometrics and Finance ",,,,,,,,,,,,,Social Sciences ,,,
2540,0044-0094,0044-0094,,Yale Law Journal,Active,1996-2026; 1994; 1985-1991; 1983; 1981; 1977-1979; 1973-1975,,Journal,,Social Sciences,,,,,,,,,,,,,,,,,,,,,,,,,,Social Sciences ,,,
2541,,,,,,,,,,,,,,,,,,,,,,,,,,,,,,,,,,,,,,,
2542,1933-6837,1933-6837,1555-7561,Theoretical Economics,Active,2007-2026,,Journal,,Social Sciences,,,,,,,,,,,,,"Economics, Econometrics and Finance ",,,,,,,,,,,,,,,,
2543,0040-5833,0040-5833,1573-7187,Theory and Decision,Active,1970-2026,,Journal,,Social Sciences,Physical Sciences,,,,Arts and Humanities ,,,,,Computer Science ,Decision Sciences ,,"Economics, Econometrics and Finance ",,,,,,,,,,,,Psychology ,Social Sciences ,,,
2544,0040-585X,0040-585X,1095-7219,Theory of Probability and its Applications,Active,1996-2026,,Journal,,Social Sciences,Physical Sciences,,,,,,,,,,Decision Sciences ,,,,,,,,Mathematics ,,,,,,,,,,
2545,,,,,,,,,,,,,,,,,,,,,,,,,,,,,,,,,,,,,,,
2546,1360-2241,0143-6597,1360-2241,Third World Quarterly,Active,1992-2026; 1979-1990,,Journal,,Social Sciences,,,,,,,,,,,,,,,,,,,,,,,,,,Social Sciences ,,,
2547,1096-4762,1096-4762,1520-6874,Thunderbird International Business Review,Active,2004-2026; 2002; 1998-1999,,Journal,,Social Sciences,,,,,,,"Business, Management and Accounting ",,,,,,,,,,,,,,,,,,,Social Sciences ,,,
2548,1467-9663,0040-747X,1467-9663,Tijdschrift Voor Economische en Sociale Geografie,Active,1967-2026,,Journal,,Social Sciences,,,,,,,,,,,,,"Economics, Econometrics and Finance ",,,,,,,,,,,,,Social Sciences ,,,
2549,0961-463X,0961-463X,1461-7463,Time and Society,Active,1992-2026,,Journal,,Social Sciences,,,,,,,,,,,,,,,,,,,,,,,,,,Social Sciences ,,,
2550,0964-4563,0964-4563,1468-3318,Tobacco Control,Active,1995-2026; 1992-1993,,Journal,,Social Sciences,,Health Sciences,,,,,,,,,,,,,,,,,,Medicine ,,,,,,Social Sciences ,,,
2551,1134-5764,1134-5764,1863-8279,TOP,Active,2006-2026; 2003; 1993-1996,,Journal,,Social Sciences,Physical Sciences,,,,,,,,,,Decision Sciences ,,,,,,,,Mathematics ,,,,,,,,,,
2552,,,,,,,,,,,,,,,,,,,,,,,,,,,,,,,,,,,,,,,
2553,,,,,,,,,,,,,,,,,,,,,,,,,,,,,,,,,,,,,,,
2554,1478-3363,1478-3363,1478-3371,Total Quality Management and Business Excellence,Active,2003-2026,,Journal,,Social Sciences,,,,,,,"Business, Management and Accounting ",,,,,,,,,,,,,,,,,,,,,,
2555,2182-8458,2182-8458,2182-8466,Tourism and Management Studies,Active,2019-2026,,Journal,,Social Sciences,,,,,,,"Business, Management and Accounting ",,,,,,,,,,,,,,,,,,,Social Sciences ,,,
2556,1083-5423,1083-5423,1943-3999,Tourism Analysis,Active,2001-2026,,Journal,,Social Sciences,,,,,,,"Business, Management and Accounting ",,,,,,,,,,,,,,,,,,,,,,
2557,1330-7533,1330-7533,1847-3377,Tourism and Hospitality Management,Active,2013-2026,,Journal,,Social Sciences,,,,,,,"Business, Management and Accounting ",,,,,,,,,,,,,,,,,,,Social Sciences ,,,
2558,1467-3584,1467-3584,1742-9692,Tourism and Hospitality Research,Active,2004-2026; 2002,,Journal,,Social Sciences,,,,,,,"Business, Management and Accounting ",,,,,,,,,,,,,,,,,,,Social Sciences ,,,
2559,1354-8166,1354-8166,2044-0375,Tourism Economics,Active,1995-2026,,Journal,,Social Sciences,,,,,,,"Business, Management and Accounting ",,,,,,,,,,,,,,,,,,,Social Sciences ,,,
2560,1461-6688,1461-6688,1470-1340,Tourism Geographies,Active,1999-2026,,Journal,,Social Sciences,,,,,,,"Business, Management and Accounting ",,,,,,,,,,,,,,,,,,,Social Sciences ,,,
2561,1544-273X,1544-273X,,Tourism in Marine Environments,Active,2010-2026; 2006-2008,,Journal,,Social Sciences,,,,,,,"Business, Management and Accounting ",,,,,,,,,,,,,,,,,,,Social Sciences ,,,
2562,0261-5177,0261-5177,1879-3193,Tourism Management,Active,1982-2026,,Journal,,Social Sciences,,,,,,,"Business, Management and Accounting ",,,,,,,,,,,,,,,,,,,Social Sciences ,,,
2563,2211-9736,2211-9736,,Tourism Management Perspectives,Active,2012-2026,,Journal,,Social Sciences,,,,,,,"Business, Management and Accounting ",,,,,,,,,,,,,,,,,,,,,,
2564,2156-8316,2156-8316,2156-8324,Tourism Planning and Development,Active,2011-2026,,Journal,,Social Sciences,,,,,,,"Business, Management and Accounting ",,,,,,,,,,,,,,,,,,,Social Sciences ,,,
2565,0250-8281,0250-8281,2320-0308,Tourism Recreation Research,Active,1976-2026,,Journal,,Social Sciences,Physical Sciences,,,,,,"Business, Management and Accounting ",,,,,,,,,Environmental Science ,,,,,,,,,,Social Sciences ,,,
2566,1660-5373,1660-5373,1759-8451,Tourism Review,Active,2001-2026,,Journal,,Social Sciences,,,,,,,"Business, Management and Accounting ",,,,,,,,,,,,,,,,,,,Social Sciences ,,,
2567,1544-2721,1544-2721,1943-4421,Tourism Review International,Active,2016-2025; 2003,,Journal,,Social Sciences,,,,,,,"Business, Management and Accounting ",,,,,,,,,,,,,,,,,,,,,,
2568,1098-304X,1098-304X,,"Tourism, Culture and Communication",Active,2006-2026,,Journal,,Social Sciences,,,,,,,"Business, Management and Accounting ",,,,,,,,,,,,,,,,,,,Social Sciences ,,,
2569,1332-7461,1332-7461,1849-1545,Tourism,Active,2002-2026,,Journal,,Social Sciences,,,,,,,"Business, Management and Accounting ",,,,,,"Economics, Econometrics and Finance ",,,,,,,,,,,,,Social Sciences ,,,
2570,1468-7976,1468-7976,1741-3206,Tourist Studies,Active,2001-2026,,Journal,,Social Sciences,,,,,,,"Business, Management and Accounting ",,,,,,,,,,,,,,,,,,,,,,
2571,1024-2589,1024-2589,1996-7284,Transfer,Active,2010-2026; 1995-1997,,Journal,,Social Sciences,,,,,,,"Business, Management and Accounting ",,,,,,,,,,,,,,,,,,,,,,
2572,1648-4460,1648-4460,,Transformations in Business and Economics,Active,2006-2026,,Journal,,Social Sciences,,,,,,,"Business, Management and Accounting ",,,,,,"Economics, Econometrics and Finance ",,,,,,,,,,,,,Social Sciences ,,,
2573,1750-6166,1750-6166,1750-6174,"Transforming Government: People, Process and Policy",Active,2007-2026,,Journal,,Social Sciences,Physical Sciences,,,,,,,,,Computer Science ,Decision Sciences ,,,,,,,,,,,,,,,Social Sciences ,,,
2574,1918-6444,1918-6444,1925-2099,Transnational Corporations Review,Active,2009-2025,,Journal,,Social Sciences,,,,,,,"Business, Management and Accounting ",,,,,,"Economics, Econometrics and Finance ",,,,,,,,,,,,,Social Sciences ,,,
2575,0967-070X,0967-070X,1879-310X,Transport Policy,Active,1993-2026,,Journal,,Social Sciences,,,,,,,,,,,,,,,,,,,,,,,,,,Social Sciences ,,,
2576,0144-1647,0144-1647,1464-5327,Transport Reviews,Active,1981-2026,,Journal,,Social Sciences,,,,,,,,,,,,,,,,,,,,,,,,,,Social Sciences ,,,
2577,0049-4488,0049-4488,1572-9435,Transportation,Active,1972-2026,,Journal,,Social Sciences,Physical Sciences,,,,,,,,,,,,,,Engineering ,,,,,,,,,,,Social Sciences ,,,
2578,0041-1612,0041-1612,,Transportation Journal,Active,1996-2026,,Journal,,Social Sciences,,,,,,,,,,,,,,,,,,,,,,,,,,Social Sciences ,,,
2579,1942-7867,1942-7867,1942-7875,Transportation Letters,Active,2009-2026,,Journal,,Social Sciences,,,,,,,,,,,,,,,,,,,,,,,,,,Social Sciences ,,,
2580,0308-1060,0308-1060,1029-0354,Transportation Planning and Technology,Active,1972-2026,,Journal,,Social Sciences,,,,,,,,,,,,,,,,,,,,,,,,,,Social Sciences ,,,
2581,0965-8564,0965-8564,,Transportation Research Part A: Policy and Practice,Active,1992-2026,,Journal,,Social Sciences,Physical Sciences,,,,,,"Business, Management and Accounting ",,,,Decision Sciences ,,,,Engineering ,,,,,,,,,,,Social Sciences ,,,
2582,0191-2615,0191-2615,,Transportation Research Part B: Methodological,Active,1979-2026,,Journal,,Social Sciences,Physical Sciences,,,,,,,,,,,,,,Engineering ,,,,,,,,,,,Social Sciences ,,,
2583,0968-090X,0968-090X,,Transportation Research Part C: Emerging Technologies,Active,1993-2026,,Journal,,Social Sciences,Physical Sciences,,,,,,,,,,Decision Sciences ,,,,Engineering ,,,,,,,,,,,Social Sciences ,,,
2584,1361-9209,1361-9209,,Transportation Research Part D: Transport and Environment,Active,1996-2026,,Journal,,Social Sciences,Physical Sciences,,,,,,,,,,,,,,Engineering ,Environmental Science ,,,,,,,,,,Social Sciences ,,,
2585,1366-5545,1366-5545,,Transportation Research Part E: Logistics and Transportation Review,Active,1997-2026,,Journal,,Social Sciences,Physical Sciences,,,,,,"Business, Management and Accounting ",,,,,,,,Engineering ,,,,,,,,,,,Social Sciences ,,,
2586,1369-8478,1369-8478,,Transportation Research Part F: Traffic Psychology and Behaviour,Active,1998-2026,,Journal,,Social Sciences,Physical Sciences,,,,,,,,,,,,,,Engineering ,,,,,,,,,,Psychology ,Social Sciences ,,,
2587,0361-1981,0361-1981,2169-4052,Transportation Research Record,Active,1993-2026; 1974-1990,,Journal,,,Physical Sciences,,,,,,,,,,,,,,Engineering ,,,,,,,,,,,,,,
2588,0041-1655,0041-1655,1526-5447,Transportation Science,Active,1969-2026; 1967,,Journal,,Social Sciences,Physical Sciences,,,,,,,,,,,,,,Engineering ,,,,,,,,,,,Social Sciences ,,,
2589,2324-9935,2324-9935,2324-9943,Transportmetrica A: Transport Science,Active,2013-2026,,Journal,,Social Sciences,Physical Sciences,,,,,,,,,,,,,,Engineering ,,,,,,,,,,,Social Sciences ,,,
2590,2168-0566,2168-0566,2168-0582,Transportmetrica B,Active,2013-2026,,Journal,,Social Sciences,Physical Sciences,,,,,,,,,Computer Science ,,,,,,,,,Mathematics ,,,,,,,Social Sciences ,,,
2591,2214-367X,2214-367X,,Travel Behaviour and Society,Active,2014-2026,,Journal,,Social Sciences,,,,,,,,,,,,,,,,,,,,,,,,,,Social Sciences ,,,
2592,,,,,,,,,,,,,,,,,,,,,,,,,,,,,,,,,,,,,,,
2593,,,,,,,,,,,,,,,,,,,,,,,,,,,,,,,,,,,,,,,
2594,,,,,,,,,,,,,,,,,,,,,,,,,,,,,,,,,,,,,,,
2595,0041-9494,0041-9494,,University of Chicago Law Review,Active,1995-2026; 1991-1992; 1986; 1977-1978,,Journal,,Social Sciences,,,,,,,,,,,,,,,,,,,,,,,,,,Social Sciences ,,,
2596,,,,,,,,,,,,,,,,,,,,,,,,,,,,,,,,,,,,,,,
2597,0313-0096,0313-0096,1839-2881,University of New South Wales Law Journal,Active,2018-2025; 2001-2003; 1994; 1991; 1983,,Journal,,Social Sciences,,,,,Arts and Humanities ,,,,,,,,,,,,,,,,,,,,,Social Sciences ,,,
2598,,,,,,,,,,,,,,,,,,,,,,,,,,,,,,,,,,,,,,,
2599,0083-4041,0083-4041,1839-289X,University of Queensland Law Journal,Active,2021-2025,,Journal,,Social Sciences,,,,,,,,,,,,,,,,,,,,,,,,,,Social Sciences ,,,
2600,,,,,,,,,,,,,,,,,,,,,,,,,,,,,,,,,,,,,,,
2601,,,,,,,,,,,,,,,,,,,,,,,,,,,,,,,,,,,,,,,
2602,0042-0220,0042-0220,1710-1174,University of Toronto Law Journal,Active,2008-2026; 1991-1993; 1989; 1981; 1977; 1974-1975,,Journal,,Social Sciences,,,,,,,,,,,,,,,,,,,,,,,,,,Social Sciences ,,,
2603,0042-0328,0042-0328,,University of Western Australia Law Review,Active,2019-2025,,Journal,,Social Sciences,,,,,,,,,,,,,,,,,,,,,,,,,,Social Sciences ,,,
2604,,,,,,,,,,,,,,,,,,,,,,,,,,,,,,,,,,,,,,,
2605,,,,,,,,,,,,,,,,,,,,,,,,,,,,,,,,,,,,,,,
2606,1078-0874,1078-0874,1552-8332,Urban Affairs Review,Active,1965-2026,,Journal,,Social Sciences,,,,,,,,,,,,,,,,,,,,,,,,,,Social Sciences ,,,
2607,0042-0980,0042-0980,1360-063X,Urban Studies,Active,1964-2026,,Journal,,Social Sciences,Physical Sciences,,,,,,,,,,,,,,,Environmental Science ,,,,,,,,,,Social Sciences ,,,
2608,0098-1818,0098-1818,1937-4658,Monthly Labor Review,Inactive,1990-2021; 1978-1988; 1945-1949,,Journal,,Social Sciences,,,,,,,"Business, Management and Accounting ",,,,,,,,,,,,,,,,,,,,,,
2609,1098-3015,1098-3015,1524-4733,Value in Health,Active,1998-2026,,Journal,,,,Health Sciences,,,,,,,,,,,,,,,,,,Medicine ,,,,,,,,,
2610,,,,,,,,,,,,,,,,,,,,,,,,,,,,,,,,,,,,,,,
2611,,,,,,,,,,,,,,,,,,,,,,,,,,,,,,,,,,,,,,,
2612,1369-1066,1369-1066,1464-5343,Venture Capital,Active,1999-2026,,Journal,,Social Sciences,,,,,,,,,,,,,"Economics, Econometrics and Finance ",,,,,,,,,,,,,,,,
2613,1171-042X,1171-042X,1179-3082,Victoria University of Wellington Law Review,Active,2021-2025; 2006,,Journal,,Social Sciences,,,,,,,,,,,,,,,,,,,,,,,,,,Social Sciences ,,,
2614,,,,,,,,,,,,,,,,,,,,,,,,,,,,,,,,,,,,,,,
2615,,,,,,,,,,,,,,,,,,,,,,,,,,,,,,,,,,,,,,,
2616,,,,,,,,,,,,,,,,,,,,,,,,,,,,,,,,,,,,,,,
2617,2059-5891,2059-5891,2059-5905,VINE Journal of Information and Knowledge Management Systems,Active,2016-2026,,Journal,,Social Sciences,Physical Sciences,,,,,,"Business, Management and Accounting ",,,Computer Science ,,,,,,,,,,,,,,,,Social Sciences ,,,
2618,,,,,,,,,,,,,,,,,,,,,,,,,,,,,,,,,,,,,,,
2619,0972-2629,0972-2629,2249-5304,Vision,Active,2015-2026; 2007,,Journal,,Social Sciences,,,,,,,"Business, Management and Accounting ",,,,,,,,,,,,,,,,,,,,,,
2620,1064-5578,1064-5578,1934-7715,Visitor Studies,Active,2007-2025; 1992-1993; 1988-1989,,Journal,,Social Sciences,,,,,Arts and Humanities ,,"Business, Management and Accounting ",,,,,,,,,,,,,,,,,,,Social Sciences ,,,
2621,0957-8765,0957-8765,1573-7888,Voluntas,Active,1990-2026,,Journal,,Social Sciences,,,,,,,"Business, Management and Accounting ",,,,,,,,,,,,,,,,,,,Social Sciences ,,,
2622,,,,,,,,,,,,,,,,,,,,,,,,,,,,,,,,,,,,,,,
2623,,,,,,,,,,,,,,,,,,,,,,,,,,,,,,,,,,,,,,,
2624,,,,,,,,,,,,,,,,,,,,,,,,,,,,,,,,,,,,,,,
2625,0043-1397,0043-1397,1944-7973,Water Resources Research,Active,1965-2026,,Journal,,,Physical Sciences,,,,,,,,,,,,,,,Environmental Science ,,,,,,,,,,,,,
2626,0140-2382,0140-2382,1743-9655,West European Politics,Active,1978-2026,,Journal,,Social Sciences,,,,,,,,,,,,,,,,,,,,,,,,,,Social Sciences ,,,
2627,,,,,,,,,,,,,,,,,,,,,,,,,,,,,,,,,,,,,,,
2628,,,,,,,,,,,,,,,,,,,,,,,,,,,,,,,,,,,,,,,
2629,1057-0314,1057-0314,1745-1027,Western Journal of Communication,Active,1992-2026; 1800,,Journal,,Social Sciences,,,,,Arts and Humanities ,,,,,,,,,,,,,,,,,,,,,Social Sciences ,,,
2630,0267-8373,0267-8373,1464-5335,Work and Stress,Active,1987-2026,,Journal,,Social Sciences,,,,,,,,,,,,,,,,,,,,,,,,,Psychology ,,,,
2631,0730-8884,0730-8884,1552-8464,Work and Occupations,Active,1974-2026,,Journal,,Social Sciences,,,,,,,"Business, Management and Accounting ",,,,,,,,,,,,,,,,,,,Social Sciences ,,,
2632,2054-4650,,2054-4650,"Work, Aging and Retirement",Active,2015-2026,,Journal,,Social Sciences,,Health Sciences,,,,,"Business, Management and Accounting ",,,,,,"Economics, Econometrics and Finance ",,,,,,,Medicine ,,,,,,Social Sciences ,,,
2633,0950-0170,0950-0170,1469-8722,"Work, Employment and Society",Active,1987-2026,,Journal,,Social Sciences,,,,,,,"Business, Management and Accounting ",,,,,,"Economics, Econometrics and Finance ",,,,,,,,,,,,,Social Sciences ,,,
2634,0257-3032,0257-3032,1564-6971,World Bank Research Observer,Active,1986-2026,,Journal,,Social Sciences,,,,,,,,,,,,,"Economics, Econometrics and Finance ",,,,,,,,,,,,,Social Sciences ,,,
2635,1011-4548,1011-4548,1875-8436,World Competition,Active,2016-2026,,Journal,,Social Sciences,,,,,,,,,,,,,"Economics, Econometrics and Finance ",,,,,,,,,,,,,Social Sciences ,,,
2636,0305-750X,0305-750X,1873-5991,World Development,Active,1973-2026,,Journal,,Social Sciences,,,,,,,,,,,,,"Economics, Econometrics and Finance ",,,,,,,,,,,,,Social Sciences ,,,
2637,1468-1838,1468-1838,1474-3884,World Economics,Active,2019-2026,,Journal,,Social Sciences,,,,,,,,,,,,,"Economics, Econometrics and Finance ",,,,,,,,,,,,,,,,
2638,,,,,,,,,,,,,,,,,,,,,,,,,,,,,,,,,,,,,,,
2639,,,,,,,,,,,,,,,,,,,,,,,,,,,,,,,,,,,,,,,
2640,1607-8055,1607-8055,2333-4509,World Leisure Journal,Active,2000-2026,,Journal,,Social Sciences,,,,,,,"Business, Management and Accounting ",,,,,,,,,,,,,,,,,,Psychology ,Social Sciences ,,,
2641,0043-8871,0043-8871,1086-3338,World Politics,Inactive,1948-2023,,Journal,,Social Sciences,,,,,,,,,,,,,,,,,,,,,,,,,,Social Sciences ,,,
2642,1741-2242,1741-2242,1741-2234,"World Review of Science, Technology and Sustainable Development",Active,2012-2024; 2004-2010,,Journal,,,,,General,,,,,,,,,,,,,,,,,,,,,,,,,,
2643,1878-4917,1878-4917,2352-9237,World Tax Journal,Active,2019-2025,,Journal,,Social Sciences,,,,,,,"Business, Management and Accounting ",,,,,,"Economics, Econometrics and Finance ",,,,,,,,,,,,,Social Sciences ,,,
2644,1474-7456,1474-7456,1475-3138,World Trade Review,Active,2002-2026,,Journal,,Social Sciences,,,,,,,,,,,,,"Economics, Econometrics and Finance ",,,,,,,,,,,,,Social Sciences ,,,
2645,1755-4217,1755-4217,1755-4225,Worldwide Hospitality and Tourism Themes,Active,2009-2026,,Journal,,Social Sciences,Physical Sciences,,,,,,"Business, Management and Accounting ",,,,,,,,,Environmental Science ,,,,,,,,,,Social Sciences ,,,
2646,0741-0883,0741-0883,1552-8472,Written Communication,Active,1984-2026,,Journal,,Social Sciences,,,,,Arts and Humanities ,,,,,,,,,,,,,,,,,,,,,Social Sciences ,,,
2647,0741-9457,0741-9457,2376-5925,Yale Journal on Regulation,Active,2019-2025; 1998; 1994; 1991,,Journal,,Social Sciences,,,,,,,,,,,,,,,,,,,,,,,,,,Social Sciences ,,,
2648,1747-3616,1747-3616,1758-7212,Young Consumers,Active,2002-2026,,Journal,,Social Sciences,,,,,,,,,,,,,"Economics, Econometrics and Finance ",,,,,,,,,,,,,Social Sciences ,,,
2649,,,,,,,,,,,,,,,,,,,,,,,,,,,,,,,,,,,,,,,
